dataset,subject,run,cache_path,source_kind,target_kind,volume_path,target_meta_path,required_warp,all_required_files_exist,transform_files_exist,status,error,transform_count,missing_transforms,missing_core_files,ref_path,t1_path,fd_available,fd_mean,fd_p95,fd_gt_05_frac,denoise_kind,shape,spatial_shape,n_time,zooms,spatial_zooms,tr_header,affine_det,spatial_mm3,header_ok,tr_sidecar,tr_used,neurostorm_shape_path,cache_windows,sample_time_min,sample_time_max,aligned_windows,time_align_frac,latent_time_idx_min,latent_time_idx_max,time_idx_monotonic,sample_intensity_checked,sample_finite_frac,sample_nonzero_frac,sample_std,ready_for_neurostorm_metadata
Affective_music_listening_OpenNeuro_ds002725,sub-01,sub-01_ses-nosession_classicalMusic_classicalMusic_run-norun,/home/sudaxin/projects/paired_data/data/pooled_raw_schaefer100_mni_proxy_full_mask_min80/run_cache/Affective_music_listening_OpenNeuro_ds002725/sub-01_ses-nosession_classicalMusic_classicalMusic_run-norun.npz,native_bold_requires_ants_to_mni,mni_proxy_ants_schaefer100,/home/sudaxin/projects/paired_data/downloads/paired_datasets/Affective_music_listening_OpenNeuro_ds002725/sub-01/func/sub-01_task-classicalMusic_bold.nii.gz,/home/sudaxin/projects/paired_data/data/mni_schaefer100_proxy_full_denoise_work/targets/Affective_music_listening_OpenNeuro_ds002725/sub-01/f38e3f6b9badeed3/schaefer100_mni_proxy.npz,True,True,True,ok,,3,,,/home/sudaxin/projects/paired_data/data/mni_schaefer100_proxy_full_denoise_work/mni152_on_schaefer100_grid.nii.gz,/home/sudaxin/projects/paired_data/downloads/paired_datasets/Affective_music_listening_OpenNeuro_ds002725/sub-01/anat/sub-01_T1w.nii.gz,True,0.3597279191017151,0.6890669465065002,0.15053763440860216,intercept+linear_quadratic_trend+dct_highpass_128s_29cos+fd_deriv_power2+fd_spikes_0.5_50,64x64x37x930,64x64x37,930,3x3x3.75x2,3x3x3.75,2.0,-33.750000067548356,33.750000067548356,True,2.0,2.0,96x96x69->96x96x96,925,11.0,1859.0,925,1.0,5,929,True,True,1.0,0.999973606418919,312.7592468261719,True
Affective_music_listening_OpenNeuro_ds002725,sub-02,sub-02_ses-nosession_classicalMusic_classicalMusic_run-norun,/home/sudaxin/projects/paired_data/data/pooled_raw_schaefer100_mni_proxy_full_mask_min80/run_cache/Affective_music_listening_OpenNeuro_ds002725/sub-02_ses-nosession_classicalMusic_classicalMusic_run-norun.npz,native_bold_requires_ants_to_mni,mni_proxy_ants_schaefer100,/home/sudaxin/projects/paired_data/downloads/paired_datasets/Affective_music_listening_OpenNeuro_ds002725/sub-02/func/sub-02_task-classicalMusic_bold.nii.gz,/home/sudaxin/projects/paired_data/data/mni_schaefer100_proxy_full_denoise_work/targets/Affective_music_listening_OpenNeuro_ds002725/sub-02/fb2a35c9f45a12e1/schaefer100_mni_proxy.npz,True,True,True,ok,,3,,,/home/sudaxin/projects/paired_data/data/mni_schaefer100_proxy_full_denoise_work/mni152_on_schaefer100_grid.nii.gz,/home/sudaxin/projects/paired_data/downloads/paired_datasets/Affective_music_listening_OpenNeuro_ds002725/sub-02/anat/sub-02_T1w.nii.gz,True,0.31301459670066833,0.5522981882095337,0.0835117773019272,intercept+linear_quadratic_trend+dct_highpass_128s_29cos+fd_deriv_power2+fd_spikes_0.5_50,64x64x37x934,64x64x37,934,3x3x3.75x2,3x3x3.75,2.0,-33.7499999854668,33.7499999854668,True,2.0,2.0,96x96x69->96x96x96,929,11.0,1867.0,929,1.0,5,933,True,True,1.0,0.9999648085585585,319.8710021972656,True
Affective_music_listening_OpenNeuro_ds002725,sub-03,sub-03_ses-nosession_classicalMusic_classicalMusic_run-norun,/home/sudaxin/projects/paired_data/data/pooled_raw_schaefer100_mni_proxy_full_mask_min80/run_cache/Affective_music_listening_OpenNeuro_ds002725/sub-03_ses-nosession_classicalMusic_classicalMusic_run-norun.npz,native_bold_requires_ants_to_mni,mni_proxy_ants_schaefer100,/home/sudaxin/projects/paired_data/downloads/paired_datasets/Affective_music_listening_OpenNeuro_ds002725/sub-03/func/sub-03_task-classicalMusic_bold.nii.gz,/home/sudaxin/projects/paired_data/data/mni_schaefer100_proxy_full_denoise_work/targets/Affective_music_listening_OpenNeuro_ds002725/sub-03/2123280650457750/schaefer100_mni_proxy.npz,True,True,True,ok,,3,,,/home/sudaxin/projects/paired_data/data/mni_schaefer100_proxy_full_denoise_work/mni152_on_schaefer100_grid.nii.gz,/home/sudaxin/projects/paired_data/downloads/paired_datasets/Affective_music_listening_OpenNeuro_ds002725/sub-03/anat/sub-03_T1w.nii.gz,True,0.3166850805282593,0.523647129535675,0.06109324758842444,intercept+linear_quadratic_trend+dct_highpass_128s_29cos+fd_deriv_power2+fd_spikes_0.5_50,64x64x37x933,64x64x37,933,3x3x3.75x2,3x3x3.75,2.0,-33.74999916431388,33.74999916431388,True,2.0,2.0,96x96x69->96x96x96,928,11.0,1865.0,928,1.0,5,932,True,True,1.0,0.9999560106981982,330.68829345703125,True
Affective_music_listening_OpenNeuro_ds002725,sub-04,sub-04_ses-nosession_classicalMusic_classicalMusic_run-norun,/home/sudaxin/projects/paired_data/data/pooled_raw_schaefer100_mni_proxy_full_mask_min80/run_cache/Affective_music_listening_OpenNeuro_ds002725/sub-04_ses-nosession_classicalMusic_classicalMusic_run-norun.npz,native_bold_requires_ants_to_mni,mni_proxy_ants_schaefer100,/home/sudaxin/projects/paired_data/downloads/paired_datasets/Affective_music_listening_OpenNeuro_ds002725/sub-04/func/sub-04_task-classicalMusic_bold.nii.gz,/home/sudaxin/projects/paired_data/data/mni_schaefer100_proxy_full_denoise_work/targets/Affective_music_listening_OpenNeuro_ds002725/sub-04/e2f49b517d10ea60/schaefer100_mni_proxy.npz,True,True,True,ok,,3,,,/home/sudaxin/projects/paired_data/data/mni_schaefer100_proxy_full_denoise_work/mni152_on_schaefer100_grid.nii.gz,/home/sudaxin/projects/paired_data/downloads/paired_datasets/Affective_music_listening_OpenNeuro_ds002725/sub-04/anat/sub-04_T1w.nii.gz,True,0.28540030121803284,0.5853691101074219,0.08458244111349036,intercept+linear_quadratic_trend+dct_highpass_128s_29cos+fd_deriv_power2+fd_spikes_0.5_50,64x64x37x934,64x64x37,934,3x3x3.75x2,3x3x3.75,2.0,-33.750001361250646,33.750001361250646,True,2.0,2.0,96x96x69->96x96x96,929,11.0,1867.0,929,1.0,5,933,True,True,1.0,0.9999648085585585,350.6401672363281,True
Affective_music_listening_OpenNeuro_ds002725,sub-05,sub-05_ses-nosession_classicalMusic_classicalMusic_run-norun,/home/sudaxin/projects/paired_data/data/pooled_raw_schaefer100_mni_proxy_full_mask_min80/run_cache/Affective_music_listening_OpenNeuro_ds002725/sub-05_ses-nosession_classicalMusic_classicalMusic_run-norun.npz,native_bold_requires_ants_to_mni,mni_proxy_ants_schaefer100,/home/sudaxin/projects/paired_data/downloads/paired_datasets/Affective_music_listening_OpenNeuro_ds002725/sub-05/func/sub-05_task-classicalMusic_bold.nii.gz,/home/sudaxin/projects/paired_data/data/mni_schaefer100_proxy_full_denoise_work/targets/Affective_music_listening_OpenNeuro_ds002725/sub-05/b0b8c4d4386cd188/schaefer100_mni_proxy.npz,True,True,True,ok,,3,,,/home/sudaxin/projects/paired_data/data/mni_schaefer100_proxy_full_denoise_work/mni152_on_schaefer100_grid.nii.gz,/home/sudaxin/projects/paired_data/downloads/paired_datasets/Affective_music_listening_OpenNeuro_ds002725/sub-05/anat/sub-05_T1w.nii.gz,True,0.2627464532852173,0.4602249264717102,0.0417558886509636,intercept+linear_quadratic_trend+dct_highpass_128s_29cos+fd_deriv_power2+fd_spikes_0.5_39,64x64x37x934,64x64x37,934,3x3x3.75x2,3x3x3.75,2.0,-33.749997883034005,33.749997883034005,True,2.0,2.0,96x96x69->96x96x96,929,11.0,1867.0,929,1.0,5,933,True,True,1.0,0.9999912021396397,357.5830078125,True
Affective_music_listening_OpenNeuro_ds002725,sub-06,sub-06_ses-nosession_classicalMusic_classicalMusic_run-norun,/home/sudaxin/projects/paired_data/data/pooled_raw_schaefer100_mni_proxy_full_mask_min80/run_cache/Affective_music_listening_OpenNeuro_ds002725/sub-06_ses-nosession_classicalMusic_classicalMusic_run-norun.npz,native_bold_requires_ants_to_mni,mni_proxy_ants_schaefer100,/home/sudaxin/projects/paired_data/downloads/paired_datasets/Affective_music_listening_OpenNeuro_ds002725/sub-06/func/sub-06_task-classicalMusic_bold.nii.gz,/home/sudaxin/projects/paired_data/data/mni_schaefer100_proxy_full_denoise_work/targets/Affective_music_listening_OpenNeuro_ds002725/sub-06/e4850f8e2f11a24a/schaefer100_mni_proxy.npz,True,True,True,ok,,3,,,/home/sudaxin/projects/paired_data/data/mni_schaefer100_proxy_full_denoise_work/mni152_on_schaefer100_grid.nii.gz,/home/sudaxin/projects/paired_data/downloads/paired_datasets/Affective_music_listening_OpenNeuro_ds002725/sub-06/anat/sub-06_T1w.nii.gz,True,0.3770201802253723,0.9357762336730957,0.18843683083511778,intercept+linear_quadratic_trend+dct_highpass_128s_29cos+fd_deriv_power2+fd_spikes_0.5_50,64x64x37x934,64x64x37,934,3x3x3.75x2,3x3x3.75,2.0,-33.74999763970933,33.74999763970933,True,2.0,2.0,96x96x69->96x96x96,929,11.0,1867.0,929,1.0,5,933,True,True,1.0,0.9999824042792793,362.4978332519531,True
Affective_music_listening_OpenNeuro_ds002725,sub-07,sub-07_ses-nosession_classicalMusic_classicalMusic_run-norun,/home/sudaxin/projects/paired_data/data/pooled_raw_schaefer100_mni_proxy_full_mask_min80/run_cache/Affective_music_listening_OpenNeuro_ds002725/sub-07_ses-nosession_classicalMusic_classicalMusic_run-norun.npz,native_bold_requires_ants_to_mni,mni_proxy_ants_schaefer100,/home/sudaxin/projects/paired_data/downloads/paired_datasets/Affective_music_listening_OpenNeuro_ds002725/sub-07/func/sub-07_task-classicalMusic_bold.nii.gz,/home/sudaxin/projects/paired_data/data/mni_schaefer100_proxy_full_denoise_work/targets/Affective_music_listening_OpenNeuro_ds002725/sub-07/adf009403e6eef24/schaefer100_mni_proxy.npz,True,True,True,ok,,3,,,/home/sudaxin/projects/paired_data/data/mni_schaefer100_proxy_full_denoise_work/mni152_on_schaefer100_grid.nii.gz,/home/sudaxin/projects/paired_data/downloads/paired_datasets/Affective_music_listening_OpenNeuro_ds002725/sub-07/anat/sub-07_T1w.nii.gz,True,0.3828272819519043,0.8067873120307922,0.20985010706638116,intercept+linear_quadratic_trend+dct_highpass_128s_29cos+fd_deriv_power2+fd_spikes_0.5_50,64x64x37x934,64x64x37,934,3x3x3.75x2,3x3x3.75,2.0,-33.74999881435103,33.74999881435103,True,2.0,2.0,96x96x69->96x96x96,929,11.0,1867.0,929,1.0,5,933,True,True,1.0,1.0,311.80279541015625,True
Affective_music_listening_OpenNeuro_ds002725,sub-08,sub-08_ses-nosession_classicalMusic_classicalMusic_run-norun,/home/sudaxin/projects/paired_data/data/pooled_raw_schaefer100_mni_proxy_full_mask_min80/run_cache/Affective_music_listening_OpenNeuro_ds002725/sub-08_ses-nosession_classicalMusic_classicalMusic_run-norun.npz,native_bold_requires_ants_to_mni,mni_proxy_ants_schaefer100,/home/sudaxin/projects/paired_data/downloads/paired_datasets/Affective_music_listening_OpenNeuro_ds002725/sub-08/func/sub-08_task-classicalMusic_bold.nii.gz,/home/sudaxin/projects/paired_data/data/mni_schaefer100_proxy_full_denoise_work/targets/Affective_music_listening_OpenNeuro_ds002725/sub-08/aeef148cc199f600/schaefer100_mni_proxy.npz,True,True,True,ok,,3,,,/home/sudaxin/projects/paired_data/data/mni_schaefer100_proxy_full_denoise_work/mni152_on_schaefer100_grid.nii.gz,/home/sudaxin/projects/paired_data/downloads/paired_datasets/Affective_music_listening_OpenNeuro_ds002725/sub-08/anat/sub-08_T1w.nii.gz,True,0.29198336601257324,0.5326399803161621,0.06745182012847965,intercept+linear_quadratic_trend+dct_highpass_128s_29cos+fd_deriv_power2+fd_spikes_0.5_50,64x64x37x934,64x64x37,934,3x3x3.75x2,3x3x3.75,2.0,-33.74999857866962,33.74999857866962,True,2.0,2.0,96x96x69->96x96x96,929,11.0,1867.0,929,1.0,5,933,True,True,1.0,0.9999824042792793,311.58538818359375,True
Affective_music_listening_OpenNeuro_ds002725,sub-09,sub-09_ses-nosession_classicalMusic_classicalMusic_run-norun,/home/sudaxin/projects/paired_data/data/pooled_raw_schaefer100_mni_proxy_full_mask_min80/run_cache/Affective_music_listening_OpenNeuro_ds002725/sub-09_ses-nosession_classicalMusic_classicalMusic_run-norun.npz,native_bold_requires_ants_to_mni,mni_proxy_ants_schaefer100,/home/sudaxin/projects/paired_data/downloads/paired_datasets/Affective_music_listening_OpenNeuro_ds002725/sub-09/func/sub-09_task-classicalMusic_bold.nii.gz,/home/sudaxin/projects/paired_data/data/mni_schaefer100_proxy_full_denoise_work/targets/Affective_music_listening_OpenNeuro_ds002725/sub-09/9898c71e17916961/schaefer100_mni_proxy.npz,True,True,True,ok,,3,,,/home/sudaxin/projects/paired_data/data/mni_schaefer100_proxy_full_denoise_work/mni152_on_schaefer100_grid.nii.gz,/home/sudaxin/projects/paired_data/downloads/paired_datasets/Affective_music_listening_OpenNeuro_ds002725/sub-09/anat/sub-09_T1w.nii.gz,True,0.34781724214553833,0.6669113636016846,0.11884368308351177,intercept+linear_quadratic_trend+dct_highpass_128s_29cos+fd_deriv_power2+fd_spikes_0.5_50,64x64x37x934,64x64x37,934,3x3x3.75x2,3x3x3.75,2.0,-33.749999360874114,33.749999360874114,True,2.0,2.0,96x96x69->96x96x96,929,11.0,1867.0,929,1.0,5,933,True,True,1.0,0.9999824042792793,332.824951171875,True
Affective_music_listening_OpenNeuro_ds002725,sub-10,sub-10_ses-nosession_classicalMusic_classicalMusic_run-norun,/home/sudaxin/projects/paired_data/data/pooled_raw_schaefer100_mni_proxy_full_mask_min80/run_cache/Affective_music_listening_OpenNeuro_ds002725/sub-10_ses-nosession_classicalMusic_classicalMusic_run-norun.npz,native_bold_requires_ants_to_mni,mni_proxy_ants_schaefer100,/home/sudaxin/projects/paired_data/downloads/paired_datasets/Affective_music_listening_OpenNeuro_ds002725/sub-10/func/sub-10_task-classicalMusic_bold.nii.gz,/home/sudaxin/projects/paired_data/data/mni_schaefer100_proxy_full_denoise_work/targets/Affective_music_listening_OpenNeuro_ds002725/sub-10/f894023c9151191b/schaefer100_mni_proxy.npz,True,True,True,ok,,3,,,/home/sudaxin/projects/paired_data/data/mni_schaefer100_proxy_full_denoise_work/mni152_on_schaefer100_grid.nii.gz,/home/sudaxin/projects/paired_data/downloads/paired_datasets/Affective_music_listening_OpenNeuro_ds002725/sub-10/anat/sub-10_T1w.nii.gz,True,0.24091772735118866,0.47764673829078674,0.03961456102783726,intercept+linear_quadratic_trend+dct_highpass_128s_29cos+fd_deriv_power2+fd_spikes_0.5_37,64x64x37x934,64x64x37,934,3x3x3.75x2,3x3x3.75,2.0,-33.74999981362765,33.74999981362765,True,2.0,2.0,96x96x69->96x96x96,929,11.0,1867.0,929,1.0,5,933,True,True,1.0,1.0,348.94317626953125,True
Affective_music_listening_OpenNeuro_ds002725,sub-11,sub-11_ses-nosession_classicalMusic_classicalMusic_run-norun,/home/sudaxin/projects/paired_data/data/pooled_raw_schaefer100_mni_proxy_full_mask_min80/run_cache/Affective_music_listening_OpenNeuro_ds002725/sub-11_ses-nosession_classicalMusic_classicalMusic_run-norun.npz,native_bold_requires_ants_to_mni,mni_proxy_ants_schaefer100,/home/sudaxin/projects/paired_data/downloads/paired_datasets/Affective_music_listening_OpenNeuro_ds002725/sub-11/func/sub-11_task-classicalMusic_bold.nii.gz,/home/sudaxin/projects/paired_data/data/mni_schaefer100_proxy_full_denoise_work/targets/Affective_music_listening_OpenNeuro_ds002725/sub-11/20cf53d4d4492680/schaefer100_mni_proxy.npz,True,True,True,ok,,3,,,/home/sudaxin/projects/paired_data/data/mni_schaefer100_proxy_full_denoise_work/mni152_on_schaefer100_grid.nii.gz,/home/sudaxin/projects/paired_data/downloads/paired_datasets/Affective_music_listening_OpenNeuro_ds002725/sub-11/anat/sub-11_T1w.nii.gz,True,0.2910056412220001,0.54000324010849,0.0728051391862955,intercept+linear_quadratic_trend+dct_highpass_128s_29cos+fd_deriv_power2+fd_spikes_0.5_50,64x64x37x934,64x64x37,934,3x3x3.75x2,3x3x3.75,2.0,-33.749999297536164,33.749999297536164,True,2.0,2.0,96x96x69->96x96x96,929,11.0,1867.0,929,1.0,5,933,True,True,1.0,0.9999912021396397,358.6034851074219,True
Affective_music_listening_OpenNeuro_ds002725,sub-12,sub-12_ses-nosession_classicalMusic_classicalMusic_run-norun,/home/sudaxin/projects/paired_data/data/pooled_raw_schaefer100_mni_proxy_full_mask_min80/run_cache/Affective_music_listening_OpenNeuro_ds002725/sub-12_ses-nosession_classicalMusic_classicalMusic_run-norun.npz,native_bold_requires_ants_to_mni,mni_proxy_ants_schaefer100,/home/sudaxin/projects/paired_data/downloads/paired_datasets/Affective_music_listening_OpenNeuro_ds002725/sub-12/func/sub-12_task-classicalMusic_bold.nii.gz,/home/sudaxin/projects/paired_data/data/mni_schaefer100_proxy_full_denoise_work/targets/Affective_music_listening_OpenNeuro_ds002725/sub-12/0cb5a999ea38d1ed/schaefer100_mni_proxy.npz,True,True,True,ok,,3,,,/home/sudaxin/projects/paired_data/data/mni_schaefer100_proxy_full_denoise_work/mni152_on_schaefer100_grid.nii.gz,/home/sudaxin/projects/paired_data/downloads/paired_datasets/Affective_music_listening_OpenNeuro_ds002725/sub-12/anat/sub-12_T1w.nii.gz,True,0.6501579880714417,1.538198709487915,0.3533190578158458,intercept+linear_quadratic_trend+dct_highpass_128s_29cos+fd_deriv_power2+fd_spikes_0.5_50,64x64x37x934,64x64x37,934,3x3x3.75x2,3x3x3.75,2.0,-33.749998177064285,33.749998177064285,True,2.0,2.0,96x96x69->96x96x96,929,11.0,1867.0,929,1.0,5,933,True,True,1.0,1.0,356.5388488769531,True
Affective_music_listening_OpenNeuro_ds002725,sub-13,sub-13_ses-nosession_classicalMusic_classicalMusic_run-norun,/home/sudaxin/projects/paired_data/data/pooled_raw_schaefer100_mni_proxy_full_mask_min80/run_cache/Affective_music_listening_OpenNeuro_ds002725/sub-13_ses-nosession_classicalMusic_classicalMusic_run-norun.npz,native_bold_requires_ants_to_mni,mni_proxy_ants_schaefer100,/home/sudaxin/projects/paired_data/downloads/paired_datasets/Affective_music_listening_OpenNeuro_ds002725/sub-13/func/sub-13_task-classicalMusic_bold.nii.gz,/home/sudaxin/projects/paired_data/data/mni_schaefer100_proxy_full_denoise_work/targets/Affective_music_listening_OpenNeuro_ds002725/sub-13/7162902fc01d14ec/schaefer100_mni_proxy.npz,True,True,True,ok,,3,,,/home/sudaxin/projects/paired_data/data/mni_schaefer100_proxy_full_denoise_work/mni152_on_schaefer100_grid.nii.gz,/home/sudaxin/projects/paired_data/downloads/paired_datasets/Affective_music_listening_OpenNeuro_ds002725/sub-13/anat/sub-13_T1w.nii.gz,True,0.4511779546737671,0.9938594698905945,0.21199143468950749,intercept+linear_quadratic_trend+dct_highpass_128s_29cos+fd_deriv_power2+fd_spikes_0.5_50,64x64x37x934,64x64x37,934,3x3x3.75x2,3x3x3.75,2.0,-33.75000128477675,33.75000128477675,True,2.0,2.0,96x96x69->96x96x96,929,11.0,1867.0,929,1.0,5,933,True,True,1.0,0.9999912021396397,352.6199951171875,True
Affective_music_listening_OpenNeuro_ds002725,sub-14,sub-14_ses-nosession_classicalMusic_classicalMusic_run-norun,/home/sudaxin/projects/paired_data/data/pooled_raw_schaefer100_mni_proxy_full_mask_min80/run_cache/Affective_music_listening_OpenNeuro_ds002725/sub-14_ses-nosession_classicalMusic_classicalMusic_run-norun.npz,native_bold_requires_ants_to_mni,mni_proxy_ants_schaefer100,/home/sudaxin/projects/paired_data/downloads/paired_datasets/Affective_music_listening_OpenNeuro_ds002725/sub-14/func/sub-14_task-classicalMusic_bold.nii.gz,/home/sudaxin/projects/paired_data/data/mni_schaefer100_proxy_full_denoise_work/targets/Affective_music_listening_OpenNeuro_ds002725/sub-14/ca26375309edbfd3/schaefer100_mni_proxy.npz,True,True,True,ok,,3,,,/home/sudaxin/projects/paired_data/data/mni_schaefer100_proxy_full_denoise_work/mni152_on_schaefer100_grid.nii.gz,/home/sudaxin/projects/paired_data/downloads/paired_datasets/Affective_music_listening_OpenNeuro_ds002725/sub-14/anat/sub-14_T1w.nii.gz,True,0.41169074177742004,0.9010910391807556,0.19914346895074947,intercept+linear_quadratic_trend+dct_highpass_128s_29cos+fd_deriv_power2+fd_spikes_0.5_50,64x64x37x934,64x64x37,934,3x3x3.75x2,3x3x3.75,2.0,-33.749998794528025,33.749998794528025,True,2.0,2.0,96x96x69->96x96x96,929,11.0,1867.0,929,1.0,5,933,True,True,1.0,0.9999384149774775,411.3949279785156,True
Affective_music_listening_OpenNeuro_ds002725,sub-15,sub-15_ses-nosession_classicalMusic_classicalMusic_run-norun,/home/sudaxin/projects/paired_data/data/pooled_raw_schaefer100_mni_proxy_full_mask_min80/run_cache/Affective_music_listening_OpenNeuro_ds002725/sub-15_ses-nosession_classicalMusic_classicalMusic_run-norun.npz,native_bold_requires_ants_to_mni,mni_proxy_ants_schaefer100,/home/sudaxin/projects/paired_data/downloads/paired_datasets/Affective_music_listening_OpenNeuro_ds002725/sub-15/func/sub-15_task-classicalMusic_bold.nii.gz,/home/sudaxin/projects/paired_data/data/mni_schaefer100_proxy_full_denoise_work/targets/Affective_music_listening_OpenNeuro_ds002725/sub-15/8ded85527787a182/schaefer100_mni_proxy.npz,True,True,True,ok,,3,,,/home/sudaxin/projects/paired_data/data/mni_schaefer100_proxy_full_denoise_work/mni152_on_schaefer100_grid.nii.gz,/home/sudaxin/projects/paired_data/downloads/paired_datasets/Affective_music_listening_OpenNeuro_ds002725/sub-15/anat/sub-15_T1w.nii.gz,True,0.29890576004981995,0.6203312277793884,0.08458244111349036,intercept+linear_quadratic_trend+dct_highpass_128s_29cos+fd_deriv_power2+fd_spikes_0.5_50,64x64x37x934,64x64x37,934,3x3x3.75x2,3x3x3.75,2.0,-33.749999748560114,33.749999748560114,True,2.0,2.0,96x96x69->96x96x96,929,11.0,1867.0,929,1.0,5,933,True,True,1.0,0.9999912021396397,330.6416015625,True
Affective_music_listening_OpenNeuro_ds002725,sub-16,sub-16_ses-nosession_classicalMusic_classicalMusic_run-norun,/home/sudaxin/projects/paired_data/data/pooled_raw_schaefer100_mni_proxy_full_mask_min80/run_cache/Affective_music_listening_OpenNeuro_ds002725/sub-16_ses-nosession_classicalMusic_classicalMusic_run-norun.npz,native_bold_requires_ants_to_mni,mni_proxy_ants_schaefer100,/home/sudaxin/projects/paired_data/downloads/paired_datasets/Affective_music_listening_OpenNeuro_ds002725/sub-16/func/sub-16_task-classicalMusic_bold.nii.gz,/home/sudaxin/projects/paired_data/data/mni_schaefer100_proxy_full_denoise_work/targets/Affective_music_listening_OpenNeuro_ds002725/sub-16/58b4115bb13e25d0/schaefer100_mni_proxy.npz,True,True,True,ok,,3,,,/home/sudaxin/projects/paired_data/data/mni_schaefer100_proxy_full_denoise_work/mni152_on_schaefer100_grid.nii.gz,/home/sudaxin/projects/paired_data/downloads/paired_datasets/Affective_music_listening_OpenNeuro_ds002725/sub-16/anat/sub-16_T1w.nii.gz,True,0.28756192326545715,0.5473347902297974,0.06316916488222699,intercept+linear_quadratic_trend+dct_highpass_128s_29cos+fd_deriv_power2+fd_spikes_0.5_50,64x64x37x934,64x64x37,934,3x3x3.75x2,3x3x3.75,2.0,-33.750000383319815,33.750000383319815,True,2.0,2.0,96x96x69->96x96x96,929,11.0,1867.0,929,1.0,5,933,True,True,1.0,0.999973606418919,338.3964538574219,True
Affective_music_listening_OpenNeuro_ds002725,sub-17,sub-17_ses-nosession_classicalMusic_classicalMusic_run-norun,/home/sudaxin/projects/paired_data/data/pooled_raw_schaefer100_mni_proxy_full_mask_min80/run_cache/Affective_music_listening_OpenNeuro_ds002725/sub-17_ses-nosession_classicalMusic_classicalMusic_run-norun.npz,native_bold_requires_ants_to_mni,mni_proxy_ants_schaefer100,/home/sudaxin/projects/paired_data/downloads/paired_datasets/Affective_music_listening_OpenNeuro_ds002725/sub-17/func/sub-17_task-classicalMusic_bold.nii.gz,/home/sudaxin/projects/paired_data/data/mni_schaefer100_proxy_full_denoise_work/targets/Affective_music_listening_OpenNeuro_ds002725/sub-17/122c59dcd16fbe8c/schaefer100_mni_proxy.npz,True,True,True,ok,,3,,,/home/sudaxin/projects/paired_data/data/mni_schaefer100_proxy_full_denoise_work/mni152_on_schaefer100_grid.nii.gz,/home/sudaxin/projects/paired_data/downloads/paired_datasets/Affective_music_listening_OpenNeuro_ds002725/sub-17/anat/sub-17_T1w.nii.gz,True,0.28619059920310974,0.4900059401988983,0.047109207708779445,intercept+linear_quadratic_trend+dct_highpass_128s_29cos+fd_deriv_power2+fd_spikes_0.5_44,64x64x37x934,64x64x37,934,3x3x3.75x2,3x3x3.75,2.0,-33.74999947230949,33.74999947230949,True,2.0,2.0,96x96x69->96x96x96,929,11.0,1867.0,929,1.0,5,933,True,True,1.0,0.9999912021396397,365.1626892089844,True
Affective_music_listening_OpenNeuro_ds002725,sub-18,sub-18_ses-nosession_classicalMusic_classicalMusic_run-norun,/home/sudaxin/projects/paired_data/data/pooled_raw_schaefer100_mni_proxy_full_mask_min80/run_cache/Affective_music_listening_OpenNeuro_ds002725/sub-18_ses-nosession_classicalMusic_classicalMusic_run-norun.npz,native_bold_requires_ants_to_mni,mni_proxy_ants_schaefer100,/home/sudaxin/projects/paired_data/downloads/paired_datasets/Affective_music_listening_OpenNeuro_ds002725/sub-18/func/sub-18_task-classicalMusic_bold.nii.gz,/home/sudaxin/projects/paired_data/data/mni_schaefer100_proxy_full_denoise_work/targets/Affective_music_listening_OpenNeuro_ds002725/sub-18/5fbf1faf1f5ac059/schaefer100_mni_proxy.npz,True,True,True,ok,,3,,,/home/sudaxin/projects/paired_data/data/mni_schaefer100_proxy_full_denoise_work/mni152_on_schaefer100_grid.nii.gz,/home/sudaxin/projects/paired_data/downloads/paired_datasets/Affective_music_listening_OpenNeuro_ds002725/sub-18/anat/sub-18_T1w.nii.gz,True,0.2711426019668579,0.4992116093635559,0.04919786096256684,intercept+linear_quadratic_trend+dct_highpass_128s_29cos+fd_deriv_power2+fd_spikes_0.5_46,64x64x37x935,64x64x37,935,3x3x3.75x2,3x3x3.75,2.0,-33.749997559636455,33.749997559636455,True,2.0,2.0,96x96x69->96x96x96,930,11.0,1869.0,930,1.0,5,934,True,True,1.0,0.9999648085585585,352.31158447265625,True
Affective_music_listening_OpenNeuro_ds002725,sub-19,sub-19_ses-nosession_classicalMusic_classicalMusic_run-norun,/home/sudaxin/projects/paired_data/data/pooled_raw_schaefer100_mni_proxy_full_mask_min80/run_cache/Affective_music_listening_OpenNeuro_ds002725/sub-19_ses-nosession_classicalMusic_classicalMusic_run-norun.npz,native_bold_requires_ants_to_mni,mni_proxy_ants_schaefer100,/home/sudaxin/projects/paired_data/downloads/paired_datasets/Affective_music_listening_OpenNeuro_ds002725/sub-19/func/sub-19_task-classicalMusic_bold.nii.gz,/home/sudaxin/projects/paired_data/data/mni_schaefer100_proxy_full_denoise_work/targets/Affective_music_listening_OpenNeuro_ds002725/sub-19/a88c10e3514f8320/schaefer100_mni_proxy.npz,True,True,True,ok,,3,,,/home/sudaxin/projects/paired_data/data/mni_schaefer100_proxy_full_denoise_work/mni152_on_schaefer100_grid.nii.gz,/home/sudaxin/projects/paired_data/downloads/paired_datasets/Affective_music_listening_OpenNeuro_ds002725/sub-19/anat/sub-19_T1w.nii.gz,True,0.24667291343212128,0.42640629410743713,0.022483940042826552,intercept+linear_quadratic_trend+dct_highpass_128s_29cos+fd_deriv_power2+fd_spikes_0.5_21,64x64x37x934,64x64x37,934,3x3x3.75x2,3x3x3.75,2.0,-33.75000126514641,33.75000126514641,True,2.0,2.0,96x96x69->96x96x96,929,11.0,1867.0,929,1.0,5,933,True,True,1.0,0.9999824042792793,357.3940124511719,True
Affective_music_listening_OpenNeuro_ds002725,sub-20,sub-20_ses-nosession_classicalMusic_classicalMusic_run-norun,/home/sudaxin/projects/paired_data/data/pooled_raw_schaefer100_mni_proxy_full_mask_min80/run_cache/Affective_music_listening_OpenNeuro_ds002725/sub-20_ses-nosession_classicalMusic_classicalMusic_run-norun.npz,native_bold_requires_ants_to_mni,mni_proxy_ants_schaefer100,/home/sudaxin/projects/paired_data/downloads/paired_datasets/Affective_music_listening_OpenNeuro_ds002725/sub-20/func/sub-20_task-classicalMusic_bold.nii.gz,/home/sudaxin/projects/paired_data/data/mni_schaefer100_proxy_full_denoise_work/targets/Affective_music_listening_OpenNeuro_ds002725/sub-20/e1626e9fb2ad4919/schaefer100_mni_proxy.npz,True,True,True,ok,,3,,,/home/sudaxin/projects/paired_data/data/mni_schaefer100_proxy_full_denoise_work/mni152_on_schaefer100_grid.nii.gz,/home/sudaxin/projects/paired_data/downloads/paired_datasets/Affective_music_listening_OpenNeuro_ds002725/sub-20/anat/sub-20_T1w.nii.gz,True,0.5361353754997253,1.7216635942459106,0.28449197860962566,intercept+linear_quadratic_trend+dct_highpass_128s_29cos+fd_deriv_power2+fd_spikes_0.5_50,64x64x37x935,64x64x37,935,3x3x3.75x2,3x3x3.75,2.0,-33.749997223703545,33.749997223703545,True,2.0,2.0,96x96x69->96x96x96,930,11.0,1869.0,930,1.0,5,934,True,True,1.0,0.9999912021396397,338.1441650390625,True
Affective_music_listening_OpenNeuro_ds002725,sub-21,sub-21_ses-nosession_classicalMusic_classicalMusic_run-norun,/home/sudaxin/projects/paired_data/data/pooled_raw_schaefer100_mni_proxy_full_mask_min80/run_cache/Affective_music_listening_OpenNeuro_ds002725/sub-21_ses-nosession_classicalMusic_classicalMusic_run-norun.npz,native_bold_requires_ants_to_mni,mni_proxy_ants_schaefer100,/home/sudaxin/projects/paired_data/downloads/paired_datasets/Affective_music_listening_OpenNeuro_ds002725/sub-21/func/sub-21_task-classicalMusic_bold.nii.gz,/home/sudaxin/projects/paired_data/data/mni_schaefer100_proxy_full_denoise_work/targets/Affective_music_listening_OpenNeuro_ds002725/sub-21/fc5e5d77ef5d8741/schaefer100_mni_proxy.npz,True,True,True,ok,,3,,,/home/sudaxin/projects/paired_data/data/mni_schaefer100_proxy_full_denoise_work/mni152_on_schaefer100_grid.nii.gz,/home/sudaxin/projects/paired_data/downloads/paired_datasets/Affective_music_listening_OpenNeuro_ds002725/sub-21/anat/sub-21_T1w.nii.gz,True,0.2786550521850586,0.4805884063243866,0.047109207708779445,intercept+linear_quadratic_trend+dct_highpass_128s_29cos+fd_deriv_power2+fd_spikes_0.5_44,64x64x37x934,64x64x37,934,3x3x3.75x2,3x3x3.75,2.0,-33.75000154412651,33.75000154412651,True,2.0,2.0,96x96x69->96x96x96,929,11.0,1867.0,929,1.0,5,933,True,True,1.0,0.9999208192567568,373.9181823730469,True
Motor_imagery_neurofeedback_XP2_OpenNeuro_ds002338,sub-xp201,sub-xp201_ses-nosession_1dNF_1dNF_run-01,/home/sudaxin/projects/paired_data/data/pooled_raw_schaefer100_mni_proxy_full_mask_min80/run_cache/Motor_imagery_neurofeedback_XP2_OpenNeuro_ds002338/sub-xp201_ses-nosession_1dNF_1dNF_run-01.npz,native_bold_requires_ants_to_mni,mni_proxy_ants_schaefer100,/home/sudaxin/projects/paired_data/downloads/paired_datasets/Motor_imagery_neurofeedback_XP2_OpenNeuro_ds002338/sub-xp201/func/sub-xp201_task-1dNF_run-01_bold.nii.gz,/home/sudaxin/projects/paired_data/data/mni_schaefer100_proxy_full_denoise_work/targets/Motor_imagery_neurofeedback_XP2_OpenNeuro_ds002338/sub-xp201/a9fdb37d32b2f633/schaefer100_mni_proxy.npz,True,True,True,ok,,3,,,/home/sudaxin/projects/paired_data/data/mni_schaefer100_proxy_full_denoise_work/mni152_on_schaefer100_grid.nii.gz,/home/sudaxin/projects/paired_data/downloads/paired_datasets/Motor_imagery_neurofeedback_XP2_OpenNeuro_ds002338/sub-xp201/anat/sub-xp201_T1w.nii.gz,True,0.37687116861343384,0.7264178395271301,0.21385542168674698,intercept+linear_quadratic_trend+dct_highpass_128s_5cos+fd_deriv_power2+fd_spikes_0.5_50,106x106x16x332,106x106x16,332,1.981x1.981x4x1,1.981x1.981x4,1.0,-15.699537168933967,15.699537168933967,True,1.0,1.0,105x105x32->96x96x96,322,10.5,331.5,322,1.0,10,331,True,True,1.0,0.9629629629629629,302.75115966796875,True
Motor_imagery_neurofeedback_XP2_OpenNeuro_ds002338,sub-xp202,sub-xp202_ses-nosession_1dNF_1dNF_run-01,/home/sudaxin/projects/paired_data/data/pooled_raw_schaefer100_mni_proxy_full_mask_min80/run_cache/Motor_imagery_neurofeedback_XP2_OpenNeuro_ds002338/sub-xp202_ses-nosession_1dNF_1dNF_run-01.npz,native_bold_requires_ants_to_mni,mni_proxy_ants_schaefer100,/home/sudaxin/projects/paired_data/downloads/paired_datasets/Motor_imagery_neurofeedback_XP2_OpenNeuro_ds002338/sub-xp202/func/sub-xp202_task-1dNF_run-01_bold.nii.gz,/home/sudaxin/projects/paired_data/data/mni_schaefer100_proxy_full_denoise_work/targets/Motor_imagery_neurofeedback_XP2_OpenNeuro_ds002338/sub-xp202/b7dcc46fe352ee22/schaefer100_mni_proxy.npz,True,True,True,ok,,3,,,/home/sudaxin/projects/paired_data/data/mni_schaefer100_proxy_full_denoise_work/mni152_on_schaefer100_grid.nii.gz,/home/sudaxin/projects/paired_data/downloads/paired_datasets/Motor_imagery_neurofeedback_XP2_OpenNeuro_ds002338/sub-xp202/anat/sub-xp202_T1w.nii.gz,True,0.28767141699790955,0.5498974919319153,0.0783132530120482,intercept+linear_quadratic_trend+dct_highpass_128s_5cos+fd_deriv_power2+fd_spikes_0.5_26,106x106x16x332,106x106x16,332,1.981x1.981x4x1,1.981x1.981x4,1.0,-15.699537435106196,15.699537435106196,True,1.0,1.0,105x105x32->96x96x96,322,10.5,331.5,322,1.0,10,331,True,True,1.0,0.9627914951989026,284.3638916015625,True
Motor_imagery_neurofeedback_XP2_OpenNeuro_ds002338,sub-xp203,sub-xp203_ses-nosession_1dNF_1dNF_run-01,/home/sudaxin/projects/paired_data/data/pooled_raw_schaefer100_mni_proxy_full_mask_min80/run_cache/Motor_imagery_neurofeedback_XP2_OpenNeuro_ds002338/sub-xp203_ses-nosession_1dNF_1dNF_run-01.npz,native_bold_requires_ants_to_mni,mni_proxy_ants_schaefer100,/home/sudaxin/projects/paired_data/downloads/paired_datasets/Motor_imagery_neurofeedback_XP2_OpenNeuro_ds002338/sub-xp203/func/sub-xp203_task-1dNF_run-01_bold.nii.gz,/home/sudaxin/projects/paired_data/data/mni_schaefer100_proxy_full_denoise_work/targets/Motor_imagery_neurofeedback_XP2_OpenNeuro_ds002338/sub-xp203/707f80c810b86c28/schaefer100_mni_proxy.npz,True,True,True,ok,,3,,,/home/sudaxin/projects/paired_data/data/mni_schaefer100_proxy_full_denoise_work/mni152_on_schaefer100_grid.nii.gz,/home/sudaxin/projects/paired_data/downloads/paired_datasets/Motor_imagery_neurofeedback_XP2_OpenNeuro_ds002338/sub-xp203/anat/sub-xp203_T1w.nii.gz,True,0.3982354700565338,0.8231950998306274,0.21084337349397592,intercept+linear_quadratic_trend+dct_highpass_128s_5cos+fd_deriv_power2+fd_spikes_0.5_50,106x106x16x332,106x106x16,332,1.981x1.981x4x1,1.981x1.981x4,1.0,-15.69953719184973,15.69953719184973,True,1.0,1.0,105x105x32->96x96x96,322,10.5,331.5,322,1.0,10,331,True,True,1.0,0.9629629629629629,295.97021484375,True
Motor_imagery_neurofeedback_XP2_OpenNeuro_ds002338,sub-xp204,sub-xp204_ses-nosession_2dNF_2dNF_run-01,/home/sudaxin/projects/paired_data/data/pooled_raw_schaefer100_mni_proxy_full_mask_min80/run_cache/Motor_imagery_neurofeedback_XP2_OpenNeuro_ds002338/sub-xp204_ses-nosession_2dNF_2dNF_run-01.npz,native_bold_requires_ants_to_mni,mni_proxy_ants_schaefer100,/home/sudaxin/projects/paired_data/downloads/paired_datasets/Motor_imagery_neurofeedback_XP2_OpenNeuro_ds002338/sub-xp204/func/sub-xp204_task-2dNF_run-01_bold.nii.gz,/home/sudaxin/projects/paired_data/data/mni_schaefer100_proxy_full_denoise_work/targets/Motor_imagery_neurofeedback_XP2_OpenNeuro_ds002338/sub-xp204/4550e41e9162ba9b/schaefer100_mni_proxy.npz,True,True,True,ok,,3,,,/home/sudaxin/projects/paired_data/data/mni_schaefer100_proxy_full_denoise_work/mni152_on_schaefer100_grid.nii.gz,/home/sudaxin/projects/paired_data/downloads/paired_datasets/Motor_imagery_neurofeedback_XP2_OpenNeuro_ds002338/sub-xp204/anat/sub-xp204_T1w.nii.gz,True,0.445085734128952,0.8775894641876221,0.2891566265060241,intercept+linear_quadratic_trend+dct_highpass_128s_5cos+fd_deriv_power2+fd_spikes_0.5_50,106x106x16x332,106x106x16,332,1.981x1.981x4x1,1.981x1.981x4,1.0,-15.699535920683422,15.699535920683422,True,1.0,1.0,105x105x32->96x96x96,322,10.5,331.5,322,1.0,10,331,True,True,1.0,0.9629343850022862,284.63336181640625,True
Motor_imagery_neurofeedback_XP2_OpenNeuro_ds002338,sub-xp205,sub-xp205_ses-nosession_2dNF_2dNF_run-01,/home/sudaxin/projects/paired_data/data/pooled_raw_schaefer100_mni_proxy_full_mask_min80/run_cache/Motor_imagery_neurofeedback_XP2_OpenNeuro_ds002338/sub-xp205_ses-nosession_2dNF_2dNF_run-01.npz,native_bold_requires_ants_to_mni,mni_proxy_ants_schaefer100,/home/sudaxin/projects/paired_data/downloads/paired_datasets/Motor_imagery_neurofeedback_XP2_OpenNeuro_ds002338/sub-xp205/func/sub-xp205_task-2dNF_run-01_bold.nii.gz,/home/sudaxin/projects/paired_data/data/mni_schaefer100_proxy_full_denoise_work/targets/Motor_imagery_neurofeedback_XP2_OpenNeuro_ds002338/sub-xp205/9afd35004a3d252d/schaefer100_mni_proxy.npz,True,True,True,ok,,3,,,/home/sudaxin/projects/paired_data/data/mni_schaefer100_proxy_full_denoise_work/mni152_on_schaefer100_grid.nii.gz,/home/sudaxin/projects/paired_data/downloads/paired_datasets/Motor_imagery_neurofeedback_XP2_OpenNeuro_ds002338/sub-xp205/anat/sub-xp205_T1w.nii.gz,True,0.33032774925231934,0.59230637550354,0.14759036144578314,intercept+linear_quadratic_trend+dct_highpass_128s_5cos+fd_deriv_power2+fd_spikes_0.5_49,106x106x16x332,106x106x16,332,1.981x1.981x4x1,1.981x1.981x4,1.0,-15.69953583983193,15.69953583983193,True,1.0,1.0,105x105x32->96x96x96,322,10.5,331.5,322,1.0,10,331,True,True,1.0,0.9629629629629629,308.9054260253906,True
Motor_imagery_neurofeedback_XP2_OpenNeuro_ds002338,sub-xp206,sub-xp206_ses-nosession_1dNF_1dNF_run-01,/home/sudaxin/projects/paired_data/data/pooled_raw_schaefer100_mni_proxy_full_mask_min80/run_cache/Motor_imagery_neurofeedback_XP2_OpenNeuro_ds002338/sub-xp206_ses-nosession_1dNF_1dNF_run-01.npz,native_bold_requires_ants_to_mni,mni_proxy_ants_schaefer100,/home/sudaxin/projects/paired_data/downloads/paired_datasets/Motor_imagery_neurofeedback_XP2_OpenNeuro_ds002338/sub-xp206/func/sub-xp206_task-1dNF_run-01_bold.nii.gz,/home/sudaxin/projects/paired_data/data/mni_schaefer100_proxy_full_denoise_work/targets/Motor_imagery_neurofeedback_XP2_OpenNeuro_ds002338/sub-xp206/86caa7fba632027d/schaefer100_mni_proxy.npz,True,True,True,ok,,3,,,/home/sudaxin/projects/paired_data/data/mni_schaefer100_proxy_full_denoise_work/mni152_on_schaefer100_grid.nii.gz,/home/sudaxin/projects/paired_data/downloads/paired_datasets/Motor_imagery_neurofeedback_XP2_OpenNeuro_ds002338/sub-xp206/anat/sub-xp206_T1w.nii.gz,True,0.3597222864627838,0.7850028276443481,0.14759036144578314,intercept+linear_quadratic_trend+dct_highpass_128s_5cos+fd_deriv_power2+fd_spikes_0.5_49,106x106x16x332,106x106x16,332,1.981x1.981x4x1,1.981x1.981x4,1.0,-15.699537152760403,15.699537152760403,True,1.0,1.0,105x105x32->96x96x96,322,10.5,331.5,322,1.0,10,331,True,True,1.0,0.9629629629629629,305.7567443847656,True
Motor_imagery_neurofeedback_XP2_OpenNeuro_ds002338,sub-xp207,sub-xp207_ses-nosession_2dNF_2dNF_run-01,/home/sudaxin/projects/paired_data/data/pooled_raw_schaefer100_mni_proxy_full_mask_min80/run_cache/Motor_imagery_neurofeedback_XP2_OpenNeuro_ds002338/sub-xp207_ses-nosession_2dNF_2dNF_run-01.npz,native_bold_requires_ants_to_mni,mni_proxy_ants_schaefer100,/home/sudaxin/projects/paired_data/downloads/paired_datasets/Motor_imagery_neurofeedback_XP2_OpenNeuro_ds002338/sub-xp207/func/sub-xp207_task-2dNF_run-01_bold.nii.gz,/home/sudaxin/projects/paired_data/data/mni_schaefer100_proxy_full_denoise_work/targets/Motor_imagery_neurofeedback_XP2_OpenNeuro_ds002338/sub-xp207/da0f034eb655ef2a/schaefer100_mni_proxy.npz,True,True,True,ok,,3,,,/home/sudaxin/projects/paired_data/data/mni_schaefer100_proxy_full_denoise_work/mni152_on_schaefer100_grid.nii.gz,/home/sudaxin/projects/paired_data/downloads/paired_datasets/Motor_imagery_neurofeedback_XP2_OpenNeuro_ds002338/sub-xp207/anat/sub-xp207_T1w.nii.gz,True,0.3274630606174469,0.6212072372436523,0.12650602409638553,intercept+linear_quadratic_trend+dct_highpass_128s_5cos+fd_deriv_power2+fd_spikes_0.5_42,106x106x16x332,106x106x16,332,1.981x1.981x4x1,1.981x1.981x4,1.0,-15.69953637577853,15.69953637577853,True,1.0,1.0,105x105x32->96x96x96,322,10.5,331.5,322,1.0,10,331,True,True,1.0,0.9629629629629629,306.87359619140625,True
Motor_imagery_neurofeedback_XP2_OpenNeuro_ds002338,sub-xp210,sub-xp210_ses-nosession_2dNF_2dNF_run-01,/home/sudaxin/projects/paired_data/data/pooled_raw_schaefer100_mni_proxy_full_mask_min80/run_cache/Motor_imagery_neurofeedback_XP2_OpenNeuro_ds002338/sub-xp210_ses-nosession_2dNF_2dNF_run-01.npz,native_bold_requires_ants_to_mni,mni_proxy_ants_schaefer100,/home/sudaxin/projects/paired_data/downloads/paired_datasets/Motor_imagery_neurofeedback_XP2_OpenNeuro_ds002338/sub-xp210/func/sub-xp210_task-2dNF_run-01_bold.nii.gz,/home/sudaxin/projects/paired_data/data/mni_schaefer100_proxy_full_denoise_work/targets/Motor_imagery_neurofeedback_XP2_OpenNeuro_ds002338/sub-xp210/eb1b934f6ee15716/schaefer100_mni_proxy.npz,True,True,True,ok,,3,,,/home/sudaxin/projects/paired_data/data/mni_schaefer100_proxy_full_denoise_work/mni152_on_schaefer100_grid.nii.gz,/home/sudaxin/projects/paired_data/downloads/paired_datasets/Motor_imagery_neurofeedback_XP2_OpenNeuro_ds002338/sub-xp210/anat/sub-xp210_T1w.nii.gz,True,0.34604600071907043,0.6641517877578735,0.1536144578313253,intercept+linear_quadratic_trend+dct_highpass_128s_5cos+fd_deriv_power2+fd_spikes_0.5_50,106x106x16x332,106x106x16,332,1.981x1.981x4x1,1.981x1.981x4,1.0,-15.699534733595744,15.699534733595744,True,1.0,1.0,105x105x32->96x96x96,322,10.5,331.5,322,1.0,10,331,True,True,1.0,0.9628486511202561,300.3452453613281,True
Motor_imagery_neurofeedback_XP2_OpenNeuro_ds002338,sub-xp211,sub-xp211_ses-nosession_1dNF_1dNF_run-01,/home/sudaxin/projects/paired_data/data/pooled_raw_schaefer100_mni_proxy_full_mask_min80/run_cache/Motor_imagery_neurofeedback_XP2_OpenNeuro_ds002338/sub-xp211_ses-nosession_1dNF_1dNF_run-01.npz,native_bold_requires_ants_to_mni,mni_proxy_ants_schaefer100,/home/sudaxin/projects/paired_data/downloads/paired_datasets/Motor_imagery_neurofeedback_XP2_OpenNeuro_ds002338/sub-xp211/func/sub-xp211_task-1dNF_run-01_bold.nii.gz,/home/sudaxin/projects/paired_data/data/mni_schaefer100_proxy_full_denoise_work/targets/Motor_imagery_neurofeedback_XP2_OpenNeuro_ds002338/sub-xp211/a23dba5d6eff1539/schaefer100_mni_proxy.npz,True,True,True,ok,,3,,,/home/sudaxin/projects/paired_data/data/mni_schaefer100_proxy_full_denoise_work/mni152_on_schaefer100_grid.nii.gz,/home/sudaxin/projects/paired_data/downloads/paired_datasets/Motor_imagery_neurofeedback_XP2_OpenNeuro_ds002338/sub-xp211/anat/sub-xp211_T1w.nii.gz,True,0.3142422139644623,0.5692660808563232,0.09939759036144578,intercept+linear_quadratic_trend+dct_highpass_128s_5cos+fd_deriv_power2+fd_spikes_0.5_33,106x106x16x332,106x106x16,332,1.981x1.981x4x1,1.981x1.981x4,1.0,-15.699534317697623,15.699534317697623,True,1.0,1.0,105x105x32->96x96x96,322,10.5,331.5,322,1.0,10,331,True,True,1.0,0.9629629629629629,298.0196838378906,True
Motor_imagery_neurofeedback_XP2_OpenNeuro_ds002338,sub-xp213,sub-xp213_ses-nosession_2dNF_2dNF_run-01,/home/sudaxin/projects/paired_data/data/pooled_raw_schaefer100_mni_proxy_full_mask_min80/run_cache/Motor_imagery_neurofeedback_XP2_OpenNeuro_ds002338/sub-xp213_ses-nosession_2dNF_2dNF_run-01.npz,native_bold_requires_ants_to_mni,mni_proxy_ants_schaefer100,/home/sudaxin/projects/paired_data/downloads/paired_datasets/Motor_imagery_neurofeedback_XP2_OpenNeuro_ds002338/sub-xp213/func/sub-xp213_task-2dNF_run-01_bold.nii.gz,/home/sudaxin/projects/paired_data/data/mni_schaefer100_proxy_full_denoise_work/targets/Motor_imagery_neurofeedback_XP2_OpenNeuro_ds002338/sub-xp213/25ec085ce43370d6/schaefer100_mni_proxy.npz,True,True,True,ok,,3,,,/home/sudaxin/projects/paired_data/data/mni_schaefer100_proxy_full_denoise_work/mni152_on_schaefer100_grid.nii.gz,/home/sudaxin/projects/paired_data/downloads/paired_datasets/Motor_imagery_neurofeedback_XP2_OpenNeuro_ds002338/sub-xp213/anat/sub-xp213_T1w.nii.gz,True,0.28303223848342896,0.5104769468307495,0.060240963855421686,intercept+linear_quadratic_trend+dct_highpass_128s_5cos+fd_deriv_power2+fd_spikes_0.5_20,106x106x16x332,106x106x16,332,1.981x1.981x4x1,1.981x1.981x4,1.0,-15.699535790073613,15.699535790073613,True,1.0,1.0,105x105x32->96x96x96,322,10.5,331.5,322,1.0,10,331,True,True,1.0,0.9629058070416096,308.809814453125,True
Motor_imagery_neurofeedback_XP2_OpenNeuro_ds002338,sub-xp216,sub-xp216_ses-nosession_2dNF_2dNF_run-01,/home/sudaxin/projects/paired_data/data/pooled_raw_schaefer100_mni_proxy_full_mask_min80/run_cache/Motor_imagery_neurofeedback_XP2_OpenNeuro_ds002338/sub-xp216_ses-nosession_2dNF_2dNF_run-01.npz,native_bold_requires_ants_to_mni,mni_proxy_ants_schaefer100,/home/sudaxin/projects/paired_data/downloads/paired_datasets/Motor_imagery_neurofeedback_XP2_OpenNeuro_ds002338/sub-xp216/func/sub-xp216_task-2dNF_run-01_bold.nii.gz,/home/sudaxin/projects/paired_data/data/mni_schaefer100_proxy_full_denoise_work/targets/Motor_imagery_neurofeedback_XP2_OpenNeuro_ds002338/sub-xp216/16e4a100517c09b5/schaefer100_mni_proxy.npz,True,True,True,ok,,3,,,/home/sudaxin/projects/paired_data/data/mni_schaefer100_proxy_full_denoise_work/mni152_on_schaefer100_grid.nii.gz,/home/sudaxin/projects/paired_data/downloads/paired_datasets/Motor_imagery_neurofeedback_XP2_OpenNeuro_ds002338/sub-xp216/anat/sub-xp216_T1w.nii.gz,True,0.3102244734764099,0.5571290254592896,0.07530120481927711,intercept+linear_quadratic_trend+dct_highpass_128s_5cos+fd_deriv_power2+fd_spikes_0.5_25,106x106x16x332,106x106x16,332,1.981x1.981x4x1,1.981x1.981x4,1.0,-15.699535390321545,15.699535390321545,True,1.0,1.0,105x105x32->96x96x96,322,10.5,331.5,322,1.0,10,331,True,True,1.0,0.9628772290809328,295.6053466796875,True
Motor_imagery_neurofeedback_XP2_OpenNeuro_ds002338,sub-xp217,sub-xp217_ses-nosession_2dNF_2dNF_run-01,/home/sudaxin/projects/paired_data/data/pooled_raw_schaefer100_mni_proxy_full_mask_min80/run_cache/Motor_imagery_neurofeedback_XP2_OpenNeuro_ds002338/sub-xp217_ses-nosession_2dNF_2dNF_run-01.npz,native_bold_requires_ants_to_mni,mni_proxy_ants_schaefer100,/home/sudaxin/projects/paired_data/downloads/paired_datasets/Motor_imagery_neurofeedback_XP2_OpenNeuro_ds002338/sub-xp217/func/sub-xp217_task-2dNF_run-01_bold.nii.gz,/home/sudaxin/projects/paired_data/data/mni_schaefer100_proxy_full_denoise_work/targets/Motor_imagery_neurofeedback_XP2_OpenNeuro_ds002338/sub-xp217/7b8c6216794a57a1/schaefer100_mni_proxy.npz,True,True,True,ok,,3,,,/home/sudaxin/projects/paired_data/data/mni_schaefer100_proxy_full_denoise_work/mni152_on_schaefer100_grid.nii.gz,/home/sudaxin/projects/paired_data/downloads/paired_datasets/Motor_imagery_neurofeedback_XP2_OpenNeuro_ds002338/sub-xp217/anat/sub-xp217_T1w.nii.gz,True,0.298120379447937,0.5219017267227173,0.07228915662650602,intercept+linear_quadratic_trend+dct_highpass_128s_5cos+fd_deriv_power2+fd_spikes_0.5_24,106x106x16x332,106x106x16,332,1.981x1.981x4x1,1.981x1.981x4,1.0,-15.699538843689867,15.699538843689867,True,1.0,1.0,105x105x32->96x96x96,322,10.5,331.5,322,1.0,10,331,True,True,1.0,0.9629343850022862,335.4296569824219,True
Motor_imagery_neurofeedback_XP2_OpenNeuro_ds002338,sub-xp218,sub-xp218_ses-nosession_1dNF_1dNF_run-01,/home/sudaxin/projects/paired_data/data/pooled_raw_schaefer100_mni_proxy_full_mask_min80/run_cache/Motor_imagery_neurofeedback_XP2_OpenNeuro_ds002338/sub-xp218_ses-nosession_1dNF_1dNF_run-01.npz,native_bold_requires_ants_to_mni,mni_proxy_ants_schaefer100,/home/sudaxin/projects/paired_data/downloads/paired_datasets/Motor_imagery_neurofeedback_XP2_OpenNeuro_ds002338/sub-xp218/func/sub-xp218_task-1dNF_run-01_bold.nii.gz,/home/sudaxin/projects/paired_data/data/mni_schaefer100_proxy_full_denoise_work/targets/Motor_imagery_neurofeedback_XP2_OpenNeuro_ds002338/sub-xp218/c60a8c5e05aff771/schaefer100_mni_proxy.npz,True,True,True,ok,,3,,,/home/sudaxin/projects/paired_data/data/mni_schaefer100_proxy_full_denoise_work/mni152_on_schaefer100_grid.nii.gz,/home/sudaxin/projects/paired_data/downloads/paired_datasets/Motor_imagery_neurofeedback_XP2_OpenNeuro_ds002338/sub-xp218/anat/sub-xp218_T1w.nii.gz,True,0.39364200830459595,0.839448869228363,0.22289156626506024,intercept+linear_quadratic_trend+dct_highpass_128s_5cos+fd_deriv_power2+fd_spikes_0.5_50,106x106x16x332,106x106x16,332,1.981x1.981x4x1,1.981x1.981x4,1.0,-15.69953655225092,15.69953655225092,True,1.0,1.0,105x105x32->96x96x96,322,10.5,331.5,322,1.0,10,331,True,True,1.0,0.9629343850022862,294.83319091796875,True
Motor_imagery_neurofeedback_XP2_OpenNeuro_ds002338,sub-xp219,sub-xp219_ses-nosession_1dNF_1dNF_run-01,/home/sudaxin/projects/paired_data/data/pooled_raw_schaefer100_mni_proxy_full_mask_min80/run_cache/Motor_imagery_neurofeedback_XP2_OpenNeuro_ds002338/sub-xp219_ses-nosession_1dNF_1dNF_run-01.npz,native_bold_requires_ants_to_mni,mni_proxy_ants_schaefer100,/home/sudaxin/projects/paired_data/downloads/paired_datasets/Motor_imagery_neurofeedback_XP2_OpenNeuro_ds002338/sub-xp219/func/sub-xp219_task-1dNF_run-01_bold.nii.gz,/home/sudaxin/projects/paired_data/data/mni_schaefer100_proxy_full_denoise_work/targets/Motor_imagery_neurofeedback_XP2_OpenNeuro_ds002338/sub-xp219/2c7e1f8f52bc4fba/schaefer100_mni_proxy.npz,True,True,True,ok,,3,,,/home/sudaxin/projects/paired_data/data/mni_schaefer100_proxy_full_denoise_work/mni152_on_schaefer100_grid.nii.gz,/home/sudaxin/projects/paired_data/downloads/paired_datasets/Motor_imagery_neurofeedback_XP2_OpenNeuro_ds002338/sub-xp219/anat/sub-xp219_T1w.nii.gz,True,0.40570366382598877,0.8553551435470581,0.23795180722891565,intercept+linear_quadratic_trend+dct_highpass_128s_5cos+fd_deriv_power2+fd_spikes_0.5_50,106x106x16x332,106x106x16,332,1.981x1.981x4x1,1.981x1.981x4,1.0,-15.699537861572214,15.699537861572214,True,1.0,1.0,105x105x32->96x96x96,322,10.5,331.5,322,1.0,10,331,True,True,1.0,0.9629629629629629,302.2142028808594,True
Motor_imagery_neurofeedback_XP2_OpenNeuro_ds002338,sub-xp220,sub-xp220_ses-nosession_1dNF_1dNF_run-01,/home/sudaxin/projects/paired_data/data/pooled_raw_schaefer100_mni_proxy_full_mask_min80/run_cache/Motor_imagery_neurofeedback_XP2_OpenNeuro_ds002338/sub-xp220_ses-nosession_1dNF_1dNF_run-01.npz,native_bold_requires_ants_to_mni,mni_proxy_ants_schaefer100,/home/sudaxin/projects/paired_data/downloads/paired_datasets/Motor_imagery_neurofeedback_XP2_OpenNeuro_ds002338/sub-xp220/func/sub-xp220_task-1dNF_run-01_bold.nii.gz,/home/sudaxin/projects/paired_data/data/mni_schaefer100_proxy_full_denoise_work/targets/Motor_imagery_neurofeedback_XP2_OpenNeuro_ds002338/sub-xp220/b39226dc42cc943e/schaefer100_mni_proxy.npz,True,True,True,ok,,3,,,/home/sudaxin/projects/paired_data/data/mni_schaefer100_proxy_full_denoise_work/mni152_on_schaefer100_grid.nii.gz,/home/sudaxin/projects/paired_data/downloads/paired_datasets/Motor_imagery_neurofeedback_XP2_OpenNeuro_ds002338/sub-xp220/anat/sub-xp220_T1w.nii.gz,True,0.32377174496650696,0.6144338846206665,0.12048192771084337,intercept+linear_quadratic_trend+dct_highpass_128s_5cos+fd_deriv_power2+fd_spikes_0.5_40,106x106x16x332,106x106x16,332,1.981x1.981x4x1,1.981x1.981x4,1.0,-15.699536247999541,15.699536247999541,True,1.0,1.0,105x105x32->96x96x96,322,10.5,331.5,322,1.0,10,331,True,True,1.0,0.9629629629629629,301.9928894042969,True
Motor_imagery_neurofeedback_XP2_OpenNeuro_ds002338,sub-xp221,sub-xp221_ses-nosession_2dNF_2dNF_run-01,/home/sudaxin/projects/paired_data/data/pooled_raw_schaefer100_mni_proxy_full_mask_min80/run_cache/Motor_imagery_neurofeedback_XP2_OpenNeuro_ds002338/sub-xp221_ses-nosession_2dNF_2dNF_run-01.npz,native_bold_requires_ants_to_mni,mni_proxy_ants_schaefer100,/home/sudaxin/projects/paired_data/downloads/paired_datasets/Motor_imagery_neurofeedback_XP2_OpenNeuro_ds002338/sub-xp221/func/sub-xp221_task-2dNF_run-01_bold.nii.gz,/home/sudaxin/projects/paired_data/data/mni_schaefer100_proxy_full_denoise_work/targets/Motor_imagery_neurofeedback_XP2_OpenNeuro_ds002338/sub-xp221/cb9b552848de6c5d/schaefer100_mni_proxy.npz,True,True,True,ok,,3,,,/home/sudaxin/projects/paired_data/data/mni_schaefer100_proxy_full_denoise_work/mni152_on_schaefer100_grid.nii.gz,/home/sudaxin/projects/paired_data/downloads/paired_datasets/Motor_imagery_neurofeedback_XP2_OpenNeuro_ds002338/sub-xp221/anat/sub-xp221_T1w.nii.gz,True,0.36204060912132263,0.732598602771759,0.1897590361445783,intercept+linear_quadratic_trend+dct_highpass_128s_5cos+fd_deriv_power2+fd_spikes_0.5_50,106x106x16x332,106x106x16,332,1.981x1.981x4x1,1.981x1.981x4,1.0,-15.699535617474655,15.699535617474655,True,1.0,1.0,105x105x32->96x96x96,322,10.5,331.5,322,1.0,10,331,True,True,1.0,0.9629629629629629,307.379638671875,True
Motor_imagery_neurofeedback_XP2_OpenNeuro_ds002338,sub-xp222,sub-xp222_ses-nosession_1dNF_1dNF_run-01,/home/sudaxin/projects/paired_data/data/pooled_raw_schaefer100_mni_proxy_full_mask_min80/run_cache/Motor_imagery_neurofeedback_XP2_OpenNeuro_ds002338/sub-xp222_ses-nosession_1dNF_1dNF_run-01.npz,native_bold_requires_ants_to_mni,mni_proxy_ants_schaefer100,/home/sudaxin/projects/paired_data/downloads/paired_datasets/Motor_imagery_neurofeedback_XP2_OpenNeuro_ds002338/sub-xp222/func/sub-xp222_task-1dNF_run-01_bold.nii.gz,/home/sudaxin/projects/paired_data/data/mni_schaefer100_proxy_full_denoise_work/targets/Motor_imagery_neurofeedback_XP2_OpenNeuro_ds002338/sub-xp222/68465f42274a4680/schaefer100_mni_proxy.npz,True,True,True,ok,,3,,,/home/sudaxin/projects/paired_data/data/mni_schaefer100_proxy_full_denoise_work/mni152_on_schaefer100_grid.nii.gz,/home/sudaxin/projects/paired_data/downloads/paired_datasets/Motor_imagery_neurofeedback_XP2_OpenNeuro_ds002338/sub-xp222/anat/sub-xp222_T1w.nii.gz,True,0.37810301780700684,0.7112665772438049,0.21385542168674698,intercept+linear_quadratic_trend+dct_highpass_128s_5cos+fd_deriv_power2+fd_spikes_0.5_50,106x106x16x332,106x106x16,332,1.981x1.981x4x1,1.981x1.981x4,1.0,-15.699536905176103,15.699536905176103,True,1.0,1.0,105x105x32->96x96x96,322,10.5,331.5,322,1.0,10,331,True,True,1.0,0.9629629629629629,281.6904602050781,True
Multi_session_EEG_fMRI_experience_sampling_OpenNeuro_ds007216,sub-001,sub-001_ses-001_ExperienceSampling_ExperienceSampling_run-001,/home/sudaxin/projects/paired_data/data/pooled_raw_schaefer100_mni_proxy_full_mask_min80/run_cache/Multi_session_EEG_fMRI_experience_sampling_OpenNeuro_ds007216/sub-001_ses-001_ExperienceSampling_ExperienceSampling_run-001.npz,native_bold_requires_ants_to_mni,mni_proxy_ants_schaefer100,/home/sudaxin/projects/paired_data/downloads/paired_datasets/Multi_session_EEG_fMRI_experience_sampling_OpenNeuro_ds007216/sub-001/ses-001/func/sub-001_ses-001_task-ExperienceSampling_run-001_bold.nii.gz,/home/sudaxin/projects/paired_data/data/mni_schaefer100_proxy_full_denoise_work/targets/Multi_session_EEG_fMRI_experience_sampling_OpenNeuro_ds007216/sub-001/06625c5bd0c86c46/schaefer100_mni_proxy.npz,True,True,True,ok,,3,,,/home/sudaxin/projects/paired_data/data/mni_schaefer100_proxy_full_denoise_work/mni152_on_schaefer100_grid.nii.gz,/home/sudaxin/projects/paired_data/downloads/paired_datasets/Multi_session_EEG_fMRI_experience_sampling_OpenNeuro_ds007216/sub-001/ses-001/anat/sub-001_ses-001_T1w.nii.gz,True,0.22696352005004883,0.6175383925437927,0.06825938566552901,intercept+linear_quadratic_trend+dct_highpass_128s_9cos+fd_deriv_power2+fd_spikes_0.5_20,96x96x81x293,96x96x81,293,2x2x2x2,2x2x2,2.0,-8.000000260173508,8.000000260173508,True,2.0,2.0,96x96x81->96x96x96,288,11.0,585.0,288,1.0,5,292,True,True,1.0,0.9540037722908093,5637.05517578125,True
Multi_session_EEG_fMRI_experience_sampling_OpenNeuro_ds007216,sub-002,sub-002_ses-001_ExperienceSampling_ExperienceSampling_run-001,/home/sudaxin/projects/paired_data/data/pooled_raw_schaefer100_mni_proxy_full_mask_min80/run_cache/Multi_session_EEG_fMRI_experience_sampling_OpenNeuro_ds007216/sub-002_ses-001_ExperienceSampling_ExperienceSampling_run-001.npz,native_bold_requires_ants_to_mni,mni_proxy_ants_schaefer100,/home/sudaxin/projects/paired_data/downloads/paired_datasets/Multi_session_EEG_fMRI_experience_sampling_OpenNeuro_ds007216/sub-002/ses-001/func/sub-002_ses-001_task-ExperienceSampling_run-001_bold.nii.gz,/home/sudaxin/projects/paired_data/data/mni_schaefer100_proxy_full_denoise_work/targets/Multi_session_EEG_fMRI_experience_sampling_OpenNeuro_ds007216/sub-002/ae2c664a83a29c2d/schaefer100_mni_proxy.npz,True,True,True,ok,,3,,,/home/sudaxin/projects/paired_data/data/mni_schaefer100_proxy_full_denoise_work/mni152_on_schaefer100_grid.nii.gz,/home/sudaxin/projects/paired_data/downloads/paired_datasets/Multi_session_EEG_fMRI_experience_sampling_OpenNeuro_ds007216/sub-002/ses-001/anat/sub-002_ses-001_T1w.nii.gz,True,0.10676420480012894,0.18116046488285065,0.0,intercept+linear_quadratic_trend+dct_highpass_128s_9cos+fd_deriv_power2,96x96x81x317,96x96x81,317,2x2x2x2,2x2x2,2.0,-7.999999778283042,7.999999778283042,True,2.0,2.0,96x96x81->96x96x96,312,11.0,633.0,312,1.0,5,316,True,True,1.0,0.9509387860082305,5355.5830078125,True
Multi_session_EEG_fMRI_experience_sampling_OpenNeuro_ds007216,sub-003,sub-003_ses-001_ExperienceSampling_ExperienceSampling_run-001,/home/sudaxin/projects/paired_data/data/pooled_raw_schaefer100_mni_proxy_full_mask_min80/run_cache/Multi_session_EEG_fMRI_experience_sampling_OpenNeuro_ds007216/sub-003_ses-001_ExperienceSampling_ExperienceSampling_run-001.npz,native_bold_requires_ants_to_mni,mni_proxy_ants_schaefer100,/home/sudaxin/projects/paired_data/downloads/paired_datasets/Multi_session_EEG_fMRI_experience_sampling_OpenNeuro_ds007216/sub-003/ses-001/func/sub-003_ses-001_task-ExperienceSampling_run-001_bold.nii.gz,/home/sudaxin/projects/paired_data/data/mni_schaefer100_proxy_full_denoise_work/targets/Multi_session_EEG_fMRI_experience_sampling_OpenNeuro_ds007216/sub-003/26fcd43dab77e288/schaefer100_mni_proxy.npz,True,True,True,ok,,3,,,/home/sudaxin/projects/paired_data/data/mni_schaefer100_proxy_full_denoise_work/mni152_on_schaefer100_grid.nii.gz,/home/sudaxin/projects/paired_data/downloads/paired_datasets/Multi_session_EEG_fMRI_experience_sampling_OpenNeuro_ds007216/sub-003/ses-001/anat/sub-003_ses-001_T1w.nii.gz,True,0.14437398314476013,0.2739408016204834,0.002777777777777778,intercept+linear_quadratic_trend+dct_highpass_128s_11cos+fd_deriv_power2+fd_spikes_0.5_1,96x96x81x360,96x96x81,360,2x2x2x2,2x2x2,2.0,-7.999999589978286,7.999999589978286,True,2.0,2.0,96x96x81->96x96x96,355,11.0,719.0,355,1.0,5,359,True,True,1.0,0.9538966049382716,5683.74609375,True
Multi_session_EEG_fMRI_experience_sampling_OpenNeuro_ds007216,sub-004,sub-004_ses-001_ExperienceSampling_ExperienceSampling_run-001,/home/sudaxin/projects/paired_data/data/pooled_raw_schaefer100_mni_proxy_full_mask_min80/run_cache/Multi_session_EEG_fMRI_experience_sampling_OpenNeuro_ds007216/sub-004_ses-001_ExperienceSampling_ExperienceSampling_run-001.npz,native_bold_requires_ants_to_mni,mni_proxy_ants_schaefer100,/home/sudaxin/projects/paired_data/downloads/paired_datasets/Multi_session_EEG_fMRI_experience_sampling_OpenNeuro_ds007216/sub-004/ses-001/func/sub-004_ses-001_task-ExperienceSampling_run-001_bold.nii.gz,/home/sudaxin/projects/paired_data/data/mni_schaefer100_proxy_full_denoise_work/targets/Multi_session_EEG_fMRI_experience_sampling_OpenNeuro_ds007216/sub-004/3ff8da3d2b11c044/schaefer100_mni_proxy.npz,True,True,True,ok,,3,,,/home/sudaxin/projects/paired_data/data/mni_schaefer100_proxy_full_denoise_work/mni152_on_schaefer100_grid.nii.gz,/home/sudaxin/projects/paired_data/downloads/paired_datasets/Multi_session_EEG_fMRI_experience_sampling_OpenNeuro_ds007216/sub-004/ses-001/anat/sub-004_ses-001_T1w.nii.gz,True,0.15059049427509308,0.275634765625,0.0,intercept+linear_quadratic_trend+dct_highpass_128s_9cos+fd_deriv_power2,96x96x81x313,96x96x81,313,2x2x2x2,2x2x2,2.0,-7.99999976626925,7.99999976626925,True,2.0,2.0,96x96x81->96x96x96,308,11.0,625.0,308,1.0,5,312,True,True,1.0,0.9538966049382716,5653.2021484375,True
Multi_session_EEG_fMRI_experience_sampling_OpenNeuro_ds007216,sub-005,sub-005_ses-001_ExperienceSampling_ExperienceSampling_run-001,/home/sudaxin/projects/paired_data/data/pooled_raw_schaefer100_mni_proxy_full_mask_min80/run_cache/Multi_session_EEG_fMRI_experience_sampling_OpenNeuro_ds007216/sub-005_ses-001_ExperienceSampling_ExperienceSampling_run-001.npz,native_bold_requires_ants_to_mni,mni_proxy_ants_schaefer100,/home/sudaxin/projects/paired_data/downloads/paired_datasets/Multi_session_EEG_fMRI_experience_sampling_OpenNeuro_ds007216/sub-005/ses-001/func/sub-005_ses-001_task-ExperienceSampling_run-001_bold.nii.gz,/home/sudaxin/projects/paired_data/data/mni_schaefer100_proxy_full_denoise_work/targets/Multi_session_EEG_fMRI_experience_sampling_OpenNeuro_ds007216/sub-005/9e5a6a213b5bb9ce/schaefer100_mni_proxy.npz,True,True,True,ok,,3,,,/home/sudaxin/projects/paired_data/data/mni_schaefer100_proxy_full_denoise_work/mni152_on_schaefer100_grid.nii.gz,/home/sudaxin/projects/paired_data/downloads/paired_datasets/Multi_session_EEG_fMRI_experience_sampling_OpenNeuro_ds007216/sub-005/ses-001/anat/sub-005_ses-001_T1w.nii.gz,True,0.14470642805099487,0.2910863757133484,0.0,intercept+linear_quadratic_trend+dct_highpass_128s_10cos+fd_deriv_power2,96x96x81x325,96x96x81,325,2x2x2x2,2x2x2,2.0,-8.000000503479445,8.000000503479445,True,2.0,2.0,96x96x81->96x96x96,320,11.0,649.0,320,1.0,5,324,True,True,1.0,0.9465663580246914,6635.994140625,True
Multi_session_EEG_fMRI_experience_sampling_OpenNeuro_ds007216,sub-006,sub-006_ses-001_ExperienceSampling_ExperienceSampling_run-001,/home/sudaxin/projects/paired_data/data/pooled_raw_schaefer100_mni_proxy_full_mask_min80/run_cache/Multi_session_EEG_fMRI_experience_sampling_OpenNeuro_ds007216/sub-006_ses-001_ExperienceSampling_ExperienceSampling_run-001.npz,native_bold_requires_ants_to_mni,mni_proxy_ants_schaefer100,/home/sudaxin/projects/paired_data/downloads/paired_datasets/Multi_session_EEG_fMRI_experience_sampling_OpenNeuro_ds007216/sub-006/ses-001/func/sub-006_ses-001_task-ExperienceSampling_run-001_bold.nii.gz,/home/sudaxin/projects/paired_data/data/mni_schaefer100_proxy_full_denoise_work/targets/Multi_session_EEG_fMRI_experience_sampling_OpenNeuro_ds007216/sub-006/d675503372a038b1/schaefer100_mni_proxy.npz,True,True,True,ok,,3,,,/home/sudaxin/projects/paired_data/data/mni_schaefer100_proxy_full_denoise_work/mni152_on_schaefer100_grid.nii.gz,/home/sudaxin/projects/paired_data/downloads/paired_datasets/Multi_session_EEG_fMRI_experience_sampling_OpenNeuro_ds007216/sub-006/ses-001/anat/sub-006_ses-001_T1w.nii.gz,True,0.16493543982505798,0.361954003572464,0.029239766081871343,intercept+linear_quadratic_trend+dct_highpass_128s_10cos+fd_deriv_power2+fd_spikes_0.5_10,96x96x81x342,96x96x81,342,2x2x2x2,2x2x2,2.0,-7.999999812925478,7.999999812925478,True,2.0,2.0,96x96x81->96x96x96,337,11.0,683.0,337,1.0,5,341,True,True,1.0,0.9524176954732511,5877.57861328125,True
Multi_session_EEG_fMRI_experience_sampling_OpenNeuro_ds007216,sub-007,sub-007_ses-001_ExperienceSampling_ExperienceSampling_run-001,/home/sudaxin/projects/paired_data/data/pooled_raw_schaefer100_mni_proxy_full_mask_min80/run_cache/Multi_session_EEG_fMRI_experience_sampling_OpenNeuro_ds007216/sub-007_ses-001_ExperienceSampling_ExperienceSampling_run-001.npz,native_bold_requires_ants_to_mni,mni_proxy_ants_schaefer100,/home/sudaxin/projects/paired_data/downloads/paired_datasets/Multi_session_EEG_fMRI_experience_sampling_OpenNeuro_ds007216/sub-007/ses-001/func/sub-007_ses-001_task-ExperienceSampling_run-001_bold.nii.gz,/home/sudaxin/projects/paired_data/data/mni_schaefer100_proxy_full_denoise_work/targets/Multi_session_EEG_fMRI_experience_sampling_OpenNeuro_ds007216/sub-007/404b3840130fb3d5/schaefer100_mni_proxy.npz,True,True,True,ok,,3,,,/home/sudaxin/projects/paired_data/data/mni_schaefer100_proxy_full_denoise_work/mni152_on_schaefer100_grid.nii.gz,/home/sudaxin/projects/paired_data/downloads/paired_datasets/Multi_session_EEG_fMRI_experience_sampling_OpenNeuro_ds007216/sub-007/ses-001/anat/sub-007_ses-001_T1w.nii.gz,True,0.12604956328868866,0.22492173314094543,0.0,intercept+linear_quadratic_trend+dct_highpass_128s_10cos+fd_deriv_power2,96x96x81x350,96x96x81,350,2x2x2x2,2x2x2,2.0,-8.00000032018132,8.00000032018132,True,2.0,2.0,96x96x81->96x96x96,345,11.0,699.0,345,1.0,5,349,True,True,1.0,0.9542824074074074,5746.51611328125,True
Multi_session_EEG_fMRI_experience_sampling_OpenNeuro_ds007216,sub-008,sub-008_ses-001_ExperienceSampling_ExperienceSampling_run-001,/home/sudaxin/projects/paired_data/data/pooled_raw_schaefer100_mni_proxy_full_mask_min80/run_cache/Multi_session_EEG_fMRI_experience_sampling_OpenNeuro_ds007216/sub-008_ses-001_ExperienceSampling_ExperienceSampling_run-001.npz,native_bold_requires_ants_to_mni,mni_proxy_ants_schaefer100,/home/sudaxin/projects/paired_data/downloads/paired_datasets/Multi_session_EEG_fMRI_experience_sampling_OpenNeuro_ds007216/sub-008/ses-001/func/sub-008_ses-001_task-ExperienceSampling_run-001_bold.nii.gz,/home/sudaxin/projects/paired_data/data/mni_schaefer100_proxy_full_denoise_work/targets/Multi_session_EEG_fMRI_experience_sampling_OpenNeuro_ds007216/sub-008/a4a1498db0eebc58/schaefer100_mni_proxy.npz,True,True,True,ok,,3,,,/home/sudaxin/projects/paired_data/data/mni_schaefer100_proxy_full_denoise_work/mni152_on_schaefer100_grid.nii.gz,/home/sudaxin/projects/paired_data/downloads/paired_datasets/Multi_session_EEG_fMRI_experience_sampling_OpenNeuro_ds007216/sub-008/ses-001/anat/sub-008_ses-001_T1w.nii.gz,True,0.12794899940490723,0.26190757751464844,0.00625,intercept+linear_quadratic_trend+dct_highpass_128s_10cos+fd_deriv_power2+fd_spikes_0.5_2,96x96x81x320,96x96x81,320,2x2x2x2,2x2x2,2.0,-7.999999439191485,7.999999439191485,True,2.0,2.0,96x96x81->96x96x96,315,11.0,639.0,315,1.0,5,319,True,True,1.0,0.9503600823045267,5264.35302734375,True
Multi_session_EEG_fMRI_experience_sampling_OpenNeuro_ds007216,sub-009,sub-009_ses-001_ExperienceSampling_ExperienceSampling_run-001,/home/sudaxin/projects/paired_data/data/pooled_raw_schaefer100_mni_proxy_full_mask_min80/run_cache/Multi_session_EEG_fMRI_experience_sampling_OpenNeuro_ds007216/sub-009_ses-001_ExperienceSampling_ExperienceSampling_run-001.npz,native_bold_requires_ants_to_mni,mni_proxy_ants_schaefer100,/home/sudaxin/projects/paired_data/downloads/paired_datasets/Multi_session_EEG_fMRI_experience_sampling_OpenNeuro_ds007216/sub-009/ses-001/func/sub-009_ses-001_task-ExperienceSampling_run-001_bold.nii.gz,/home/sudaxin/projects/paired_data/data/mni_schaefer100_proxy_full_denoise_work/targets/Multi_session_EEG_fMRI_experience_sampling_OpenNeuro_ds007216/sub-009/e69ac7e1de36db32/schaefer100_mni_proxy.npz,True,True,True,ok,,3,,,/home/sudaxin/projects/paired_data/data/mni_schaefer100_proxy_full_denoise_work/mni152_on_schaefer100_grid.nii.gz,/home/sudaxin/projects/paired_data/downloads/paired_datasets/Multi_session_EEG_fMRI_experience_sampling_OpenNeuro_ds007216/sub-009/ses-001/anat/sub-009_ses-001_T1w.nii.gz,True,0.2488846331834793,0.5602189302444458,0.064343163538874,intercept+linear_quadratic_trend+dct_highpass_128s_11cos+fd_deriv_power2+fd_spikes_0.5_24,96x96x81x373,96x96x81,373,2x2x2x2,2x2x2,2.0,-8.000000562817071,8.000000562817071,True,2.0,2.0,96x96x81->96x96x96,368,11.0,745.0,368,1.0,5,372,True,True,1.0,0.9479809670781894,4327.8046875,True
Multi_session_EEG_fMRI_experience_sampling_OpenNeuro_ds007216,sub-010,sub-010_ses-001_ExperienceSampling_ExperienceSampling_run-001,/home/sudaxin/projects/paired_data/data/pooled_raw_schaefer100_mni_proxy_full_mask_min80/run_cache/Multi_session_EEG_fMRI_experience_sampling_OpenNeuro_ds007216/sub-010_ses-001_ExperienceSampling_ExperienceSampling_run-001.npz,native_bold_requires_ants_to_mni,mni_proxy_ants_schaefer100,/home/sudaxin/projects/paired_data/downloads/paired_datasets/Multi_session_EEG_fMRI_experience_sampling_OpenNeuro_ds007216/sub-010/ses-001/func/sub-010_ses-001_task-ExperienceSampling_run-001_bold.nii.gz,/home/sudaxin/projects/paired_data/data/mni_schaefer100_proxy_full_denoise_work/targets/Multi_session_EEG_fMRI_experience_sampling_OpenNeuro_ds007216/sub-010/0b4c8aba908b29cc/schaefer100_mni_proxy.npz,True,True,True,ok,,3,,,/home/sudaxin/projects/paired_data/data/mni_schaefer100_proxy_full_denoise_work/mni152_on_schaefer100_grid.nii.gz,/home/sudaxin/projects/paired_data/downloads/paired_datasets/Multi_session_EEG_fMRI_experience_sampling_OpenNeuro_ds007216/sub-010/ses-001/anat/sub-010_ses-001_T1w.nii.gz,True,0.1086641326546669,0.20470376312732697,0.0,intercept+linear_quadratic_trend+dct_highpass_128s_9cos+fd_deriv_power2,96x96x81x311,96x96x81,311,2x2x2x2,2x2x2,2.0,-7.999999653531563,7.999999653531563,True,2.0,2.0,96x96x81->96x96x96,306,11.0,621.0,306,1.0,5,310,True,True,1.0,0.9530821330589849,5302.34033203125,True
Multi_session_EEG_fMRI_experience_sampling_OpenNeuro_ds007216,sub-011,sub-011_ses-001_ExperienceSampling_ExperienceSampling_run-001,/home/sudaxin/projects/paired_data/data/pooled_raw_schaefer100_mni_proxy_full_mask_min80/run_cache/Multi_session_EEG_fMRI_experience_sampling_OpenNeuro_ds007216/sub-011_ses-001_ExperienceSampling_ExperienceSampling_run-001.npz,native_bold_requires_ants_to_mni,mni_proxy_ants_schaefer100,/home/sudaxin/projects/paired_data/downloads/paired_datasets/Multi_session_EEG_fMRI_experience_sampling_OpenNeuro_ds007216/sub-011/ses-001/func/sub-011_ses-001_task-ExperienceSampling_run-001_bold.nii.gz,/home/sudaxin/projects/paired_data/data/mni_schaefer100_proxy_full_denoise_work/targets/Multi_session_EEG_fMRI_experience_sampling_OpenNeuro_ds007216/sub-011/bade5be76e073cfa/schaefer100_mni_proxy.npz,True,True,True,ok,,3,,,/home/sudaxin/projects/paired_data/data/mni_schaefer100_proxy_full_denoise_work/mni152_on_schaefer100_grid.nii.gz,/home/sudaxin/projects/paired_data/downloads/paired_datasets/Multi_session_EEG_fMRI_experience_sampling_OpenNeuro_ds007216/sub-011/ses-001/anat/sub-011_ses-001_T1w.nii.gz,True,0.11408230662345886,0.19284328818321228,0.0049261083743842365,intercept+linear_quadratic_trend+dct_highpass_128s_12cos+fd_deriv_power2+fd_spikes_0.5_2,96x96x81x406,96x96x81,406,2x2x2x2,2x2x2,2.0,-7.999999252084786,7.999999252084786,True,2.0,2.0,96x96x81->96x96x96,401,11.0,811.0,401,1.0,5,405,True,True,1.0,0.9509387860082305,4843.01025390625,True
Multi_session_EEG_fMRI_experience_sampling_OpenNeuro_ds007216,sub-012,sub-012_ses-001_ExperienceSampling_ExperienceSampling_run-001,/home/sudaxin/projects/paired_data/data/pooled_raw_schaefer100_mni_proxy_full_mask_min80/run_cache/Multi_session_EEG_fMRI_experience_sampling_OpenNeuro_ds007216/sub-012_ses-001_ExperienceSampling_ExperienceSampling_run-001.npz,native_bold_requires_ants_to_mni,mni_proxy_ants_schaefer100,/home/sudaxin/projects/paired_data/downloads/paired_datasets/Multi_session_EEG_fMRI_experience_sampling_OpenNeuro_ds007216/sub-012/ses-001/func/sub-012_ses-001_task-ExperienceSampling_run-001_bold.nii.gz,/home/sudaxin/projects/paired_data/data/mni_schaefer100_proxy_full_denoise_work/targets/Multi_session_EEG_fMRI_experience_sampling_OpenNeuro_ds007216/sub-012/a432a040e0e8128a/schaefer100_mni_proxy.npz,True,True,True,ok,,3,,,/home/sudaxin/projects/paired_data/data/mni_schaefer100_proxy_full_denoise_work/mni152_on_schaefer100_grid.nii.gz,/home/sudaxin/projects/paired_data/downloads/paired_datasets/Multi_session_EEG_fMRI_experience_sampling_OpenNeuro_ds007216/sub-012/ses-001/anat/sub-012_ses-001_T1w.nii.gz,True,0.19243013858795166,0.3930514454841614,0.018518518518518517,intercept+linear_quadratic_trend+dct_highpass_128s_11cos+fd_deriv_power2+fd_spikes_0.5_7,96x96x81x378,96x96x81,378,2x2x2x2,2x2x2,2.0,-7.999999988136116,7.999999988136116,True,2.0,2.0,96x96x81->96x96x96,373,11.0,755.0,373,1.0,5,377,True,True,1.0,0.9494598765432098,4098.46142578125,True
Multi_session_EEG_fMRI_experience_sampling_OpenNeuro_ds007216,sub-013,sub-013_ses-001_ExperienceSampling_ExperienceSampling_run-001,/home/sudaxin/projects/paired_data/data/pooled_raw_schaefer100_mni_proxy_full_mask_min80/run_cache/Multi_session_EEG_fMRI_experience_sampling_OpenNeuro_ds007216/sub-013_ses-001_ExperienceSampling_ExperienceSampling_run-001.npz,native_bold_requires_ants_to_mni,mni_proxy_ants_schaefer100,/home/sudaxin/projects/paired_data/downloads/paired_datasets/Multi_session_EEG_fMRI_experience_sampling_OpenNeuro_ds007216/sub-013/ses-001/func/sub-013_ses-001_task-ExperienceSampling_run-001_bold.nii.gz,/home/sudaxin/projects/paired_data/data/mni_schaefer100_proxy_full_denoise_work/targets/Multi_session_EEG_fMRI_experience_sampling_OpenNeuro_ds007216/sub-013/f2e9df11620954f0/schaefer100_mni_proxy.npz,True,True,True,ok,,3,,,/home/sudaxin/projects/paired_data/data/mni_schaefer100_proxy_full_denoise_work/mni152_on_schaefer100_grid.nii.gz,/home/sudaxin/projects/paired_data/downloads/paired_datasets/Multi_session_EEG_fMRI_experience_sampling_OpenNeuro_ds007216/sub-013/ses-001/anat/sub-013_ses-001_T1w.nii.gz,True,0.15801383554935455,0.29698944091796875,0.003401360544217687,intercept+linear_quadratic_trend+dct_highpass_128s_9cos+fd_deriv_power2+fd_spikes_0.5_1,96x96x81x294,96x96x81,294,2x2x2x2,2x2x2,2.0,-8.000000109896355,8.000000109896355,True,2.0,2.0,96x96x81->96x96x96,289,11.0,587.0,289,1.0,5,293,True,True,1.0,0.9538537379972565,4467.501953125,True
Multi_session_EEG_fMRI_experience_sampling_OpenNeuro_ds007216,sub-014,sub-014_ses-001_ExperienceSampling_ExperienceSampling_run-001,/home/sudaxin/projects/paired_data/data/pooled_raw_schaefer100_mni_proxy_full_mask_min80/run_cache/Multi_session_EEG_fMRI_experience_sampling_OpenNeuro_ds007216/sub-014_ses-001_ExperienceSampling_ExperienceSampling_run-001.npz,native_bold_requires_ants_to_mni,mni_proxy_ants_schaefer100,/home/sudaxin/projects/paired_data/downloads/paired_datasets/Multi_session_EEG_fMRI_experience_sampling_OpenNeuro_ds007216/sub-014/ses-001/func/sub-014_ses-001_task-ExperienceSampling_run-001_bold.nii.gz,/home/sudaxin/projects/paired_data/data/mni_schaefer100_proxy_full_denoise_work/targets/Multi_session_EEG_fMRI_experience_sampling_OpenNeuro_ds007216/sub-014/8ee08b7bc31b8c74/schaefer100_mni_proxy.npz,True,True,True,ok,,3,,,/home/sudaxin/projects/paired_data/data/mni_schaefer100_proxy_full_denoise_work/mni152_on_schaefer100_grid.nii.gz,/home/sudaxin/projects/paired_data/downloads/paired_datasets/Multi_session_EEG_fMRI_experience_sampling_OpenNeuro_ds007216/sub-014/ses-001/anat/sub-014_ses-001_T1w.nii.gz,True,0.177509143948555,0.30699867010116577,0.003278688524590164,intercept+linear_quadratic_trend+dct_highpass_128s_9cos+fd_deriv_power2+fd_spikes_0.5_1,96x96x81x305,96x96x81,305,2x2x2x2,2x2x2,2.0,-7.99999917189007,7.99999917189007,True,2.0,2.0,96x96x81->96x96x96,300,11.0,609.0,300,1.0,5,304,True,True,1.0,0.9540895061728395,4932.91455078125,True
Multi_session_EEG_fMRI_experience_sampling_OpenNeuro_ds007216,sub-015,sub-015_ses-001_ExperienceSampling_ExperienceSampling_run-001,/home/sudaxin/projects/paired_data/data/pooled_raw_schaefer100_mni_proxy_full_mask_min80/run_cache/Multi_session_EEG_fMRI_experience_sampling_OpenNeuro_ds007216/sub-015_ses-001_ExperienceSampling_ExperienceSampling_run-001.npz,native_bold_requires_ants_to_mni,mni_proxy_ants_schaefer100,/home/sudaxin/projects/paired_data/downloads/paired_datasets/Multi_session_EEG_fMRI_experience_sampling_OpenNeuro_ds007216/sub-015/ses-001/func/sub-015_ses-001_task-ExperienceSampling_run-001_bold.nii.gz,/home/sudaxin/projects/paired_data/data/mni_schaefer100_proxy_full_denoise_work/targets/Multi_session_EEG_fMRI_experience_sampling_OpenNeuro_ds007216/sub-015/8134d1de5af4c75b/schaefer100_mni_proxy.npz,True,True,True,ok,,3,,,/home/sudaxin/projects/paired_data/data/mni_schaefer100_proxy_full_denoise_work/mni152_on_schaefer100_grid.nii.gz,/home/sudaxin/projects/paired_data/downloads/paired_datasets/Multi_session_EEG_fMRI_experience_sampling_OpenNeuro_ds007216/sub-015/ses-001/anat/sub-015_ses-001_T1w.nii.gz,True,0.16076017916202545,0.3209368884563446,0.01837270341207349,intercept+linear_quadratic_trend+dct_highpass_128s_11cos+fd_deriv_power2+fd_spikes_0.5_7,96x96x81x381,96x96x81,381,2x2x2x2,2x2x2,2.0,-8.000000188081035,8.000000188081035,True,2.0,2.0,96x96x81->96x96x96,376,11.0,761.0,376,1.0,5,380,True,True,1.0,0.9523962620027435,4574.20166015625,True
Multi_session_EEG_fMRI_experience_sampling_OpenNeuro_ds007216,sub-016,sub-016_ses-001_ExperienceSampling_ExperienceSampling_run-001,/home/sudaxin/projects/paired_data/data/pooled_raw_schaefer100_mni_proxy_full_mask_min80/run_cache/Multi_session_EEG_fMRI_experience_sampling_OpenNeuro_ds007216/sub-016_ses-001_ExperienceSampling_ExperienceSampling_run-001.npz,native_bold_requires_ants_to_mni,mni_proxy_ants_schaefer100,/home/sudaxin/projects/paired_data/downloads/paired_datasets/Multi_session_EEG_fMRI_experience_sampling_OpenNeuro_ds007216/sub-016/ses-001/func/sub-016_ses-001_task-ExperienceSampling_run-001_bold.nii.gz,/home/sudaxin/projects/paired_data/data/mni_schaefer100_proxy_full_denoise_work/targets/Multi_session_EEG_fMRI_experience_sampling_OpenNeuro_ds007216/sub-016/13455f6a18d0ad6e/schaefer100_mni_proxy.npz,True,True,True,ok,,3,,,/home/sudaxin/projects/paired_data/data/mni_schaefer100_proxy_full_denoise_work/mni152_on_schaefer100_grid.nii.gz,/home/sudaxin/projects/paired_data/downloads/paired_datasets/Multi_session_EEG_fMRI_experience_sampling_OpenNeuro_ds007216/sub-016/ses-001/anat/sub-016_ses-001_T1w.nii.gz,True,0.12191533297300339,0.2526441514492035,0.006369426751592357,intercept+linear_quadratic_trend+dct_highpass_128s_9cos+fd_deriv_power2+fd_spikes_0.5_2,96x96x81x314,96x96x81,314,2x2x2x2,2x2x2,2.0,-7.9999996764212415,7.9999996764212415,True,2.0,2.0,96x96x81->96x96x96,309,11.0,627.0,309,1.0,5,313,True,True,1.0,0.9509173525377229,4031.253662109375,True
Multi_session_EEG_fMRI_experience_sampling_OpenNeuro_ds007216,sub-017,sub-017_ses-001_ExperienceSampling_ExperienceSampling_run-001,/home/sudaxin/projects/paired_data/data/pooled_raw_schaefer100_mni_proxy_full_mask_min80/run_cache/Multi_session_EEG_fMRI_experience_sampling_OpenNeuro_ds007216/sub-017_ses-001_ExperienceSampling_ExperienceSampling_run-001.npz,native_bold_requires_ants_to_mni,mni_proxy_ants_schaefer100,/home/sudaxin/projects/paired_data/downloads/paired_datasets/Multi_session_EEG_fMRI_experience_sampling_OpenNeuro_ds007216/sub-017/ses-001/func/sub-017_ses-001_task-ExperienceSampling_run-001_bold.nii.gz,/home/sudaxin/projects/paired_data/data/mni_schaefer100_proxy_full_denoise_work/targets/Multi_session_EEG_fMRI_experience_sampling_OpenNeuro_ds007216/sub-017/e6ceaa433a000208/schaefer100_mni_proxy.npz,True,True,True,ok,,3,,,/home/sudaxin/projects/paired_data/data/mni_schaefer100_proxy_full_denoise_work/mni152_on_schaefer100_grid.nii.gz,/home/sudaxin/projects/paired_data/downloads/paired_datasets/Multi_session_EEG_fMRI_experience_sampling_OpenNeuro_ds007216/sub-017/ses-001/anat/sub-017_ses-001_T1w.nii.gz,True,0.14003291726112366,0.2504343092441559,0.003105590062111801,intercept+linear_quadratic_trend+dct_highpass_128s_10cos+fd_deriv_power2+fd_spikes_0.5_1,96x96x81x322,96x96x81,322,2x2x2x2,2x2x2,2.0,-7.999999681069189,7.999999681069189,True,2.0,2.0,96x96x81->96x96x96,317,11.0,643.0,317,1.0,5,321,True,True,1.0,0.9489454732510288,4932.271484375,True
Multi_session_EEG_fMRI_experience_sampling_OpenNeuro_ds007216,sub-018,sub-018_ses-001_ExperienceSampling_ExperienceSampling_run-001,/home/sudaxin/projects/paired_data/data/pooled_raw_schaefer100_mni_proxy_full_mask_min80/run_cache/Multi_session_EEG_fMRI_experience_sampling_OpenNeuro_ds007216/sub-018_ses-001_ExperienceSampling_ExperienceSampling_run-001.npz,native_bold_requires_ants_to_mni,mni_proxy_ants_schaefer100,/home/sudaxin/projects/paired_data/downloads/paired_datasets/Multi_session_EEG_fMRI_experience_sampling_OpenNeuro_ds007216/sub-018/ses-001/func/sub-018_ses-001_task-ExperienceSampling_run-001_bold.nii.gz,/home/sudaxin/projects/paired_data/data/mni_schaefer100_proxy_full_denoise_work/targets/Multi_session_EEG_fMRI_experience_sampling_OpenNeuro_ds007216/sub-018/5456a7118654823a/schaefer100_mni_proxy.npz,True,True,True,ok,,3,,,/home/sudaxin/projects/paired_data/data/mni_schaefer100_proxy_full_denoise_work/mni152_on_schaefer100_grid.nii.gz,/home/sudaxin/projects/paired_data/downloads/paired_datasets/Multi_session_EEG_fMRI_experience_sampling_OpenNeuro_ds007216/sub-018/ses-001/anat/sub-018_ses-001_T1w.nii.gz,True,0.16853468120098114,0.29258644580841064,0.0027247956403269754,intercept+linear_quadratic_trend+dct_highpass_128s_11cos+fd_deriv_power2+fd_spikes_0.5_1,96x96x81x367,96x96x81,367,2x2x2x2,2x2x2,2.0,-7.9999987139324125,7.9999987139324125,True,2.0,2.0,96x96x81->96x96x96,362,11.0,733.0,362,1.0,5,366,True,True,1.0,0.9494598765432098,4575.1103515625,True
Multi_session_EEG_fMRI_experience_sampling_OpenNeuro_ds007216,sub-019,sub-019_ses-001_ExperienceSampling_ExperienceSampling_run-001,/home/sudaxin/projects/paired_data/data/pooled_raw_schaefer100_mni_proxy_full_mask_min80/run_cache/Multi_session_EEG_fMRI_experience_sampling_OpenNeuro_ds007216/sub-019_ses-001_ExperienceSampling_ExperienceSampling_run-001.npz,native_bold_requires_ants_to_mni,mni_proxy_ants_schaefer100,/home/sudaxin/projects/paired_data/downloads/paired_datasets/Multi_session_EEG_fMRI_experience_sampling_OpenNeuro_ds007216/sub-019/ses-001/func/sub-019_ses-001_task-ExperienceSampling_run-001_bold.nii.gz,/home/sudaxin/projects/paired_data/data/mni_schaefer100_proxy_full_denoise_work/targets/Multi_session_EEG_fMRI_experience_sampling_OpenNeuro_ds007216/sub-019/9cb6c204836b1695/schaefer100_mni_proxy.npz,True,True,True,ok,,3,,,/home/sudaxin/projects/paired_data/data/mni_schaefer100_proxy_full_denoise_work/mni152_on_schaefer100_grid.nii.gz,/home/sudaxin/projects/paired_data/downloads/paired_datasets/Multi_session_EEG_fMRI_experience_sampling_OpenNeuro_ds007216/sub-019/ses-001/anat/sub-019_ses-001_T1w.nii.gz,True,0.13966238498687744,0.24071235954761505,0.002680965147453083,intercept+linear_quadratic_trend+dct_highpass_128s_11cos+fd_deriv_power2+fd_spikes_0.5_1,96x96x81x373,96x96x81,373,2x2x2x2,2x2x2,2.0,-7.999999194859981,7.999999194859981,True,2.0,2.0,96x96x81->96x96x96,368,11.0,745.0,368,1.0,5,372,True,True,1.0,0.9475522976680384,4377.9169921875,True
Multi_session_EEG_fMRI_experience_sampling_OpenNeuro_ds007216,sub-020,sub-020_ses-001_ExperienceSampling_ExperienceSampling_run-001,/home/sudaxin/projects/paired_data/data/pooled_raw_schaefer100_mni_proxy_full_mask_min80/run_cache/Multi_session_EEG_fMRI_experience_sampling_OpenNeuro_ds007216/sub-020_ses-001_ExperienceSampling_ExperienceSampling_run-001.npz,native_bold_requires_ants_to_mni,mni_proxy_ants_schaefer100,/home/sudaxin/projects/paired_data/downloads/paired_datasets/Multi_session_EEG_fMRI_experience_sampling_OpenNeuro_ds007216/sub-020/ses-001/func/sub-020_ses-001_task-ExperienceSampling_run-001_bold.nii.gz,/home/sudaxin/projects/paired_data/data/mni_schaefer100_proxy_full_denoise_work/targets/Multi_session_EEG_fMRI_experience_sampling_OpenNeuro_ds007216/sub-020/f3c337491e944fd2/schaefer100_mni_proxy.npz,True,True,True,ok,,3,,,/home/sudaxin/projects/paired_data/data/mni_schaefer100_proxy_full_denoise_work/mni152_on_schaefer100_grid.nii.gz,/home/sudaxin/projects/paired_data/downloads/paired_datasets/Multi_session_EEG_fMRI_experience_sampling_OpenNeuro_ds007216/sub-020/ses-001/anat/sub-020_ses-001_T1w.nii.gz,True,0.1185685470700264,0.2628602683544159,0.02064896755162242,intercept+linear_quadratic_trend+dct_highpass_128s_10cos+fd_deriv_power2+fd_spikes_0.5_7,96x96x81x339,96x96x81,339,2x2x2x2,2x2x2,2.0,-7.999999164065883,7.999999164065883,True,2.0,2.0,96x96x81->96x96x96,334,11.0,677.0,334,1.0,5,338,True,True,1.0,0.9489883401920439,5256.00048828125,True
Multi_session_EEG_fMRI_experience_sampling_OpenNeuro_ds007216,sub-021,sub-021_ses-001_ExperienceSampling_ExperienceSampling_run-001,/home/sudaxin/projects/paired_data/data/pooled_raw_schaefer100_mni_proxy_full_mask_min80/run_cache/Multi_session_EEG_fMRI_experience_sampling_OpenNeuro_ds007216/sub-021_ses-001_ExperienceSampling_ExperienceSampling_run-001.npz,native_bold_requires_ants_to_mni,mni_proxy_ants_schaefer100,/home/sudaxin/projects/paired_data/downloads/paired_datasets/Multi_session_EEG_fMRI_experience_sampling_OpenNeuro_ds007216/sub-021/ses-001/func/sub-021_ses-001_task-ExperienceSampling_run-001_bold.nii.gz,/home/sudaxin/projects/paired_data/data/mni_schaefer100_proxy_full_denoise_work/targets/Multi_session_EEG_fMRI_experience_sampling_OpenNeuro_ds007216/sub-021/19b49a59bde70233/schaefer100_mni_proxy.npz,True,True,True,ok,,3,,,/home/sudaxin/projects/paired_data/data/mni_schaefer100_proxy_full_denoise_work/mni152_on_schaefer100_grid.nii.gz,/home/sudaxin/projects/paired_data/downloads/paired_datasets/Multi_session_EEG_fMRI_experience_sampling_OpenNeuro_ds007216/sub-021/ses-001/anat/sub-021_ses-001_T1w.nii.gz,True,0.11395297199487686,0.2101384699344635,0.013651877133105802,intercept+linear_quadratic_trend+dct_highpass_128s_9cos+fd_deriv_power2+fd_spikes_0.5_4,96x96x81x293,96x96x81,293,2x2x2x2,2x2x2,2.0,-8.000000209754132,8.000000209754132,True,2.0,2.0,96x96x81->96x96x96,288,11.0,585.0,288,1.0,5,292,True,True,1.0,0.9538323045267489,5092.38037109375,True
Multi_session_EEG_fMRI_experience_sampling_OpenNeuro_ds007216,sub-023,sub-023_ses-001_ExperienceSampling_ExperienceSampling_run-001,/home/sudaxin/projects/paired_data/data/pooled_raw_schaefer100_mni_proxy_full_mask_min80/run_cache/Multi_session_EEG_fMRI_experience_sampling_OpenNeuro_ds007216/sub-023_ses-001_ExperienceSampling_ExperienceSampling_run-001.npz,native_bold_requires_ants_to_mni,mni_proxy_ants_schaefer100,/home/sudaxin/projects/paired_data/downloads/paired_datasets/Multi_session_EEG_fMRI_experience_sampling_OpenNeuro_ds007216/sub-023/ses-001/func/sub-023_ses-001_task-ExperienceSampling_run-001_bold.nii.gz,/home/sudaxin/projects/paired_data/data/mni_schaefer100_proxy_full_denoise_work/targets/Multi_session_EEG_fMRI_experience_sampling_OpenNeuro_ds007216/sub-023/063f3ada381a33be/schaefer100_mni_proxy.npz,True,True,True,ok,,3,,,/home/sudaxin/projects/paired_data/data/mni_schaefer100_proxy_full_denoise_work/mni152_on_schaefer100_grid.nii.gz,/home/sudaxin/projects/paired_data/downloads/paired_datasets/Multi_session_EEG_fMRI_experience_sampling_OpenNeuro_ds007216/sub-023/ses-001/anat/sub-023_ses-001_T1w.nii.gz,True,0.14078859984874725,0.2329193651676178,0.0,intercept+linear_quadratic_trend+dct_highpass_128s_9cos+fd_deriv_power2,96x96x81x289,96x96x81,289,2x2x2x2,2x2x2,2.0,-7.999999366328949,7.999999366328949,True,2.0,2.0,96x96x81->96x96x96,284,11.0,577.0,284,1.0,5,288,True,True,1.0,0.953125,4221.14794921875,True
Multi_session_EEG_fMRI_experience_sampling_OpenNeuro_ds007216,sub-024,sub-024_ses-001_ExperienceSampling_ExperienceSampling_run-001,/home/sudaxin/projects/paired_data/data/pooled_raw_schaefer100_mni_proxy_full_mask_min80/run_cache/Multi_session_EEG_fMRI_experience_sampling_OpenNeuro_ds007216/sub-024_ses-001_ExperienceSampling_ExperienceSampling_run-001.npz,native_bold_requires_ants_to_mni,mni_proxy_ants_schaefer100,/home/sudaxin/projects/paired_data/downloads/paired_datasets/Multi_session_EEG_fMRI_experience_sampling_OpenNeuro_ds007216/sub-024/ses-001/func/sub-024_ses-001_task-ExperienceSampling_run-001_bold.nii.gz,/home/sudaxin/projects/paired_data/data/mni_schaefer100_proxy_full_denoise_work/targets/Multi_session_EEG_fMRI_experience_sampling_OpenNeuro_ds007216/sub-024/b52549280ca89ee2/schaefer100_mni_proxy.npz,True,True,True,ok,,3,,,/home/sudaxin/projects/paired_data/data/mni_schaefer100_proxy_full_denoise_work/mni152_on_schaefer100_grid.nii.gz,/home/sudaxin/projects/paired_data/downloads/paired_datasets/Multi_session_EEG_fMRI_experience_sampling_OpenNeuro_ds007216/sub-024/ses-001/anat/sub-024_ses-001_T1w.nii.gz,True,0.11224760860204697,0.18769975006580353,0.0,intercept+linear_quadratic_trend+dct_highpass_128s_11cos+fd_deriv_power2,96x96x81x376,96x96x81,376,2x2x2x2,2x2x2,2.0,-7.999999923756497,7.999999923756497,True,2.0,2.0,96x96x81->96x96x96,371,11.0,751.0,371,1.0,5,375,True,True,1.0,0.9527177640603567,4792.0771484375,True
Multi_session_EEG_fMRI_experience_sampling_OpenNeuro_ds007216,sub-025,sub-025_ses-001_ExperienceSampling_ExperienceSampling_run-001,/home/sudaxin/projects/paired_data/data/pooled_raw_schaefer100_mni_proxy_full_mask_min80/run_cache/Multi_session_EEG_fMRI_experience_sampling_OpenNeuro_ds007216/sub-025_ses-001_ExperienceSampling_ExperienceSampling_run-001.npz,native_bold_requires_ants_to_mni,mni_proxy_ants_schaefer100,/home/sudaxin/projects/paired_data/downloads/paired_datasets/Multi_session_EEG_fMRI_experience_sampling_OpenNeuro_ds007216/sub-025/ses-001/func/sub-025_ses-001_task-ExperienceSampling_run-001_bold.nii.gz,/home/sudaxin/projects/paired_data/data/mni_schaefer100_proxy_full_denoise_work/targets/Multi_session_EEG_fMRI_experience_sampling_OpenNeuro_ds007216/sub-025/da9cd80eafa61218/schaefer100_mni_proxy.npz,True,True,True,ok,,3,,,/home/sudaxin/projects/paired_data/data/mni_schaefer100_proxy_full_denoise_work/mni152_on_schaefer100_grid.nii.gz,/home/sudaxin/projects/paired_data/downloads/paired_datasets/Multi_session_EEG_fMRI_experience_sampling_OpenNeuro_ds007216/sub-025/ses-001/anat/sub-025_ses-001_T1w.nii.gz,True,0.13642004132270813,0.25557997822761536,0.0,intercept+linear_quadratic_trend+dct_highpass_128s_9cos+fd_deriv_power2,96x96x81x288,96x96x81,288,2x2x2x2,2x2x2,2.0,-7.999999856007353,7.999999856007353,True,2.0,2.0,96x96x81->96x96x96,283,11.0,575.0,283,1.0,5,287,True,True,1.0,0.9184027777777778,3502.7314453125,True
Sleep_rest_EEG_fMRI_OpenNeuro_ds003768,sub-01,sub-01_ses-nosession_rest_rest_run-1,/home/sudaxin/projects/paired_data/data/pooled_raw_schaefer100_mni_proxy_full_mask_min80/run_cache/Sleep_rest_EEG_fMRI_OpenNeuro_ds003768/sub-01_ses-nosession_rest_rest_run-1.npz,native_bold_requires_ants_to_mni,mni_proxy_ants_schaefer100,/home/sudaxin/projects/paired_data/downloads/paired_datasets/Sleep_rest_EEG_fMRI_OpenNeuro_ds003768/sub-01/func/sub-01_task-rest_run-1_bold.nii.gz,/home/sudaxin/projects/paired_data/data/mni_schaefer100_proxy_full_denoise_work/targets/Sleep_rest_EEG_fMRI_OpenNeuro_ds003768/sub-01/0a38549a2dde0d62/schaefer100_mni_proxy.npz,True,True,True,ok,,3,,,/home/sudaxin/projects/paired_data/data/mni_schaefer100_proxy_full_denoise_work/mni152_on_schaefer100_grid.nii.gz,/home/sudaxin/projects/paired_data/downloads/paired_datasets/Sleep_rest_EEG_fMRI_OpenNeuro_ds003768/sub-01/anat/sub-01_T1w.nii.gz,True,0.3641493022441864,0.5849547386169434,0.15034965034965034,intercept+linear_quadratic_trend+dct_highpass_128s_9cos+fd_deriv_power2+fd_spikes_0.5_43,80x80x35x286,80x80x35,286,3x3x4x2.1,3x3x4,2.0999999046325684,-35.999999497016475,35.999999497016475,True,2.1,2.1,120x120x70->96x96x96,281,11.549999237060547,599.5499877929688,281,1.0,5,285,True,True,1.0,0.9628323208570122,224.45181274414062,True
Sleep_rest_EEG_fMRI_OpenNeuro_ds003768,sub-02,sub-02_ses-nosession_rest_rest_run-1,/home/sudaxin/projects/paired_data/data/pooled_raw_schaefer100_mni_proxy_full_mask_min80/run_cache/Sleep_rest_EEG_fMRI_OpenNeuro_ds003768/sub-02_ses-nosession_rest_rest_run-1.npz,native_bold_requires_ants_to_mni,mni_proxy_ants_schaefer100,/home/sudaxin/projects/paired_data/downloads/paired_datasets/Sleep_rest_EEG_fMRI_OpenNeuro_ds003768/sub-02/func/sub-02_task-rest_run-1_bold.nii.gz,/home/sudaxin/projects/paired_data/data/mni_schaefer100_proxy_full_denoise_work/targets/Sleep_rest_EEG_fMRI_OpenNeuro_ds003768/sub-02/6c8303f3f994470e/schaefer100_mni_proxy.npz,True,True,True,ok,,3,,,/home/sudaxin/projects/paired_data/data/mni_schaefer100_proxy_full_denoise_work/mni152_on_schaefer100_grid.nii.gz,/home/sudaxin/projects/paired_data/downloads/paired_datasets/Sleep_rest_EEG_fMRI_OpenNeuro_ds003768/sub-02/anat/sub-02_T1w.nii.gz,True,0.3341653347015381,0.5823227763175964,0.10139860139860139,intercept+linear_quadratic_trend+dct_highpass_128s_9cos+fd_deriv_power2+fd_spikes_0.5_29,80x80x35x286,80x80x35,286,3x3x4x2.1,3x3x4,2.0999999046325684,-35.99999450127117,35.99999450127117,True,2.1,2.1,120x120x70->96x96x96,281,11.549999237060547,599.5499877929688,281,1.0,5,285,True,True,1.0,0.962793128225227,262.7567138671875,True
Sleep_rest_EEG_fMRI_OpenNeuro_ds003768,sub-03,sub-03_ses-nosession_rest_rest_run-1,/home/sudaxin/projects/paired_data/data/pooled_raw_schaefer100_mni_proxy_full_mask_min80/run_cache/Sleep_rest_EEG_fMRI_OpenNeuro_ds003768/sub-03_ses-nosession_rest_rest_run-1.npz,native_bold_requires_ants_to_mni,mni_proxy_ants_schaefer100,/home/sudaxin/projects/paired_data/downloads/paired_datasets/Sleep_rest_EEG_fMRI_OpenNeuro_ds003768/sub-03/func/sub-03_task-rest_run-1_bold.nii.gz,/home/sudaxin/projects/paired_data/data/mni_schaefer100_proxy_full_denoise_work/targets/Sleep_rest_EEG_fMRI_OpenNeuro_ds003768/sub-03/0e33416935ec8beb/schaefer100_mni_proxy.npz,True,True,True,ok,,3,,,/home/sudaxin/projects/paired_data/data/mni_schaefer100_proxy_full_denoise_work/mni152_on_schaefer100_grid.nii.gz,/home/sudaxin/projects/paired_data/downloads/paired_datasets/Sleep_rest_EEG_fMRI_OpenNeuro_ds003768/sub-03/anat/sub-03_T1w.nii.gz,True,0.36794283986091614,0.623230516910553,0.21328671328671328,intercept+linear_quadratic_trend+dct_highpass_128s_9cos+fd_deriv_power2+fd_spikes_0.5_50,80x80x35x286,80x80x35,286,3x3x4x2.1,3x3x4,2.0999999046325684,-35.99999636745149,35.99999636745149,True,2.1,2.1,120x120x70->96x96x96,281,11.549999237060547,599.5499877929688,281,1.0,5,285,True,True,1.0,0.9628453850676073,227.61114501953125,True
Sleep_rest_EEG_fMRI_OpenNeuro_ds003768,sub-04,sub-04_ses-nosession_rest_rest_run-1,/home/sudaxin/projects/paired_data/data/pooled_raw_schaefer100_mni_proxy_full_mask_min80/run_cache/Sleep_rest_EEG_fMRI_OpenNeuro_ds003768/sub-04_ses-nosession_rest_rest_run-1.npz,native_bold_requires_ants_to_mni,mni_proxy_ants_schaefer100,/home/sudaxin/projects/paired_data/downloads/paired_datasets/Sleep_rest_EEG_fMRI_OpenNeuro_ds003768/sub-04/func/sub-04_task-rest_run-1_bold.nii.gz,/home/sudaxin/projects/paired_data/data/mni_schaefer100_proxy_full_denoise_work/targets/Sleep_rest_EEG_fMRI_OpenNeuro_ds003768/sub-04/2aa8f56415fde791/schaefer100_mni_proxy.npz,True,True,True,ok,,3,,,/home/sudaxin/projects/paired_data/data/mni_schaefer100_proxy_full_denoise_work/mni152_on_schaefer100_grid.nii.gz,/home/sudaxin/projects/paired_data/downloads/paired_datasets/Sleep_rest_EEG_fMRI_OpenNeuro_ds003768/sub-04/anat/sub-04_T1w.nii.gz,True,0.30846041440963745,0.5951052904129028,0.10139860139860139,intercept+linear_quadratic_trend+dct_highpass_128s_9cos+fd_deriv_power2+fd_spikes_0.5_29,80x80x35x286,80x80x35,286,3x3x4x2.1,3x3x4,2.0999999046325684,-35.999997854117375,35.999997854117375,True,2.1,2.1,120x120x70->96x96x96,281,11.549999237060547,599.5499877929688,281,1.0,5,285,True,True,1.0,0.9628845776993925,310.9974060058594,True
Sleep_rest_EEG_fMRI_OpenNeuro_ds003768,sub-05,sub-05_ses-nosession_rest_rest_run-1,/home/sudaxin/projects/paired_data/data/pooled_raw_schaefer100_mni_proxy_full_mask_min80/run_cache/Sleep_rest_EEG_fMRI_OpenNeuro_ds003768/sub-05_ses-nosession_rest_rest_run-1.npz,native_bold_requires_ants_to_mni,mni_proxy_ants_schaefer100,/home/sudaxin/projects/paired_data/downloads/paired_datasets/Sleep_rest_EEG_fMRI_OpenNeuro_ds003768/sub-05/func/sub-05_task-rest_run-1_bold.nii.gz,/home/sudaxin/projects/paired_data/data/mni_schaefer100_proxy_full_denoise_work/targets/Sleep_rest_EEG_fMRI_OpenNeuro_ds003768/sub-05/7b4f71dcd0019c9b/schaefer100_mni_proxy.npz,True,True,True,ok,,3,,,/home/sudaxin/projects/paired_data/data/mni_schaefer100_proxy_full_denoise_work/mni152_on_schaefer100_grid.nii.gz,/home/sudaxin/projects/paired_data/downloads/paired_datasets/Sleep_rest_EEG_fMRI_OpenNeuro_ds003768/sub-05/anat/sub-05_T1w.nii.gz,True,0.3228682279586792,0.5900750160217285,0.10139860139860139,intercept+linear_quadratic_trend+dct_highpass_128s_9cos+fd_deriv_power2+fd_spikes_0.5_29,80x80x35x286,80x80x35,286,3x3x4x2.1,3x3x4,2.0999999046325684,-36.000004060653,36.000004060653,True,2.1,2.1,120x120x70->96x96x96,281,11.549999237060547,599.5499877929688,281,1.0,5,285,True,True,1.0,0.9628715134887974,288.9219665527344,True
Sleep_rest_EEG_fMRI_OpenNeuro_ds003768,sub-06,sub-06_ses-nosession_rest_rest_run-1,/home/sudaxin/projects/paired_data/data/pooled_raw_schaefer100_mni_proxy_full_mask_min80/run_cache/Sleep_rest_EEG_fMRI_OpenNeuro_ds003768/sub-06_ses-nosession_rest_rest_run-1.npz,native_bold_requires_ants_to_mni,mni_proxy_ants_schaefer100,/home/sudaxin/projects/paired_data/downloads/paired_datasets/Sleep_rest_EEG_fMRI_OpenNeuro_ds003768/sub-06/func/sub-06_task-rest_run-1_bold.nii.gz,/home/sudaxin/projects/paired_data/data/mni_schaefer100_proxy_full_denoise_work/targets/Sleep_rest_EEG_fMRI_OpenNeuro_ds003768/sub-06/3710579042444dbe/schaefer100_mni_proxy.npz,True,True,True,ok,,3,,,/home/sudaxin/projects/paired_data/data/mni_schaefer100_proxy_full_denoise_work/mni152_on_schaefer100_grid.nii.gz,/home/sudaxin/projects/paired_data/downloads/paired_datasets/Sleep_rest_EEG_fMRI_OpenNeuro_ds003768/sub-06/anat/sub-06_T1w.nii.gz,True,0.3773198425769806,0.7333115339279175,0.16083916083916083,intercept+linear_quadratic_trend+dct_highpass_128s_9cos+fd_deriv_power2+fd_spikes_0.5_46,80x80x35x286,80x80x35,286,3x3x4x2.1,3x3x4,2.0999999046325684,-35.99999837360244,35.99999837360244,True,2.1,2.1,120x120x70->96x96x96,281,11.549999237060547,599.5499877929688,281,1.0,5,285,True,True,1.0,0.9628323208570122,259.084716796875,True
Sleep_rest_EEG_fMRI_OpenNeuro_ds003768,sub-07,sub-07_ses-nosession_rest_rest_run-1,/home/sudaxin/projects/paired_data/data/pooled_raw_schaefer100_mni_proxy_full_mask_min80/run_cache/Sleep_rest_EEG_fMRI_OpenNeuro_ds003768/sub-07_ses-nosession_rest_rest_run-1.npz,native_bold_requires_ants_to_mni,mni_proxy_ants_schaefer100,/home/sudaxin/projects/paired_data/downloads/paired_datasets/Sleep_rest_EEG_fMRI_OpenNeuro_ds003768/sub-07/func/sub-07_task-rest_run-1_bold.nii.gz,/home/sudaxin/projects/paired_data/data/mni_schaefer100_proxy_full_denoise_work/targets/Sleep_rest_EEG_fMRI_OpenNeuro_ds003768/sub-07/2140183041ff7119/schaefer100_mni_proxy.npz,True,True,True,ok,,3,,,/home/sudaxin/projects/paired_data/data/mni_schaefer100_proxy_full_denoise_work/mni152_on_schaefer100_grid.nii.gz,/home/sudaxin/projects/paired_data/downloads/paired_datasets/Sleep_rest_EEG_fMRI_OpenNeuro_ds003768/sub-07/anat/sub-07_T1w.nii.gz,True,0.4506693482398987,0.8744343519210815,0.3356643356643357,intercept+linear_quadratic_trend+dct_highpass_128s_9cos+fd_deriv_power2+fd_spikes_0.5_50,80x80x35x286,80x80x35,286,3x3x4x2.1,3x3x4,2.0999999046325684,-35.999999327578585,35.999999327578585,True,2.1,2.1,120x120x70->96x96x96,281,11.549999237060547,599.5499877929688,281,1.0,5,285,True,True,1.0,0.9629107061205827,252.85130310058594,True
Sleep_rest_EEG_fMRI_OpenNeuro_ds003768,sub-08,sub-08_ses-nosession_rest_rest_run-1,/home/sudaxin/projects/paired_data/data/pooled_raw_schaefer100_mni_proxy_full_mask_min80/run_cache/Sleep_rest_EEG_fMRI_OpenNeuro_ds003768/sub-08_ses-nosession_rest_rest_run-1.npz,native_bold_requires_ants_to_mni,mni_proxy_ants_schaefer100,/home/sudaxin/projects/paired_data/downloads/paired_datasets/Sleep_rest_EEG_fMRI_OpenNeuro_ds003768/sub-08/func/sub-08_task-rest_run-1_bold.nii.gz,/home/sudaxin/projects/paired_data/data/mni_schaefer100_proxy_full_denoise_work/targets/Sleep_rest_EEG_fMRI_OpenNeuro_ds003768/sub-08/a11db80758a31f65/schaefer100_mni_proxy.npz,True,True,True,ok,,3,,,/home/sudaxin/projects/paired_data/data/mni_schaefer100_proxy_full_denoise_work/mni152_on_schaefer100_grid.nii.gz,/home/sudaxin/projects/paired_data/downloads/paired_datasets/Sleep_rest_EEG_fMRI_OpenNeuro_ds003768/sub-08/anat/sub-08_T1w.nii.gz,True,0.3087098300457001,0.5394953489303589,0.07692307692307693,intercept+linear_quadratic_trend+dct_highpass_128s_9cos+fd_deriv_power2+fd_spikes_0.5_22,80x80x35x286,80x80x35,286,3x3x4x2.1,3x3x4,2.0999999046325684,-36.000000443806556,36.000000443806556,True,2.1,2.1,120x120x70->96x96x96,281,11.549999237060547,599.5499877929688,281,1.0,5,285,True,True,1.0,0.9628845776993925,283.5639953613281,True
Sleep_rest_EEG_fMRI_OpenNeuro_ds003768,sub-09,sub-09_ses-nosession_rest_rest_run-1,/home/sudaxin/projects/paired_data/data/pooled_raw_schaefer100_mni_proxy_full_mask_min80/run_cache/Sleep_rest_EEG_fMRI_OpenNeuro_ds003768/sub-09_ses-nosession_rest_rest_run-1.npz,native_bold_requires_ants_to_mni,mni_proxy_ants_schaefer100,/home/sudaxin/projects/paired_data/downloads/paired_datasets/Sleep_rest_EEG_fMRI_OpenNeuro_ds003768/sub-09/func/sub-09_task-rest_run-1_bold.nii.gz,/home/sudaxin/projects/paired_data/data/mni_schaefer100_proxy_full_denoise_work/targets/Sleep_rest_EEG_fMRI_OpenNeuro_ds003768/sub-09/59d93da727fb43b6/schaefer100_mni_proxy.npz,True,True,True,ok,,3,,,/home/sudaxin/projects/paired_data/data/mni_schaefer100_proxy_full_denoise_work/mni152_on_schaefer100_grid.nii.gz,/home/sudaxin/projects/paired_data/downloads/paired_datasets/Sleep_rest_EEG_fMRI_OpenNeuro_ds003768/sub-09/anat/sub-09_T1w.nii.gz,True,0.3271578848361969,0.5883251428604126,0.14685314685314685,intercept+linear_quadratic_trend+dct_highpass_128s_9cos+fd_deriv_power2+fd_spikes_0.5_42,80x80x35x286,80x80x35,286,3x3x4x2.1,3x3x4,2.0999999046325684,-35.99999415734803,35.99999415734803,True,2.1,2.1,120x120x70->96x96x96,281,11.549999237060547,599.5499877929688,281,1.0,5,285,True,True,1.0,0.962793128225227,269.20928955078125,True
Sleep_rest_EEG_fMRI_OpenNeuro_ds003768,sub-10,sub-10_ses-nosession_rest_rest_run-1,/home/sudaxin/projects/paired_data/data/pooled_raw_schaefer100_mni_proxy_full_mask_min80/run_cache/Sleep_rest_EEG_fMRI_OpenNeuro_ds003768/sub-10_ses-nosession_rest_rest_run-1.npz,native_bold_requires_ants_to_mni,mni_proxy_ants_schaefer100,/home/sudaxin/projects/paired_data/downloads/paired_datasets/Sleep_rest_EEG_fMRI_OpenNeuro_ds003768/sub-10/func/sub-10_task-rest_run-1_bold.nii.gz,/home/sudaxin/projects/paired_data/data/mni_schaefer100_proxy_full_denoise_work/targets/Sleep_rest_EEG_fMRI_OpenNeuro_ds003768/sub-10/b4339929f7eec40f/schaefer100_mni_proxy.npz,True,True,True,ok,,3,,,/home/sudaxin/projects/paired_data/data/mni_schaefer100_proxy_full_denoise_work/mni152_on_schaefer100_grid.nii.gz,/home/sudaxin/projects/paired_data/downloads/paired_datasets/Sleep_rest_EEG_fMRI_OpenNeuro_ds003768/sub-10/anat/sub-10_T1w.nii.gz,True,0.37134549021720886,0.6678526401519775,0.15734265734265734,intercept+linear_quadratic_trend+dct_highpass_128s_9cos+fd_deriv_power2+fd_spikes_0.5_45,80x80x35x286,80x80x35,286,3x3x4x2.1,3x3x4,2.0999999046325684,-35.9999981123464,35.9999981123464,True,2.1,2.1,120x120x70->96x96x96,281,11.549999237060547,599.5499877929688,281,1.0,5,285,True,True,1.0,0.9628976419099876,268.2896423339844,True
Sleep_rest_EEG_fMRI_OpenNeuro_ds003768,sub-11,sub-11_ses-nosession_rest_rest_run-1,/home/sudaxin/projects/paired_data/data/pooled_raw_schaefer100_mni_proxy_full_mask_min80/run_cache/Sleep_rest_EEG_fMRI_OpenNeuro_ds003768/sub-11_ses-nosession_rest_rest_run-1.npz,native_bold_requires_ants_to_mni,mni_proxy_ants_schaefer100,/home/sudaxin/projects/paired_data/downloads/paired_datasets/Sleep_rest_EEG_fMRI_OpenNeuro_ds003768/sub-11/func/sub-11_task-rest_run-1_bold.nii.gz,/home/sudaxin/projects/paired_data/data/mni_schaefer100_proxy_full_denoise_work/targets/Sleep_rest_EEG_fMRI_OpenNeuro_ds003768/sub-11/83b25e4ede3f928e/schaefer100_mni_proxy.npz,True,True,True,ok,,3,,,/home/sudaxin/projects/paired_data/data/mni_schaefer100_proxy_full_denoise_work/mni152_on_schaefer100_grid.nii.gz,/home/sudaxin/projects/paired_data/downloads/paired_datasets/Sleep_rest_EEG_fMRI_OpenNeuro_ds003768/sub-11/anat/sub-11_T1w.nii.gz,True,0.281977117061615,0.5587178468704224,0.07342657342657342,intercept+linear_quadratic_trend+dct_highpass_128s_9cos+fd_deriv_power2+fd_spikes_0.5_21,80x80x35x286,80x80x35,286,3x3x4x2.1,3x3x4,2.0999999046325684,-36.00000048737694,36.00000048737694,True,2.1,2.1,120x120x70->96x96x96,281,11.549999237060547,599.5499877929688,281,1.0,5,285,True,True,1.0,0.9628976419099876,258.2330627441406,True
Sleep_rest_EEG_fMRI_OpenNeuro_ds003768,sub-12,sub-12_ses-nosession_rest_rest_run-1,/home/sudaxin/projects/paired_data/data/pooled_raw_schaefer100_mni_proxy_full_mask_min80/run_cache/Sleep_rest_EEG_fMRI_OpenNeuro_ds003768/sub-12_ses-nosession_rest_rest_run-1.npz,native_bold_requires_ants_to_mni,mni_proxy_ants_schaefer100,/home/sudaxin/projects/paired_data/downloads/paired_datasets/Sleep_rest_EEG_fMRI_OpenNeuro_ds003768/sub-12/func/sub-12_task-rest_run-1_bold.nii.gz,/home/sudaxin/projects/paired_data/data/mni_schaefer100_proxy_full_denoise_work/targets/Sleep_rest_EEG_fMRI_OpenNeuro_ds003768/sub-12/36d56485add88bae/schaefer100_mni_proxy.npz,True,True,True,ok,,3,,,/home/sudaxin/projects/paired_data/data/mni_schaefer100_proxy_full_denoise_work/mni152_on_schaefer100_grid.nii.gz,/home/sudaxin/projects/paired_data/downloads/paired_datasets/Sleep_rest_EEG_fMRI_OpenNeuro_ds003768/sub-12/anat/sub-12_T1w.nii.gz,True,0.3309256136417389,0.6047569513320923,0.12937062937062938,intercept+linear_quadratic_trend+dct_highpass_128s_9cos+fd_deriv_power2+fd_spikes_0.5_37,80x80x35x286,80x80x35,286,3x3x4x2.1,3x3x4,2.0999999046325684,-36.000008069936115,36.000008069936115,True,2.1,2.1,120x120x70->96x96x96,281,11.549999237060547,599.5499877929688,281,1.0,5,285,True,True,1.0,0.9628453850676073,276.43109130859375,True
Sleep_rest_EEG_fMRI_OpenNeuro_ds003768,sub-13,sub-13_ses-nosession_rest_rest_run-1,/home/sudaxin/projects/paired_data/data/pooled_raw_schaefer100_mni_proxy_full_mask_min80/run_cache/Sleep_rest_EEG_fMRI_OpenNeuro_ds003768/sub-13_ses-nosession_rest_rest_run-1.npz,native_bold_requires_ants_to_mni,mni_proxy_ants_schaefer100,/home/sudaxin/projects/paired_data/downloads/paired_datasets/Sleep_rest_EEG_fMRI_OpenNeuro_ds003768/sub-13/func/sub-13_task-rest_run-1_bold.nii.gz,/home/sudaxin/projects/paired_data/data/mni_schaefer100_proxy_full_denoise_work/targets/Sleep_rest_EEG_fMRI_OpenNeuro_ds003768/sub-13/99732998a963c901/schaefer100_mni_proxy.npz,True,True,True,ok,,3,,,/home/sudaxin/projects/paired_data/data/mni_schaefer100_proxy_full_denoise_work/mni152_on_schaefer100_grid.nii.gz,/home/sudaxin/projects/paired_data/downloads/paired_datasets/Sleep_rest_EEG_fMRI_OpenNeuro_ds003768/sub-13/anat/sub-13_T1w.nii.gz,True,0.44314008951187134,0.8438715934753418,0.3041958041958042,intercept+linear_quadratic_trend+dct_highpass_128s_9cos+fd_deriv_power2+fd_spikes_0.5_50,80x80x35x286,80x80x35,286,3x3x4x2.1,3x3x4,2.0999999046325684,-35.9999992023512,35.9999992023512,True,2.1,2.1,120x120x70->96x96x96,281,11.549999237060547,599.5499877929688,281,1.0,5,285,True,True,1.0,0.9628323208570122,260.79931640625,True
Sleep_rest_EEG_fMRI_OpenNeuro_ds003768,sub-14,sub-14_ses-nosession_rest_rest_run-1,/home/sudaxin/projects/paired_data/data/pooled_raw_schaefer100_mni_proxy_full_mask_min80/run_cache/Sleep_rest_EEG_fMRI_OpenNeuro_ds003768/sub-14_ses-nosession_rest_rest_run-1.npz,native_bold_requires_ants_to_mni,mni_proxy_ants_schaefer100,/home/sudaxin/projects/paired_data/downloads/paired_datasets/Sleep_rest_EEG_fMRI_OpenNeuro_ds003768/sub-14/func/sub-14_task-rest_run-1_bold.nii.gz,/home/sudaxin/projects/paired_data/data/mni_schaefer100_proxy_full_denoise_work/targets/Sleep_rest_EEG_fMRI_OpenNeuro_ds003768/sub-14/b1bd5a445ec0a13e/schaefer100_mni_proxy.npz,True,True,True,ok,,3,,,/home/sudaxin/projects/paired_data/data/mni_schaefer100_proxy_full_denoise_work/mni152_on_schaefer100_grid.nii.gz,/home/sudaxin/projects/paired_data/downloads/paired_datasets/Sleep_rest_EEG_fMRI_OpenNeuro_ds003768/sub-14/anat/sub-14_T1w.nii.gz,True,0.37318116426467896,0.7402204871177673,0.17832167832167833,intercept+linear_quadratic_trend+dct_highpass_128s_9cos+fd_deriv_power2+fd_spikes_0.5_50,80x80x35x286,80x80x35,286,3x3x4x2.1,3x3x4,2.0999999046325684,-35.999995774047235,35.999995774047235,True,2.1,2.1,120x120x70->96x96x96,281,11.549999237060547,599.5499877929688,281,1.0,5,285,True,True,1.0,0.9629237703311777,216.6821746826172,True
Sleep_rest_EEG_fMRI_OpenNeuro_ds003768,sub-15,sub-15_ses-nosession_rest_rest_run-1,/home/sudaxin/projects/paired_data/data/pooled_raw_schaefer100_mni_proxy_full_mask_min80/run_cache/Sleep_rest_EEG_fMRI_OpenNeuro_ds003768/sub-15_ses-nosession_rest_rest_run-1.npz,native_bold_requires_ants_to_mni,mni_proxy_ants_schaefer100,/home/sudaxin/projects/paired_data/downloads/paired_datasets/Sleep_rest_EEG_fMRI_OpenNeuro_ds003768/sub-15/func/sub-15_task-rest_run-1_bold.nii.gz,/home/sudaxin/projects/paired_data/data/mni_schaefer100_proxy_full_denoise_work/targets/Sleep_rest_EEG_fMRI_OpenNeuro_ds003768/sub-15/47590d6dac473915/schaefer100_mni_proxy.npz,True,True,True,ok,,3,,,/home/sudaxin/projects/paired_data/data/mni_schaefer100_proxy_full_denoise_work/mni152_on_schaefer100_grid.nii.gz,/home/sudaxin/projects/paired_data/downloads/paired_datasets/Sleep_rest_EEG_fMRI_OpenNeuro_ds003768/sub-15/anat/sub-15_T1w.nii.gz,True,0.3647098243236542,0.6198208332061768,0.16083916083916083,intercept+linear_quadratic_trend+dct_highpass_128s_9cos+fd_deriv_power2+fd_spikes_0.5_46,80x80x35x286,80x80x35,286,3x3x4x2.1,3x3x4,2.0999999046325684,-35.999999707936475,35.999999707936475,True,2.1,2.1,120x120x70->96x96x96,281,11.549999237060547,599.5499877929688,281,1.0,5,285,True,True,1.0,0.9628453850676073,256.77197265625,True
Sleep_rest_EEG_fMRI_OpenNeuro_ds003768,sub-16,sub-16_ses-nosession_rest_rest_run-1,/home/sudaxin/projects/paired_data/data/pooled_raw_schaefer100_mni_proxy_full_mask_min80/run_cache/Sleep_rest_EEG_fMRI_OpenNeuro_ds003768/sub-16_ses-nosession_rest_rest_run-1.npz,native_bold_requires_ants_to_mni,mni_proxy_ants_schaefer100,/home/sudaxin/projects/paired_data/downloads/paired_datasets/Sleep_rest_EEG_fMRI_OpenNeuro_ds003768/sub-16/func/sub-16_task-rest_run-1_bold.nii.gz,/home/sudaxin/projects/paired_data/data/mni_schaefer100_proxy_full_denoise_work/targets/Sleep_rest_EEG_fMRI_OpenNeuro_ds003768/sub-16/8ec49ab2b7ff92d4/schaefer100_mni_proxy.npz,True,True,True,ok,,3,,,/home/sudaxin/projects/paired_data/data/mni_schaefer100_proxy_full_denoise_work/mni152_on_schaefer100_grid.nii.gz,/home/sudaxin/projects/paired_data/downloads/paired_datasets/Sleep_rest_EEG_fMRI_OpenNeuro_ds003768/sub-16/anat/sub-16_T1w.nii.gz,True,0.4410563111305237,0.7849556803703308,0.25874125874125875,intercept+linear_quadratic_trend+dct_highpass_128s_9cos+fd_deriv_power2+fd_spikes_0.5_50,80x80x35x286,80x80x35,286,3x3x4x2.1,3x3x4,2.0999999046325684,-35.99999661959127,35.99999661959127,True,2.1,2.1,120x120x70->96x96x96,281,11.549999237060547,599.5499877929688,281,1.0,5,285,True,True,1.0,0.9628584492782024,264.94732666015625,True
Sleep_rest_EEG_fMRI_OpenNeuro_ds003768,sub-17,sub-17_ses-nosession_rest_rest_run-1,/home/sudaxin/projects/paired_data/data/pooled_raw_schaefer100_mni_proxy_full_mask_min80/run_cache/Sleep_rest_EEG_fMRI_OpenNeuro_ds003768/sub-17_ses-nosession_rest_rest_run-1.npz,native_bold_requires_ants_to_mni,mni_proxy_ants_schaefer100,/home/sudaxin/projects/paired_data/downloads/paired_datasets/Sleep_rest_EEG_fMRI_OpenNeuro_ds003768/sub-17/func/sub-17_task-rest_run-1_bold.nii.gz,/home/sudaxin/projects/paired_data/data/mni_schaefer100_proxy_full_denoise_work/targets/Sleep_rest_EEG_fMRI_OpenNeuro_ds003768/sub-17/d05aa2008b0b71ef/schaefer100_mni_proxy.npz,True,True,True,ok,,3,,,/home/sudaxin/projects/paired_data/data/mni_schaefer100_proxy_full_denoise_work/mni152_on_schaefer100_grid.nii.gz,/home/sudaxin/projects/paired_data/downloads/paired_datasets/Sleep_rest_EEG_fMRI_OpenNeuro_ds003768/sub-17/anat/sub-17_T1w.nii.gz,True,0.3156302571296692,0.5283430218696594,0.06993006993006994,intercept+linear_quadratic_trend+dct_highpass_128s_9cos+fd_deriv_power2+fd_spikes_0.5_20,80x80x35x286,80x80x35,286,3x3x4x2.1,3x3x4,2.0999999046325684,-35.99999897479433,35.99999897479433,True,2.1,2.1,120x120x70->96x96x96,281,11.549999237060547,599.5499877929688,281,1.0,5,285,True,True,1.0,0.9629107061205827,269.9071350097656,True
Sleep_rest_EEG_fMRI_OpenNeuro_ds003768,sub-18,sub-18_ses-nosession_rest_rest_run-1,/home/sudaxin/projects/paired_data/data/pooled_raw_schaefer100_mni_proxy_full_mask_min80/run_cache/Sleep_rest_EEG_fMRI_OpenNeuro_ds003768/sub-18_ses-nosession_rest_rest_run-1.npz,native_bold_requires_ants_to_mni,mni_proxy_ants_schaefer100,/home/sudaxin/projects/paired_data/downloads/paired_datasets/Sleep_rest_EEG_fMRI_OpenNeuro_ds003768/sub-18/func/sub-18_task-rest_run-1_bold.nii.gz,/home/sudaxin/projects/paired_data/data/mni_schaefer100_proxy_full_denoise_work/targets/Sleep_rest_EEG_fMRI_OpenNeuro_ds003768/sub-18/afd978edb2a02a2d/schaefer100_mni_proxy.npz,True,True,True,ok,,3,,,/home/sudaxin/projects/paired_data/data/mni_schaefer100_proxy_full_denoise_work/mni152_on_schaefer100_grid.nii.gz,/home/sudaxin/projects/paired_data/downloads/paired_datasets/Sleep_rest_EEG_fMRI_OpenNeuro_ds003768/sub-18/anat/sub-18_T1w.nii.gz,True,0.28220176696777344,0.572593629360199,0.06293706293706294,intercept+linear_quadratic_trend+dct_highpass_128s_9cos+fd_deriv_power2+fd_spikes_0.5_18,80x80x35x286,80x80x35,286,3x3x4x2.1,3x3x4,2.0999999046325684,-35.99999739475418,35.99999739475418,True,2.1,2.1,120x120x70->96x96x96,281,11.549999237060547,599.5499877929688,281,1.0,5,285,True,True,1.0,0.9628323208570122,243.36158752441406,True
Sleep_rest_EEG_fMRI_OpenNeuro_ds003768,sub-19,sub-19_ses-nosession_rest_rest_run-1,/home/sudaxin/projects/paired_data/data/pooled_raw_schaefer100_mni_proxy_full_mask_min80/run_cache/Sleep_rest_EEG_fMRI_OpenNeuro_ds003768/sub-19_ses-nosession_rest_rest_run-1.npz,native_bold_requires_ants_to_mni,mni_proxy_ants_schaefer100,/home/sudaxin/projects/paired_data/downloads/paired_datasets/Sleep_rest_EEG_fMRI_OpenNeuro_ds003768/sub-19/func/sub-19_task-rest_run-1_bold.nii.gz,/home/sudaxin/projects/paired_data/data/mni_schaefer100_proxy_full_denoise_work/targets/Sleep_rest_EEG_fMRI_OpenNeuro_ds003768/sub-19/bb02a7d7c4f4debb/schaefer100_mni_proxy.npz,True,True,True,ok,,3,,,/home/sudaxin/projects/paired_data/data/mni_schaefer100_proxy_full_denoise_work/mni152_on_schaefer100_grid.nii.gz,/home/sudaxin/projects/paired_data/downloads/paired_datasets/Sleep_rest_EEG_fMRI_OpenNeuro_ds003768/sub-19/anat/sub-19_T1w.nii.gz,True,0.37296831607818604,0.7028027176856995,0.20279720279720279,intercept+linear_quadratic_trend+dct_highpass_128s_9cos+fd_deriv_power2+fd_spikes_0.5_50,80x80x35x286,80x80x35,286,3x3x4x2.1,3x3x4,2.0999999046325684,-35.999998657466385,35.999998657466385,True,2.1,2.1,120x120x70->96x96x96,281,11.549999237060547,599.5499877929688,281,1.0,5,285,True,True,1.0,0.9628715134887974,225.2318572998047,True
Sleep_rest_EEG_fMRI_OpenNeuro_ds003768,sub-20,sub-20_ses-nosession_rest_rest_run-1,/home/sudaxin/projects/paired_data/data/pooled_raw_schaefer100_mni_proxy_full_mask_min80/run_cache/Sleep_rest_EEG_fMRI_OpenNeuro_ds003768/sub-20_ses-nosession_rest_rest_run-1.npz,native_bold_requires_ants_to_mni,mni_proxy_ants_schaefer100,/home/sudaxin/projects/paired_data/downloads/paired_datasets/Sleep_rest_EEG_fMRI_OpenNeuro_ds003768/sub-20/func/sub-20_task-rest_run-1_bold.nii.gz,/home/sudaxin/projects/paired_data/data/mni_schaefer100_proxy_full_denoise_work/targets/Sleep_rest_EEG_fMRI_OpenNeuro_ds003768/sub-20/a98f1a31dbddcba6/schaefer100_mni_proxy.npz,True,True,True,ok,,3,,,/home/sudaxin/projects/paired_data/data/mni_schaefer100_proxy_full_denoise_work/mni152_on_schaefer100_grid.nii.gz,/home/sudaxin/projects/paired_data/downloads/paired_datasets/Sleep_rest_EEG_fMRI_OpenNeuro_ds003768/sub-20/anat/sub-20_T1w.nii.gz,True,0.24823883175849915,0.46510744094848633,0.03146853146853147,intercept+linear_quadratic_trend+dct_highpass_128s_9cos+fd_deriv_power2+fd_spikes_0.5_9,80x80x35x286,80x80x35,286,3x3x4x2.1,3x3x4,2.0999999046325684,-36.000003294830314,36.000003294830314,True,2.1,2.1,120x120x70->96x96x96,281,11.549999237060547,599.5499877929688,281,1.0,5,285,True,True,1.0,0.9628323208570122,302.1846923828125,True
Sleep_rest_EEG_fMRI_OpenNeuro_ds003768,sub-21,sub-21_ses-nosession_rest_rest_run-1,/home/sudaxin/projects/paired_data/data/pooled_raw_schaefer100_mni_proxy_full_mask_min80/run_cache/Sleep_rest_EEG_fMRI_OpenNeuro_ds003768/sub-21_ses-nosession_rest_rest_run-1.npz,native_bold_requires_ants_to_mni,mni_proxy_ants_schaefer100,/home/sudaxin/projects/paired_data/downloads/paired_datasets/Sleep_rest_EEG_fMRI_OpenNeuro_ds003768/sub-21/func/sub-21_task-rest_run-1_bold.nii.gz,/home/sudaxin/projects/paired_data/data/mni_schaefer100_proxy_full_denoise_work/targets/Sleep_rest_EEG_fMRI_OpenNeuro_ds003768/sub-21/037f2d6fda706c56/schaefer100_mni_proxy.npz,True,True,True,ok,,3,,,/home/sudaxin/projects/paired_data/data/mni_schaefer100_proxy_full_denoise_work/mni152_on_schaefer100_grid.nii.gz,/home/sudaxin/projects/paired_data/downloads/paired_datasets/Sleep_rest_EEG_fMRI_OpenNeuro_ds003768/sub-21/anat/sub-21_T1w.nii.gz,True,0.35267436504364014,0.6541389226913452,0.15034965034965034,intercept+linear_quadratic_trend+dct_highpass_128s_9cos+fd_deriv_power2+fd_spikes_0.5_43,80x80x35x286,80x80x35,286,3x3x4x2.1,3x3x4,2.0999999046325684,-35.99999886984649,35.99999886984649,True,2.1,2.1,120x120x70->96x96x96,281,11.549999237060547,599.5499877929688,281,1.0,5,285,True,True,1.0,0.9629368345417728,284.5472717285156,True
Sleep_rest_EEG_fMRI_OpenNeuro_ds003768,sub-22,sub-22_ses-nosession_rest_rest_run-1,/home/sudaxin/projects/paired_data/data/pooled_raw_schaefer100_mni_proxy_full_mask_min80/run_cache/Sleep_rest_EEG_fMRI_OpenNeuro_ds003768/sub-22_ses-nosession_rest_rest_run-1.npz,native_bold_requires_ants_to_mni,mni_proxy_ants_schaefer100,/home/sudaxin/projects/paired_data/downloads/paired_datasets/Sleep_rest_EEG_fMRI_OpenNeuro_ds003768/sub-22/func/sub-22_task-rest_run-1_bold.nii.gz,/home/sudaxin/projects/paired_data/data/mni_schaefer100_proxy_full_denoise_work/targets/Sleep_rest_EEG_fMRI_OpenNeuro_ds003768/sub-22/1146ea8794538231/schaefer100_mni_proxy.npz,True,True,True,ok,,3,,,/home/sudaxin/projects/paired_data/data/mni_schaefer100_proxy_full_denoise_work/mni152_on_schaefer100_grid.nii.gz,/home/sudaxin/projects/paired_data/downloads/paired_datasets/Sleep_rest_EEG_fMRI_OpenNeuro_ds003768/sub-22/anat/sub-22_T1w.nii.gz,True,0.26766064763069153,0.49086350202560425,0.04895104895104895,intercept+linear_quadratic_trend+dct_highpass_128s_9cos+fd_deriv_power2+fd_spikes_0.5_14,80x80x35x286,80x80x35,286,3x3x4x2.1,3x3x4,2.0999999046325684,-36.00000242712437,36.00000242712437,True,2.1,2.1,120x120x70->96x96x96,281,11.549999237060547,599.5499877929688,281,1.0,5,285,True,True,1.0,0.9628845776993925,300.9944763183594,True
Sleep_rest_EEG_fMRI_OpenNeuro_ds003768,sub-23,sub-23_ses-nosession_rest_rest_run-1,/home/sudaxin/projects/paired_data/data/pooled_raw_schaefer100_mni_proxy_full_mask_min80/run_cache/Sleep_rest_EEG_fMRI_OpenNeuro_ds003768/sub-23_ses-nosession_rest_rest_run-1.npz,native_bold_requires_ants_to_mni,mni_proxy_ants_schaefer100,/home/sudaxin/projects/paired_data/downloads/paired_datasets/Sleep_rest_EEG_fMRI_OpenNeuro_ds003768/sub-23/func/sub-23_task-rest_run-1_bold.nii.gz,/home/sudaxin/projects/paired_data/data/mni_schaefer100_proxy_full_denoise_work/targets/Sleep_rest_EEG_fMRI_OpenNeuro_ds003768/sub-23/2f7235a068be57f4/schaefer100_mni_proxy.npz,True,True,True,ok,,3,,,/home/sudaxin/projects/paired_data/data/mni_schaefer100_proxy_full_denoise_work/mni152_on_schaefer100_grid.nii.gz,/home/sudaxin/projects/paired_data/downloads/paired_datasets/Sleep_rest_EEG_fMRI_OpenNeuro_ds003768/sub-23/anat/sub-23_T1w.nii.gz,True,0.2997530996799469,0.5468173027038574,0.07342657342657342,intercept+linear_quadratic_trend+dct_highpass_128s_9cos+fd_deriv_power2+fd_spikes_0.5_21,80x80x35x286,80x80x35,286,3x3x4x2.1,3x3x4,2.0999999046325684,-35.99999955300527,35.99999955300527,True,2.1,2.1,120x120x70->96x96x96,281,11.549999237060547,599.5499877929688,281,1.0,5,285,True,True,1.0,0.962793128225227,256.2740478515625,True
Sleep_rest_EEG_fMRI_OpenNeuro_ds003768,sub-24,sub-24_ses-nosession_rest_rest_run-1,/home/sudaxin/projects/paired_data/data/pooled_raw_schaefer100_mni_proxy_full_mask_min80/run_cache/Sleep_rest_EEG_fMRI_OpenNeuro_ds003768/sub-24_ses-nosession_rest_rest_run-1.npz,native_bold_requires_ants_to_mni,mni_proxy_ants_schaefer100,/home/sudaxin/projects/paired_data/downloads/paired_datasets/Sleep_rest_EEG_fMRI_OpenNeuro_ds003768/sub-24/func/sub-24_task-rest_run-1_bold.nii.gz,/home/sudaxin/projects/paired_data/data/mni_schaefer100_proxy_full_denoise_work/targets/Sleep_rest_EEG_fMRI_OpenNeuro_ds003768/sub-24/b4d2629081ae327d/schaefer100_mni_proxy.npz,True,True,True,ok,,3,,,/home/sudaxin/projects/paired_data/data/mni_schaefer100_proxy_full_denoise_work/mni152_on_schaefer100_grid.nii.gz,/home/sudaxin/projects/paired_data/downloads/paired_datasets/Sleep_rest_EEG_fMRI_OpenNeuro_ds003768/sub-24/anat/sub-24_T1w.nii.gz,True,0.27486708760261536,0.49268773198127747,0.045454545454545456,intercept+linear_quadratic_trend+dct_highpass_128s_9cos+fd_deriv_power2+fd_spikes_0.5_13,80x80x35x286,80x80x35,286,3x3x4x2.1,3x3x4,2.0999999046325684,-35.99999924836402,35.99999924836402,True,2.1,2.1,120x120x70->96x96x96,281,11.549999237060547,599.5499877929688,281,1.0,5,285,True,True,1.0,0.9628976419099876,226.064453125,True
Sleep_rest_EEG_fMRI_OpenNeuro_ds003768,sub-25,sub-25_ses-nosession_rest_rest_run-1,/home/sudaxin/projects/paired_data/data/pooled_raw_schaefer100_mni_proxy_full_mask_min80/run_cache/Sleep_rest_EEG_fMRI_OpenNeuro_ds003768/sub-25_ses-nosession_rest_rest_run-1.npz,native_bold_requires_ants_to_mni,mni_proxy_ants_schaefer100,/home/sudaxin/projects/paired_data/downloads/paired_datasets/Sleep_rest_EEG_fMRI_OpenNeuro_ds003768/sub-25/func/sub-25_task-rest_run-1_bold.nii.gz,/home/sudaxin/projects/paired_data/data/mni_schaefer100_proxy_full_denoise_work/targets/Sleep_rest_EEG_fMRI_OpenNeuro_ds003768/sub-25/26731b82fddea85d/schaefer100_mni_proxy.npz,True,True,True,ok,,3,,,/home/sudaxin/projects/paired_data/data/mni_schaefer100_proxy_full_denoise_work/mni152_on_schaefer100_grid.nii.gz,/home/sudaxin/projects/paired_data/downloads/paired_datasets/Sleep_rest_EEG_fMRI_OpenNeuro_ds003768/sub-25/anat/sub-25_T1w.nii.gz,True,0.3168710470199585,0.6178447008132935,0.12937062937062938,intercept+linear_quadratic_trend+dct_highpass_128s_9cos+fd_deriv_power2+fd_spikes_0.5_37,80x80x35x286,80x80x35,286,3x3x4x2.1,3x3x4,2.0999999046325684,-36.00000293591556,36.00000293591556,True,2.1,2.1,120x120x70->96x96x96,281,11.549999237060547,599.5499877929688,281,1.0,5,285,True,True,1.0,0.9627669998040368,248.3321075439453,True
Sleep_rest_EEG_fMRI_OpenNeuro_ds003768,sub-26,sub-26_ses-nosession_rest_rest_run-1,/home/sudaxin/projects/paired_data/data/pooled_raw_schaefer100_mni_proxy_full_mask_min80/run_cache/Sleep_rest_EEG_fMRI_OpenNeuro_ds003768/sub-26_ses-nosession_rest_rest_run-1.npz,native_bold_requires_ants_to_mni,mni_proxy_ants_schaefer100,/home/sudaxin/projects/paired_data/downloads/paired_datasets/Sleep_rest_EEG_fMRI_OpenNeuro_ds003768/sub-26/func/sub-26_task-rest_run-1_bold.nii.gz,/home/sudaxin/projects/paired_data/data/mni_schaefer100_proxy_full_denoise_work/targets/Sleep_rest_EEG_fMRI_OpenNeuro_ds003768/sub-26/b9c1cd2353518bb8/schaefer100_mni_proxy.npz,True,True,True,ok,,3,,,/home/sudaxin/projects/paired_data/data/mni_schaefer100_proxy_full_denoise_work/mni152_on_schaefer100_grid.nii.gz,/home/sudaxin/projects/paired_data/downloads/paired_datasets/Sleep_rest_EEG_fMRI_OpenNeuro_ds003768/sub-26/anat/sub-26_T1w.nii.gz,True,0.44813355803489685,0.9027376174926758,0.32167832167832167,intercept+linear_quadratic_trend+dct_highpass_128s_9cos+fd_deriv_power2+fd_spikes_0.5_50,80x80x35x286,80x80x35,286,3x3x4x2.1,3x3x4,2.0999999046325684,-36.00000001628377,36.00000001628377,True,2.1,2.1,120x120x70->96x96x96,281,11.549999237060547,599.5499877929688,281,1.0,5,285,True,True,1.0,0.9628584492782024,252.36770629882812,True
Sleep_rest_EEG_fMRI_OpenNeuro_ds003768,sub-27,sub-27_ses-nosession_rest_rest_run-1,/home/sudaxin/projects/paired_data/data/pooled_raw_schaefer100_mni_proxy_full_mask_min80/run_cache/Sleep_rest_EEG_fMRI_OpenNeuro_ds003768/sub-27_ses-nosession_rest_rest_run-1.npz,native_bold_requires_ants_to_mni,mni_proxy_ants_schaefer100,/home/sudaxin/projects/paired_data/downloads/paired_datasets/Sleep_rest_EEG_fMRI_OpenNeuro_ds003768/sub-27/func/sub-27_task-rest_run-1_bold.nii.gz,/home/sudaxin/projects/paired_data/data/mni_schaefer100_proxy_full_denoise_work/targets/Sleep_rest_EEG_fMRI_OpenNeuro_ds003768/sub-27/6898dfd8ad42fa7e/schaefer100_mni_proxy.npz,True,True,True,ok,,3,,,/home/sudaxin/projects/paired_data/data/mni_schaefer100_proxy_full_denoise_work/mni152_on_schaefer100_grid.nii.gz,/home/sudaxin/projects/paired_data/downloads/paired_datasets/Sleep_rest_EEG_fMRI_OpenNeuro_ds003768/sub-27/anat/sub-27_T1w.nii.gz,True,0.2994488775730133,0.4990779161453247,0.05244755244755245,intercept+linear_quadratic_trend+dct_highpass_128s_9cos+fd_deriv_power2+fd_spikes_0.5_15,80x80x35x286,80x80x35,286,3x3x4x2.1,3x3x4,2.0999999046325684,-36.00000116414462,36.00000116414462,True,2.1,2.1,120x120x70->96x96x96,281,11.549999237060547,599.5499877929688,281,1.0,5,285,True,True,1.0,0.9629107061205827,276.5238952636719,True
Sleep_rest_EEG_fMRI_OpenNeuro_ds003768,sub-28,sub-28_ses-nosession_rest_rest_run-1,/home/sudaxin/projects/paired_data/data/pooled_raw_schaefer100_mni_proxy_full_mask_min80/run_cache/Sleep_rest_EEG_fMRI_OpenNeuro_ds003768/sub-28_ses-nosession_rest_rest_run-1.npz,native_bold_requires_ants_to_mni,mni_proxy_ants_schaefer100,/home/sudaxin/projects/paired_data/downloads/paired_datasets/Sleep_rest_EEG_fMRI_OpenNeuro_ds003768/sub-28/func/sub-28_task-rest_run-1_bold.nii.gz,/home/sudaxin/projects/paired_data/data/mni_schaefer100_proxy_full_denoise_work/targets/Sleep_rest_EEG_fMRI_OpenNeuro_ds003768/sub-28/8933defda8ab1438/schaefer100_mni_proxy.npz,True,True,True,ok,,3,,,/home/sudaxin/projects/paired_data/data/mni_schaefer100_proxy_full_denoise_work/mni152_on_schaefer100_grid.nii.gz,/home/sudaxin/projects/paired_data/downloads/paired_datasets/Sleep_rest_EEG_fMRI_OpenNeuro_ds003768/sub-28/anat/sub-28_T1w.nii.gz,True,0.4311278164386749,0.751280665397644,0.3181818181818182,intercept+linear_quadratic_trend+dct_highpass_128s_9cos+fd_deriv_power2+fd_spikes_0.5_50,80x80x35x286,80x80x35,286,3x3x4x2.1,3x3x4,2.0999999046325684,-35.999995672819374,35.999995672819374,True,2.1,2.1,120x120x70->96x96x96,281,11.549999237060547,599.5499877929688,281,1.0,5,285,True,True,1.0,0.962793128225227,255.22671508789062,True
Sleep_rest_EEG_fMRI_OpenNeuro_ds003768,sub-29,sub-29_ses-nosession_rest_rest_run-1,/home/sudaxin/projects/paired_data/data/pooled_raw_schaefer100_mni_proxy_full_mask_min80/run_cache/Sleep_rest_EEG_fMRI_OpenNeuro_ds003768/sub-29_ses-nosession_rest_rest_run-1.npz,native_bold_requires_ants_to_mni,mni_proxy_ants_schaefer100,/home/sudaxin/projects/paired_data/downloads/paired_datasets/Sleep_rest_EEG_fMRI_OpenNeuro_ds003768/sub-29/func/sub-29_task-rest_run-1_bold.nii.gz,/home/sudaxin/projects/paired_data/data/mni_schaefer100_proxy_full_denoise_work/targets/Sleep_rest_EEG_fMRI_OpenNeuro_ds003768/sub-29/4e6d8d9db2ee8beb/schaefer100_mni_proxy.npz,True,True,True,ok,,3,,,/home/sudaxin/projects/paired_data/data/mni_schaefer100_proxy_full_denoise_work/mni152_on_schaefer100_grid.nii.gz,/home/sudaxin/projects/paired_data/downloads/paired_datasets/Sleep_rest_EEG_fMRI_OpenNeuro_ds003768/sub-29/anat/sub-29_T1w.nii.gz,True,0.3211841285228729,0.6206676959991455,0.0944055944055944,intercept+linear_quadratic_trend+dct_highpass_128s_9cos+fd_deriv_power2+fd_spikes_0.5_27,80x80x35x286,80x80x35,286,3x3x4x2.1,3x3x4,2.0999999046325684,-35.999995714524246,35.999995714524246,True,2.1,2.1,120x120x70->96x96x96,281,11.549999237060547,599.5499877929688,281,1.0,5,285,True,True,1.0,0.9628976419099876,292.2898864746094,True
Sleep_rest_EEG_fMRI_OpenNeuro_ds003768,sub-30,sub-30_ses-nosession_rest_rest_run-1,/home/sudaxin/projects/paired_data/data/pooled_raw_schaefer100_mni_proxy_full_mask_min80/run_cache/Sleep_rest_EEG_fMRI_OpenNeuro_ds003768/sub-30_ses-nosession_rest_rest_run-1.npz,native_bold_requires_ants_to_mni,mni_proxy_ants_schaefer100,/home/sudaxin/projects/paired_data/downloads/paired_datasets/Sleep_rest_EEG_fMRI_OpenNeuro_ds003768/sub-30/func/sub-30_task-rest_run-1_bold.nii.gz,/home/sudaxin/projects/paired_data/data/mni_schaefer100_proxy_full_denoise_work/targets/Sleep_rest_EEG_fMRI_OpenNeuro_ds003768/sub-30/21abebdefd92d3d1/schaefer100_mni_proxy.npz,True,True,True,ok,,3,,,/home/sudaxin/projects/paired_data/data/mni_schaefer100_proxy_full_denoise_work/mni152_on_schaefer100_grid.nii.gz,/home/sudaxin/projects/paired_data/downloads/paired_datasets/Sleep_rest_EEG_fMRI_OpenNeuro_ds003768/sub-30/anat/sub-30_T1w.nii.gz,True,0.32514455914497375,0.5658898949623108,0.10839160839160839,intercept+linear_quadratic_trend+dct_highpass_128s_9cos+fd_deriv_power2+fd_spikes_0.5_31,80x80x35x286,80x80x35,286,3x3x4x2.1,3x3x4,2.0999999046325684,-35.99999840637365,35.99999840637365,True,2.1,2.1,120x120x70->96x96x96,281,11.549999237060547,599.5499877929688,281,1.0,5,285,True,True,1.0,0.9628976419099876,218.82667541503906,True
Sleep_rest_EEG_fMRI_OpenNeuro_ds003768,sub-31,sub-31_ses-nosession_rest_rest_run-1,/home/sudaxin/projects/paired_data/data/pooled_raw_schaefer100_mni_proxy_full_mask_min80/run_cache/Sleep_rest_EEG_fMRI_OpenNeuro_ds003768/sub-31_ses-nosession_rest_rest_run-1.npz,native_bold_requires_ants_to_mni,mni_proxy_ants_schaefer100,/home/sudaxin/projects/paired_data/downloads/paired_datasets/Sleep_rest_EEG_fMRI_OpenNeuro_ds003768/sub-31/func/sub-31_task-rest_run-1_bold.nii.gz,/home/sudaxin/projects/paired_data/data/mni_schaefer100_proxy_full_denoise_work/targets/Sleep_rest_EEG_fMRI_OpenNeuro_ds003768/sub-31/1b1fbfa1d75efce3/schaefer100_mni_proxy.npz,True,True,True,ok,,3,,,/home/sudaxin/projects/paired_data/data/mni_schaefer100_proxy_full_denoise_work/mni152_on_schaefer100_grid.nii.gz,/home/sudaxin/projects/paired_data/downloads/paired_datasets/Sleep_rest_EEG_fMRI_OpenNeuro_ds003768/sub-31/anat/sub-31_T1w.nii.gz,True,0.3385510742664337,0.5767170786857605,0.12237762237762238,intercept+linear_quadratic_trend+dct_highpass_128s_9cos+fd_deriv_power2+fd_spikes_0.5_35,80x80x35x286,80x80x35,286,3x3x4x2.1,3x3x4,2.0999999046325684,-36.00000484484143,36.00000484484143,True,2.1,2.1,120x120x70->96x96x96,281,11.549999237060547,599.5499877929688,281,1.0,5,285,True,True,1.0,0.962793128225227,245.56304931640625,True
Sleep_rest_EEG_fMRI_OpenNeuro_ds003768,sub-32,sub-32_ses-nosession_rest_rest_run-1,/home/sudaxin/projects/paired_data/data/pooled_raw_schaefer100_mni_proxy_full_mask_min80/run_cache/Sleep_rest_EEG_fMRI_OpenNeuro_ds003768/sub-32_ses-nosession_rest_rest_run-1.npz,native_bold_requires_ants_to_mni,mni_proxy_ants_schaefer100,/home/sudaxin/projects/paired_data/downloads/paired_datasets/Sleep_rest_EEG_fMRI_OpenNeuro_ds003768/sub-32/func/sub-32_task-rest_run-1_bold.nii.gz,/home/sudaxin/projects/paired_data/data/mni_schaefer100_proxy_full_denoise_work/targets/Sleep_rest_EEG_fMRI_OpenNeuro_ds003768/sub-32/3397993159e451cb/schaefer100_mni_proxy.npz,True,True,True,ok,,3,,,/home/sudaxin/projects/paired_data/data/mni_schaefer100_proxy_full_denoise_work/mni152_on_schaefer100_grid.nii.gz,/home/sudaxin/projects/paired_data/downloads/paired_datasets/Sleep_rest_EEG_fMRI_OpenNeuro_ds003768/sub-32/anat/sub-32_T1w.nii.gz,True,0.35527727007865906,0.6027247905731201,0.1258741258741259,intercept+linear_quadratic_trend+dct_highpass_128s_9cos+fd_deriv_power2+fd_spikes_0.5_36,80x80x35x286,80x80x35,286,3x3x4x2.1,3x3x4,2.0999999046325684,-35.99999567723274,35.99999567723274,True,2.1,2.1,120x120x70->96x96x96,281,11.549999237060547,599.5499877929688,281,1.0,5,285,True,True,1.0,0.9628192566464171,225.787841796875,True
Sleep_rest_EEG_fMRI_OpenNeuro_ds003768,sub-33,sub-33_ses-nosession_rest_rest_run-1,/home/sudaxin/projects/paired_data/data/pooled_raw_schaefer100_mni_proxy_full_mask_min80/run_cache/Sleep_rest_EEG_fMRI_OpenNeuro_ds003768/sub-33_ses-nosession_rest_rest_run-1.npz,native_bold_requires_ants_to_mni,mni_proxy_ants_schaefer100,/home/sudaxin/projects/paired_data/downloads/paired_datasets/Sleep_rest_EEG_fMRI_OpenNeuro_ds003768/sub-33/func/sub-33_task-rest_run-1_bold.nii.gz,/home/sudaxin/projects/paired_data/data/mni_schaefer100_proxy_full_denoise_work/targets/Sleep_rest_EEG_fMRI_OpenNeuro_ds003768/sub-33/29fcffe930ad92c2/schaefer100_mni_proxy.npz,True,True,True,ok,,3,,,/home/sudaxin/projects/paired_data/data/mni_schaefer100_proxy_full_denoise_work/mni152_on_schaefer100_grid.nii.gz,/home/sudaxin/projects/paired_data/downloads/paired_datasets/Sleep_rest_EEG_fMRI_OpenNeuro_ds003768/sub-33/anat/sub-33_T1w.nii.gz,True,0.26663532853126526,0.4682042598724365,0.03496503496503497,intercept+linear_quadratic_trend+dct_highpass_128s_9cos+fd_deriv_power2+fd_spikes_0.5_10,80x80x35x286,80x80x35,286,3x3x4x2.1,3x3x4,2.0999999046325684,-36.00000288483258,36.00000288483258,True,2.1,2.1,120x120x70->96x96x96,281,11.549999237060547,599.5499877929688,281,1.0,5,285,True,True,1.0,0.9628584492782024,259.07611083984375,True
Speeded_perceptual_judgments_confidence_OpenNeuro_ds002158,sub-02,sub-02_ses-001_main_main_run-001,/home/sudaxin/projects/paired_data/data/pooled_raw_schaefer100_mni_proxy_full_mask_min80/run_cache/Speeded_perceptual_judgments_confidence_OpenNeuro_ds002158/sub-02_ses-001_main_main_run-001.npz,native_bold_requires_ants_to_mni,mni_proxy_ants_schaefer100,/home/sudaxin/projects/paired_data/downloads/paired_datasets/Speeded_perceptual_judgments_confidence_OpenNeuro_ds002158/sub-02/ses-001/func/sub-02_ses-001_task-main_run-001_bold.nii.gz,/home/sudaxin/projects/paired_data/data/mni_schaefer100_proxy_full_denoise_work/targets/Speeded_perceptual_judgments_confidence_OpenNeuro_ds002158/sub-02/ac2f854281b4d638/schaefer100_mni_proxy.npz,True,True,True,ok,,3,,,/home/sudaxin/projects/paired_data/data/mni_schaefer100_proxy_full_denoise_work/mni152_on_schaefer100_grid.nii.gz,/home/sudaxin/projects/paired_data/downloads/paired_datasets/Speeded_perceptual_judgments_confidence_OpenNeuro_ds002158/sub-02/ses-001/anat/sub-02_ses-001_run-001_T1w.nii.gz,True,0.17886370420455933,0.3065630793571472,0.010666666666666666,intercept+linear_quadratic_trend+dct_highpass_128s_7cos+fd_deriv_power2+fd_spikes_0.5_4,108x108x64x375,108x108x64,375,1.991x1.991x2x1.28,1.991x1.991x2,1.2799999713897705,-7.926098257482769,7.926098257482769,True,1.28,1.28,108x108x64->96x96x96,367,10.880000114440918,479.3599853515625,367,1.0,8,374,True,True,1.0,0.9563185871056241,253.93161010742188,True
Speeded_perceptual_judgments_confidence_OpenNeuro_ds002158,sub-04,sub-04_ses-001_main_main_run-001,/home/sudaxin/projects/paired_data/data/pooled_raw_schaefer100_mni_proxy_full_mask_min80/run_cache/Speeded_perceptual_judgments_confidence_OpenNeuro_ds002158/sub-04_ses-001_main_main_run-001.npz,native_bold_requires_ants_to_mni,mni_proxy_ants_schaefer100,/home/sudaxin/projects/paired_data/downloads/paired_datasets/Speeded_perceptual_judgments_confidence_OpenNeuro_ds002158/sub-04/ses-001/func/sub-04_ses-001_task-main_run-001_bold.nii.gz,/home/sudaxin/projects/paired_data/data/mni_schaefer100_proxy_full_denoise_work/targets/Speeded_perceptual_judgments_confidence_OpenNeuro_ds002158/sub-04/e24cdc5725014464/schaefer100_mni_proxy.npz,True,True,True,ok,,3,,,/home/sudaxin/projects/paired_data/data/mni_schaefer100_proxy_full_denoise_work/mni152_on_schaefer100_grid.nii.gz,/home/sudaxin/projects/paired_data/downloads/paired_datasets/Speeded_perceptual_judgments_confidence_OpenNeuro_ds002158/sub-04/ses-001/anat/sub-04_ses-001_run-001_T1w.nii.gz,True,0.18195511400699615,0.32325831055641174,0.0160857908847185,intercept+linear_quadratic_trend+dct_highpass_128s_7cos+fd_deriv_power2+fd_spikes_0.5_6,108x108x64x373,108x108x64,373,1.991x1.991x2x1.28,1.991x1.991x2,1.2799999713897705,-7.9260980285964475,7.9260980285964475,True,1.28,1.28,108x108x64->96x96x96,365,10.880000114440918,476.79998779296875,365,1.0,8,372,True,True,1.0,0.9551040237768633,276.15032958984375,True
Speeded_perceptual_judgments_confidence_OpenNeuro_ds002158,sub-07,sub-07_ses-001_main_main_run-001,/home/sudaxin/projects/paired_data/data/pooled_raw_schaefer100_mni_proxy_full_mask_min80/run_cache/Speeded_perceptual_judgments_confidence_OpenNeuro_ds002158/sub-07_ses-001_main_main_run-001.npz,native_bold_requires_ants_to_mni,mni_proxy_ants_schaefer100,/home/sudaxin/projects/paired_data/downloads/paired_datasets/Speeded_perceptual_judgments_confidence_OpenNeuro_ds002158/sub-07/ses-001/func/sub-07_ses-001_task-main_run-001_bold.nii.gz,/home/sudaxin/projects/paired_data/data/mni_schaefer100_proxy_full_denoise_work/targets/Speeded_perceptual_judgments_confidence_OpenNeuro_ds002158/sub-07/0fcf289ce2a0b352/schaefer100_mni_proxy.npz,True,True,True,ok,,3,,,/home/sudaxin/projects/paired_data/data/mni_schaefer100_proxy_full_denoise_work/mni152_on_schaefer100_grid.nii.gz,/home/sudaxin/projects/paired_data/downloads/paired_datasets/Speeded_perceptual_judgments_confidence_OpenNeuro_ds002158/sub-07/ses-001/anat/sub-07_ses-001_run-001_T1w.nii.gz,True,0.19709892570972443,0.3323633670806885,0.0,intercept+linear_quadratic_trend+dct_highpass_128s_7cos+fd_deriv_power2,108x108x64x373,108x108x64,373,1.991x1.991x2x1.28,1.991x1.991x2,1.2799999713897705,-7.9260980959120815,7.9260980959120815,True,1.28,1.28,108x108x64->96x96x96,365,10.880000114440918,476.79998779296875,365,1.0,8,372,True,True,1.0,0.9494741655235482,243.6034393310547,True
Speeded_perceptual_judgments_confidence_OpenNeuro_ds002158,sub-08,sub-08_ses-001_main_main_run-001,/home/sudaxin/projects/paired_data/data/pooled_raw_schaefer100_mni_proxy_full_mask_min80/run_cache/Speeded_perceptual_judgments_confidence_OpenNeuro_ds002158/sub-08_ses-001_main_main_run-001.npz,native_bold_requires_ants_to_mni,mni_proxy_ants_schaefer100,/home/sudaxin/projects/paired_data/downloads/paired_datasets/Speeded_perceptual_judgments_confidence_OpenNeuro_ds002158/sub-08/ses-001/func/sub-08_ses-001_task-main_run-001_bold.nii.gz,/home/sudaxin/projects/paired_data/data/mni_schaefer100_proxy_full_denoise_work/targets/Speeded_perceptual_judgments_confidence_OpenNeuro_ds002158/sub-08/6ac96ea7c1a8e13e/schaefer100_mni_proxy.npz,True,True,True,ok,,3,,,/home/sudaxin/projects/paired_data/data/mni_schaefer100_proxy_full_denoise_work/mni152_on_schaefer100_grid.nii.gz,/home/sudaxin/projects/paired_data/downloads/paired_datasets/Speeded_perceptual_judgments_confidence_OpenNeuro_ds002158/sub-08/ses-001/anat/sub-08_ses-001_run-001_T1w.nii.gz,True,0.14425970613956451,0.22652116417884827,0.0,intercept+linear_quadratic_trend+dct_highpass_128s_7cos+fd_deriv_power2,108x108x64x373,108x108x64,373,1.991x1.991x2x1.28,1.991x1.991x2,1.2799999713897705,-7.926097312495801,7.926097312495801,True,1.28,1.28,108x108x64->96x96x96,365,10.880000114440918,476.79998779296875,365,1.0,8,372,True,True,1.0,0.961076817558299,298.8045349121094,True
Speeded_perceptual_judgments_confidence_OpenNeuro_ds002158,sub-09,sub-09_ses-001_main_main_run-001,/home/sudaxin/projects/paired_data/data/pooled_raw_schaefer100_mni_proxy_full_mask_min80/run_cache/Speeded_perceptual_judgments_confidence_OpenNeuro_ds002158/sub-09_ses-001_main_main_run-001.npz,native_bold_requires_ants_to_mni,mni_proxy_ants_schaefer100,/home/sudaxin/projects/paired_data/downloads/paired_datasets/Speeded_perceptual_judgments_confidence_OpenNeuro_ds002158/sub-09/ses-001/func/sub-09_ses-001_task-main_run-001_bold.nii.gz,/home/sudaxin/projects/paired_data/data/mni_schaefer100_proxy_full_denoise_work/targets/Speeded_perceptual_judgments_confidence_OpenNeuro_ds002158/sub-09/984684dff295d8b9/schaefer100_mni_proxy.npz,True,True,True,ok,,3,,,/home/sudaxin/projects/paired_data/data/mni_schaefer100_proxy_full_denoise_work/mni152_on_schaefer100_grid.nii.gz,/home/sudaxin/projects/paired_data/downloads/paired_datasets/Speeded_perceptual_judgments_confidence_OpenNeuro_ds002158/sub-09/ses-001/anat/sub-09_ses-001_run-001_T1w.nii.gz,True,0.12758702039718628,0.26619753241539,0.002680965147453083,intercept+linear_quadratic_trend+dct_highpass_128s_7cos+fd_deriv_power2+fd_spikes_0.5_1,108x108x64x373,108x108x64,373,1.991x1.991x2x1.28,1.991x1.991x2,1.2799999713897705,-7.926098218797944,7.926098218797944,True,1.28,1.28,108x108x64->96x96x96,365,10.880000114440918,476.79998779296875,365,1.0,8,372,True,True,1.0,0.9531750114311842,262.2345275878906,True
Speeded_perceptual_judgments_confidence_OpenNeuro_ds002158,sub-10,sub-10_ses-001_main_main_run-001,/home/sudaxin/projects/paired_data/data/pooled_raw_schaefer100_mni_proxy_full_mask_min80/run_cache/Speeded_perceptual_judgments_confidence_OpenNeuro_ds002158/sub-10_ses-001_main_main_run-001.npz,native_bold_requires_ants_to_mni,mni_proxy_ants_schaefer100,/home/sudaxin/projects/paired_data/downloads/paired_datasets/Speeded_perceptual_judgments_confidence_OpenNeuro_ds002158/sub-10/ses-001/func/sub-10_ses-001_task-main_run-001_bold.nii.gz,/home/sudaxin/projects/paired_data/data/mni_schaefer100_proxy_full_denoise_work/targets/Speeded_perceptual_judgments_confidence_OpenNeuro_ds002158/sub-10/1f9819a5bb88c5d3/schaefer100_mni_proxy.npz,True,True,True,ok,,3,,,/home/sudaxin/projects/paired_data/data/mni_schaefer100_proxy_full_denoise_work/mni152_on_schaefer100_grid.nii.gz,/home/sudaxin/projects/paired_data/downloads/paired_datasets/Speeded_perceptual_judgments_confidence_OpenNeuro_ds002158/sub-10/ses-001/anat/sub-10_ses-001_run-001_T1w.nii.gz,True,0.11780784279108047,0.18558798730373383,0.0,intercept+linear_quadratic_trend+dct_highpass_128s_7cos+fd_deriv_power2,108x108x64x373,108x108x64,373,1.991x1.991x2x1.28,1.991x1.991x2,1.2799999713897705,-7.926097175962359,7.926097175962359,True,1.28,1.28,108x108x64->96x96x96,365,10.880000114440918,476.79998779296875,365,1.0,8,372,True,True,1.0,0.9515317786922726,269.00390625,True
Speeded_perceptual_judgments_confidence_OpenNeuro_ds002158,sub-11,sub-11_ses-001_main_main_run-001,/home/sudaxin/projects/paired_data/data/pooled_raw_schaefer100_mni_proxy_full_mask_min80/run_cache/Speeded_perceptual_judgments_confidence_OpenNeuro_ds002158/sub-11_ses-001_main_main_run-001.npz,native_bold_requires_ants_to_mni,mni_proxy_ants_schaefer100,/home/sudaxin/projects/paired_data/downloads/paired_datasets/Speeded_perceptual_judgments_confidence_OpenNeuro_ds002158/sub-11/ses-001/func/sub-11_ses-001_task-main_run-001_bold.nii.gz,/home/sudaxin/projects/paired_data/data/mni_schaefer100_proxy_full_denoise_work/targets/Speeded_perceptual_judgments_confidence_OpenNeuro_ds002158/sub-11/3f2c720bf77a3c92/schaefer100_mni_proxy.npz,True,True,True,ok,,3,,,/home/sudaxin/projects/paired_data/data/mni_schaefer100_proxy_full_denoise_work/mni152_on_schaefer100_grid.nii.gz,/home/sudaxin/projects/paired_data/downloads/paired_datasets/Speeded_perceptual_judgments_confidence_OpenNeuro_ds002158/sub-11/ses-001/anat/sub-11_ses-001_run-001_T1w.nii.gz,True,0.1605457365512848,0.24171704053878784,0.0,intercept+linear_quadratic_trend+dct_highpass_128s_7cos+fd_deriv_power2,108x108x64x373,108x108x64,373,1.991x1.991x2x1.28,1.991x1.991x2,1.2799999713897705,-7.9260970457715425,7.9260970457715425,True,1.28,1.28,108x108x64->96x96x96,365,10.880000114440918,476.79998779296875,365,1.0,8,372,True,True,1.0,0.9537037037037037,280.3305969238281,True
Speeded_perceptual_judgments_confidence_OpenNeuro_ds002158,sub-12,sub-12_ses-001_main_main_run-001,/home/sudaxin/projects/paired_data/data/pooled_raw_schaefer100_mni_proxy_full_mask_min80/run_cache/Speeded_perceptual_judgments_confidence_OpenNeuro_ds002158/sub-12_ses-001_main_main_run-001.npz,native_bold_requires_ants_to_mni,mni_proxy_ants_schaefer100,/home/sudaxin/projects/paired_data/downloads/paired_datasets/Speeded_perceptual_judgments_confidence_OpenNeuro_ds002158/sub-12/ses-001/func/sub-12_ses-001_task-main_run-001_bold.nii.gz,/home/sudaxin/projects/paired_data/data/mni_schaefer100_proxy_full_denoise_work/targets/Speeded_perceptual_judgments_confidence_OpenNeuro_ds002158/sub-12/e4ad013de6aac50a/schaefer100_mni_proxy.npz,True,True,True,ok,,3,,,/home/sudaxin/projects/paired_data/data/mni_schaefer100_proxy_full_denoise_work/mni152_on_schaefer100_grid.nii.gz,/home/sudaxin/projects/paired_data/downloads/paired_datasets/Speeded_perceptual_judgments_confidence_OpenNeuro_ds002158/sub-12/ses-001/anat/sub-12_ses-001_run-001_T1w.nii.gz,True,0.1696450561285019,0.2852635383605957,0.0,intercept+linear_quadratic_trend+dct_highpass_128s_7cos+fd_deriv_power2,108x108x64x373,108x108x64,373,1.991x1.991x2x1.28,1.991x1.991x2,1.2799999713897705,-7.926097212133848,7.926097212133848,True,1.28,1.28,108x108x64->96x96x96,365,10.880000114440918,476.79998779296875,365,1.0,8,372,True,True,1.0,0.9506315729309557,272.62225341796875,True
Speeded_perceptual_judgments_confidence_OpenNeuro_ds002158,sub-13,sub-13_ses-001_main_main_run-001,/home/sudaxin/projects/paired_data/data/pooled_raw_schaefer100_mni_proxy_full_mask_min80/run_cache/Speeded_perceptual_judgments_confidence_OpenNeuro_ds002158/sub-13_ses-001_main_main_run-001.npz,native_bold_requires_ants_to_mni,mni_proxy_ants_schaefer100,/home/sudaxin/projects/paired_data/downloads/paired_datasets/Speeded_perceptual_judgments_confidence_OpenNeuro_ds002158/sub-13/ses-001/func/sub-13_ses-001_task-main_run-001_bold.nii.gz,/home/sudaxin/projects/paired_data/data/mni_schaefer100_proxy_full_denoise_work/targets/Speeded_perceptual_judgments_confidence_OpenNeuro_ds002158/sub-13/0ceceb466e3994ce/schaefer100_mni_proxy.npz,True,True,True,ok,,3,,,/home/sudaxin/projects/paired_data/data/mni_schaefer100_proxy_full_denoise_work/mni152_on_schaefer100_grid.nii.gz,/home/sudaxin/projects/paired_data/downloads/paired_datasets/Speeded_perceptual_judgments_confidence_OpenNeuro_ds002158/sub-13/ses-001/anat/sub-13_ses-001_run-001_T1w.nii.gz,True,0.1821141391992569,0.29976293444633484,0.0,intercept+linear_quadratic_trend+dct_highpass_128s_7cos+fd_deriv_power2,108x108x64x373,108x108x64,373,1.991x1.991x2x1.28,1.991x1.991x2,1.2799999713897705,-7.926097433772362,7.926097433772362,True,1.28,1.28,108x108x64->96x96x96,365,10.880000114440918,476.79998779296875,365,1.0,8,372,True,True,1.0,0.9484024919981711,259.8423156738281,True
Speeded_perceptual_judgments_confidence_OpenNeuro_ds002158,sub-14,sub-14_ses-001_main_main_run-005,/home/sudaxin/projects/paired_data/data/pooled_raw_schaefer100_mni_proxy_full_mask_min80/run_cache/Speeded_perceptual_judgments_confidence_OpenNeuro_ds002158/sub-14_ses-001_main_main_run-005.npz,native_bold_requires_ants_to_mni,mni_proxy_ants_schaefer100,/home/sudaxin/projects/paired_data/downloads/paired_datasets/Speeded_perceptual_judgments_confidence_OpenNeuro_ds002158/sub-14/ses-001/func/rejected/sub-14_ses-001_task-main_run-005_bold.nii.gz,/home/sudaxin/projects/paired_data/data/mni_schaefer100_proxy_full_denoise_work/targets/Speeded_perceptual_judgments_confidence_OpenNeuro_ds002158/sub-14/000dd612231f4b27/schaefer100_mni_proxy.npz,True,True,True,ok,,3,,,/home/sudaxin/projects/paired_data/data/mni_schaefer100_proxy_full_denoise_work/mni152_on_schaefer100_grid.nii.gz,/home/sudaxin/projects/paired_data/downloads/paired_datasets/Speeded_perceptual_judgments_confidence_OpenNeuro_ds002158/sub-14/ses-001/anat/sub-14_ses-001_run-001_T1w.nii.gz,True,0.1217888742685318,0.24048349261283875,0.005361930294906166,intercept+linear_quadratic_trend+dct_highpass_128s_7cos+fd_deriv_power2+fd_spikes_0.5_2,108x108x64x373,108x108x64,373,1.991x1.991x2x1.28,1.991x1.991x2,1.2799999713897705,-7.926098065579185,7.926098065579185,True,1.28,1.28,108x108x64->96x96x96,365,10.880000114440918,476.79998779296875,365,1.0,8,372,True,True,1.0,0.9534465020576132,261.0311584472656,True
Speeded_perceptual_judgments_confidence_OpenNeuro_ds002158,sub-15,sub-15_ses-001_main_main_run-001,/home/sudaxin/projects/paired_data/data/pooled_raw_schaefer100_mni_proxy_full_mask_min80/run_cache/Speeded_perceptual_judgments_confidence_OpenNeuro_ds002158/sub-15_ses-001_main_main_run-001.npz,native_bold_requires_ants_to_mni,mni_proxy_ants_schaefer100,/home/sudaxin/projects/paired_data/downloads/paired_datasets/Speeded_perceptual_judgments_confidence_OpenNeuro_ds002158/sub-15/ses-001/func/sub-15_ses-001_task-main_run-001_bold.nii.gz,/home/sudaxin/projects/paired_data/data/mni_schaefer100_proxy_full_denoise_work/targets/Speeded_perceptual_judgments_confidence_OpenNeuro_ds002158/sub-15/73158cc97ac4fe47/schaefer100_mni_proxy.npz,True,True,True,ok,,3,,,/home/sudaxin/projects/paired_data/data/mni_schaefer100_proxy_full_denoise_work/mni152_on_schaefer100_grid.nii.gz,/home/sudaxin/projects/paired_data/downloads/paired_datasets/Speeded_perceptual_judgments_confidence_OpenNeuro_ds002158/sub-15/ses-001/anat/sub-15_ses-001_run-001_T1w.nii.gz,True,0.23943865299224854,0.40058818459510803,0.00804289544235925,intercept+linear_quadratic_trend+dct_highpass_128s_7cos+fd_deriv_power2+fd_spikes_0.5_3,108x108x64x373,108x108x64,373,1.991x1.991x2x1.28,1.991x1.991x2,1.2799999713897705,-7.9260972414227435,7.9260972414227435,True,1.28,1.28,108x108x64->96x96x96,365,10.880000114440918,476.79998779296875,365,1.0,8,372,True,True,1.0,0.9556470050297211,277.7415466308594,True
Speeded_perceptual_judgments_confidence_OpenNeuro_ds002158,sub-16,sub-16_ses-001_main_main_run-001,/home/sudaxin/projects/paired_data/data/pooled_raw_schaefer100_mni_proxy_full_mask_min80/run_cache/Speeded_perceptual_judgments_confidence_OpenNeuro_ds002158/sub-16_ses-001_main_main_run-001.npz,native_bold_requires_ants_to_mni,mni_proxy_ants_schaefer100,/home/sudaxin/projects/paired_data/downloads/paired_datasets/Speeded_perceptual_judgments_confidence_OpenNeuro_ds002158/sub-16/ses-001/func/sub-16_ses-001_task-main_run-001_bold.nii.gz,/home/sudaxin/projects/paired_data/data/mni_schaefer100_proxy_full_denoise_work/targets/Speeded_perceptual_judgments_confidence_OpenNeuro_ds002158/sub-16/7cf6716203e5dd98/schaefer100_mni_proxy.npz,True,True,True,ok,,3,,,/home/sudaxin/projects/paired_data/data/mni_schaefer100_proxy_full_denoise_work/mni152_on_schaefer100_grid.nii.gz,/home/sudaxin/projects/paired_data/downloads/paired_datasets/Speeded_perceptual_judgments_confidence_OpenNeuro_ds002158/sub-16/ses-001/anat/sub-16_ses-001_run-001_T1w.nii.gz,True,0.16642998158931732,0.2697875201702118,0.0,intercept+linear_quadratic_trend+dct_highpass_128s_7cos+fd_deriv_power2,108x108x64x373,108x108x64,373,1.991x1.991x2x1.28,1.991x1.991x2,1.2799999713897705,-7.926098111783181,7.926098111783181,True,1.28,1.28,108x108x64->96x96x96,365,10.880000114440918,476.79998779296875,365,1.0,8,372,True,True,1.0,0.956232853223594,248.03111267089844,True
Speeded_perceptual_judgments_confidence_OpenNeuro_ds002158,sub-17,sub-17_ses-001_main_main_run-001,/home/sudaxin/projects/paired_data/data/pooled_raw_schaefer100_mni_proxy_full_mask_min80/run_cache/Speeded_perceptual_judgments_confidence_OpenNeuro_ds002158/sub-17_ses-001_main_main_run-001.npz,native_bold_requires_ants_to_mni,mni_proxy_ants_schaefer100,/home/sudaxin/projects/paired_data/downloads/paired_datasets/Speeded_perceptual_judgments_confidence_OpenNeuro_ds002158/sub-17/ses-001/func/sub-17_ses-001_task-main_run-001_bold.nii.gz,/home/sudaxin/projects/paired_data/data/mni_schaefer100_proxy_full_denoise_work/targets/Speeded_perceptual_judgments_confidence_OpenNeuro_ds002158/sub-17/f6f3e1175cdebc2c/schaefer100_mni_proxy.npz,True,True,True,ok,,3,,,/home/sudaxin/projects/paired_data/data/mni_schaefer100_proxy_full_denoise_work/mni152_on_schaefer100_grid.nii.gz,/home/sudaxin/projects/paired_data/downloads/paired_datasets/Speeded_perceptual_judgments_confidence_OpenNeuro_ds002158/sub-17/ses-001/anat/sub-17_ses-001_run-001_T1w.nii.gz,True,0.11984837800264359,0.19761218130588531,0.0,intercept+linear_quadratic_trend+dct_highpass_128s_7cos+fd_deriv_power2,108x108x64x373,108x108x64,373,1.991x1.991x2x1.28,1.991x1.991x2,1.2799999713897705,-7.926097555554038,7.926097555554038,True,1.28,1.28,108x108x64->96x96x96,365,10.880000114440918,476.79998779296875,365,1.0,8,372,True,True,1.0,0.9555469821673526,276.4221496582031,True
Speeded_perceptual_judgments_confidence_OpenNeuro_ds002158,sub-18,sub-18_ses-001_main_main_run-001,/home/sudaxin/projects/paired_data/data/pooled_raw_schaefer100_mni_proxy_full_mask_min80/run_cache/Speeded_perceptual_judgments_confidence_OpenNeuro_ds002158/sub-18_ses-001_main_main_run-001.npz,native_bold_requires_ants_to_mni,mni_proxy_ants_schaefer100,/home/sudaxin/projects/paired_data/downloads/paired_datasets/Speeded_perceptual_judgments_confidence_OpenNeuro_ds002158/sub-18/ses-001/func/sub-18_ses-001_task-main_run-001_bold.nii.gz,/home/sudaxin/projects/paired_data/data/mni_schaefer100_proxy_full_denoise_work/targets/Speeded_perceptual_judgments_confidence_OpenNeuro_ds002158/sub-18/5c285273ae0a0aea/schaefer100_mni_proxy.npz,True,True,True,ok,,3,,,/home/sudaxin/projects/paired_data/data/mni_schaefer100_proxy_full_denoise_work/mni152_on_schaefer100_grid.nii.gz,/home/sudaxin/projects/paired_data/downloads/paired_datasets/Speeded_perceptual_judgments_confidence_OpenNeuro_ds002158/sub-18/ses-001/anat/sub-18_ses-001_run-001_T1w.nii.gz,True,0.14834363758563995,0.2544979453086853,0.0,intercept+linear_quadratic_trend+dct_highpass_128s_7cos+fd_deriv_power2,108x108x64x373,108x108x64,373,1.991x1.991x2x1.28,1.991x1.991x2,1.2799999713897705,-7.926097524292174,7.926097524292174,True,1.28,1.28,108x108x64->96x96x96,365,10.880000114440918,476.79998779296875,365,1.0,8,372,True,True,1.0,0.9535465249199817,263.2252197265625,True
Speeded_perceptual_judgments_confidence_OpenNeuro_ds002158,sub-19,sub-19_ses-001_main_main_run-001,/home/sudaxin/projects/paired_data/data/pooled_raw_schaefer100_mni_proxy_full_mask_min80/run_cache/Speeded_perceptual_judgments_confidence_OpenNeuro_ds002158/sub-19_ses-001_main_main_run-001.npz,native_bold_requires_ants_to_mni,mni_proxy_ants_schaefer100,/home/sudaxin/projects/paired_data/downloads/paired_datasets/Speeded_perceptual_judgments_confidence_OpenNeuro_ds002158/sub-19/ses-001/func/sub-19_ses-001_task-main_run-001_bold.nii.gz,/home/sudaxin/projects/paired_data/data/mni_schaefer100_proxy_full_denoise_work/targets/Speeded_perceptual_judgments_confidence_OpenNeuro_ds002158/sub-19/fd51680c25b6c77e/schaefer100_mni_proxy.npz,True,True,True,ok,,3,,,/home/sudaxin/projects/paired_data/data/mni_schaefer100_proxy_full_denoise_work/mni152_on_schaefer100_grid.nii.gz,/home/sudaxin/projects/paired_data/downloads/paired_datasets/Speeded_perceptual_judgments_confidence_OpenNeuro_ds002158/sub-19/ses-001/anat/sub-19_ses-001_run-001_T1w.nii.gz,True,0.18839429318904877,0.29004499316215515,0.0,intercept+linear_quadratic_trend+dct_highpass_128s_7cos+fd_deriv_power2,108x108x64x373,108x108x64,373,1.991x1.991x2x1.28,1.991x1.991x2,1.2799999713897705,-7.926097467361078,7.926097467361078,True,1.28,1.28,108x108x64->96x96x96,311,10.880000114440918,407.67999267578125,311,1.0,8,318,True,True,1.0,0.9539466163694559,238.4464111328125,True
Speeded_perceptual_judgments_confidence_OpenNeuro_ds002158,sub-20,sub-20_ses-001_main_main_run-007,/home/sudaxin/projects/paired_data/data/pooled_raw_schaefer100_mni_proxy_full_mask_min80/run_cache/Speeded_perceptual_judgments_confidence_OpenNeuro_ds002158/sub-20_ses-001_main_main_run-007.npz,native_bold_requires_ants_to_mni,mni_proxy_ants_schaefer100,/home/sudaxin/projects/paired_data/downloads/paired_datasets/Speeded_perceptual_judgments_confidence_OpenNeuro_ds002158/sub-20/ses-001/func/sub-20_ses-001_task-main_run-007_bold.nii.gz,/home/sudaxin/projects/paired_data/data/mni_schaefer100_proxy_full_denoise_work/targets/Speeded_perceptual_judgments_confidence_OpenNeuro_ds002158/sub-20/49eef400ddf3e732/schaefer100_mni_proxy.npz,True,True,True,ok,,3,,,/home/sudaxin/projects/paired_data/data/mni_schaefer100_proxy_full_denoise_work/mni152_on_schaefer100_grid.nii.gz,/home/sudaxin/projects/paired_data/downloads/paired_datasets/Speeded_perceptual_judgments_confidence_OpenNeuro_ds002158/sub-20/ses-001/anat/sub-20_ses-001_run-001_T1w.nii.gz,True,0.30711883306503296,0.5124418139457703,0.064343163538874,intercept+linear_quadratic_trend+dct_highpass_128s_7cos+fd_deriv_power2+fd_spikes_0.5_24,108x108x64x373,108x108x64,373,1.991x1.991x2x1.28,1.991x1.991x2,1.2799999713897705,-7.926097566031542,7.926097566031542,True,1.28,1.28,108x108x64->96x96x96,365,10.880000114440918,476.79998779296875,365,1.0,8,372,True,True,1.0,0.9494598765432098,250.8889617919922,True
Speeded_perceptual_judgments_confidence_OpenNeuro_ds002158,sub-21,sub-21_ses-001_main_main_run-001,/home/sudaxin/projects/paired_data/data/pooled_raw_schaefer100_mni_proxy_full_mask_min80/run_cache/Speeded_perceptual_judgments_confidence_OpenNeuro_ds002158/sub-21_ses-001_main_main_run-001.npz,native_bold_requires_ants_to_mni,mni_proxy_ants_schaefer100,/home/sudaxin/projects/paired_data/downloads/paired_datasets/Speeded_perceptual_judgments_confidence_OpenNeuro_ds002158/sub-21/ses-001/func/sub-21_ses-001_task-main_run-001_bold.nii.gz,/home/sudaxin/projects/paired_data/data/mni_schaefer100_proxy_full_denoise_work/targets/Speeded_perceptual_judgments_confidence_OpenNeuro_ds002158/sub-21/7ae7bab7e7b13858/schaefer100_mni_proxy.npz,True,True,True,ok,,3,,,/home/sudaxin/projects/paired_data/data/mni_schaefer100_proxy_full_denoise_work/mni152_on_schaefer100_grid.nii.gz,/home/sudaxin/projects/paired_data/downloads/paired_datasets/Speeded_perceptual_judgments_confidence_OpenNeuro_ds002158/sub-21/ses-001/anat/sub-21_ses-001_run-001_T1w.nii.gz,True,0.169352725148201,0.2980835735797882,0.00804289544235925,intercept+linear_quadratic_trend+dct_highpass_128s_7cos+fd_deriv_power2+fd_spikes_0.5_3,108x108x64x373,108x108x64,373,1.991x1.991x2x1.28,1.991x1.991x2,1.2799999713897705,-7.926097342167799,7.926097342167799,True,1.28,1.28,108x108x64->96x96x96,365,10.880000114440918,476.79998779296875,365,1.0,8,372,True,True,1.0,0.9522890946502057,285.35791015625,True
Speeded_perceptual_judgments_confidence_OpenNeuro_ds002158,sub-22,sub-22_ses-001_main_main_run-001,/home/sudaxin/projects/paired_data/data/pooled_raw_schaefer100_mni_proxy_full_mask_min80/run_cache/Speeded_perceptual_judgments_confidence_OpenNeuro_ds002158/sub-22_ses-001_main_main_run-001.npz,native_bold_requires_ants_to_mni,mni_proxy_ants_schaefer100,/home/sudaxin/projects/paired_data/downloads/paired_datasets/Speeded_perceptual_judgments_confidence_OpenNeuro_ds002158/sub-22/ses-001/func/sub-22_ses-001_task-main_run-001_bold.nii.gz,/home/sudaxin/projects/paired_data/data/mni_schaefer100_proxy_full_denoise_work/targets/Speeded_perceptual_judgments_confidence_OpenNeuro_ds002158/sub-22/feb3523b82358f78/schaefer100_mni_proxy.npz,True,True,True,ok,,3,,,/home/sudaxin/projects/paired_data/data/mni_schaefer100_proxy_full_denoise_work/mni152_on_schaefer100_grid.nii.gz,/home/sudaxin/projects/paired_data/downloads/paired_datasets/Speeded_perceptual_judgments_confidence_OpenNeuro_ds002158/sub-22/ses-001/anat/sub-22_ses-001_run-001_T1w.nii.gz,True,0.20570334792137146,0.3309544324874878,0.0,intercept+linear_quadratic_trend+dct_highpass_128s_7cos+fd_deriv_power2,108x108x64x373,108x108x64,373,1.991x1.991x2x1.28,1.991x1.991x2,1.2799999713897705,-7.92609779715929,7.92609779715929,True,1.28,1.28,108x108x64->96x96x96,365,10.880000114440918,476.79998779296875,365,1.0,8,372,True,True,1.0,0.952889231824417,287.4541320800781,True
Speeded_perceptual_judgments_confidence_OpenNeuro_ds002158,sub-26,sub-26_ses-001_main_main_run-001,/home/sudaxin/projects/paired_data/data/pooled_raw_schaefer100_mni_proxy_full_mask_min80/run_cache/Speeded_perceptual_judgments_confidence_OpenNeuro_ds002158/sub-26_ses-001_main_main_run-001.npz,native_bold_requires_ants_to_mni,mni_proxy_ants_schaefer100,/home/sudaxin/projects/paired_data/downloads/paired_datasets/Speeded_perceptual_judgments_confidence_OpenNeuro_ds002158/sub-26/ses-001/func/sub-26_ses-001_task-main_run-001_bold.nii.gz,/home/sudaxin/projects/paired_data/data/mni_schaefer100_proxy_full_denoise_work/targets/Speeded_perceptual_judgments_confidence_OpenNeuro_ds002158/sub-26/a90de6c021996d78/schaefer100_mni_proxy.npz,True,True,True,ok,,3,,,/home/sudaxin/projects/paired_data/data/mni_schaefer100_proxy_full_denoise_work/mni152_on_schaefer100_grid.nii.gz,/home/sudaxin/projects/paired_data/downloads/paired_datasets/Speeded_perceptual_judgments_confidence_OpenNeuro_ds002158/sub-26/ses-001/anat/sub-26_ses-001_run-001_T1w.nii.gz,True,0.13147954642772675,0.2297631800174713,0.0,intercept+linear_quadratic_trend+dct_highpass_128s_7cos+fd_deriv_power2,108x108x64x373,108x108x64,373,1.991x1.991x2x1.28,1.991x1.991x2,1.2799999713897705,-7.926096701422809,7.926096701422809,True,1.28,1.28,108x108x64->96x96x96,365,10.880000114440918,476.79998779296875,365,1.0,8,372,True,True,1.0,0.9488168724279835,273.9678955078125,True
gradCPT_simultaneous_EEG_fMRI_DTI_OpenNeuro_ds006040,sub-001,sub-001_ses-nosession_CBOFF_CBOFF_run-1,/home/sudaxin/projects/paired_data/data/pooled_raw_schaefer100_mni_proxy_full_mask_min80/run_cache/gradCPT_simultaneous_EEG_fMRI_DTI_OpenNeuro_ds006040/sub-001_ses-nosession_CBOFF_CBOFF_run-1.npz,native_bold_requires_ants_to_mni,mni_proxy_ants_schaefer100,/home/sudaxin/projects/paired_data/downloads/paired_datasets/gradCPT_simultaneous_EEG_fMRI_DTI_OpenNeuro_ds006040/sub-001/func/sub-001_task-CB_run-1_bold.nii.gz,/home/sudaxin/projects/paired_data/data/mni_schaefer100_proxy_full_denoise_work/targets/gradCPT_simultaneous_EEG_fMRI_DTI_OpenNeuro_ds006040/sub-001/08ddc2aa06bdd15b/schaefer100_mni_proxy.npz,True,True,True,ok,,3,,,/home/sudaxin/projects/paired_data/data/mni_schaefer100_proxy_full_denoise_work/mni152_on_schaefer100_grid.nii.gz,/home/sudaxin/projects/paired_data/downloads/paired_datasets/gradCPT_simultaneous_EEG_fMRI_DTI_OpenNeuro_ds006040/sub-001/anat/sub-001_T1w.nii.gz,True,0.5085777044296265,0.8629316091537476,0.3473684210526316,intercept+linear_quadratic_trend+dct_highpass_128s_5cos+fd_deriv_power2+fd_spikes_0.5_38,64x64x40x190,64x64x40,190,3.5x3.5x3.5x2,3.5x3.5x3.5,2.0,-42.87499820369627,42.87499820369627,True,2.0,2.0,112x112x70->96x96x96,150,11.0,309.0,150,1.0,5,154,True,True,1.0,0.9638916015625,136.753662109375,True
gradCPT_simultaneous_EEG_fMRI_DTI_OpenNeuro_ds006040,sub-002,sub-002_ses-nosession_CBOFF_CBOFF_run-1,/home/sudaxin/projects/paired_data/data/pooled_raw_schaefer100_mni_proxy_full_mask_min80/run_cache/gradCPT_simultaneous_EEG_fMRI_DTI_OpenNeuro_ds006040/sub-002_ses-nosession_CBOFF_CBOFF_run-1.npz,native_bold_requires_ants_to_mni,mni_proxy_ants_schaefer100,/home/sudaxin/projects/paired_data/downloads/paired_datasets/gradCPT_simultaneous_EEG_fMRI_DTI_OpenNeuro_ds006040/sub-002/func/sub-002_task-CB_run-1_bold.nii.gz,/home/sudaxin/projects/paired_data/data/mni_schaefer100_proxy_full_denoise_work/targets/gradCPT_simultaneous_EEG_fMRI_DTI_OpenNeuro_ds006040/sub-002/e885077153b9b43d/schaefer100_mni_proxy.npz,True,True,True,ok,,3,,,/home/sudaxin/projects/paired_data/data/mni_schaefer100_proxy_full_denoise_work/mni152_on_schaefer100_grid.nii.gz,/home/sudaxin/projects/paired_data/downloads/paired_datasets/gradCPT_simultaneous_EEG_fMRI_DTI_OpenNeuro_ds006040/sub-002/anat/sub-002_T1w.nii.gz,True,0.5363767147064209,0.7613452672958374,0.19021739130434784,intercept+linear_quadratic_trend+dct_highpass_128s_5cos+fd_deriv_power2+fd_spikes_0.5_35,64x64x40x184,64x64x40,184,3.5x3.5x3.5x2,3.5x3.5x3.5,2.0,-42.87499730063454,42.87499730063454,True,2.0,2.0,112x112x70->96x96x96,105,11.0,219.0,105,1.0,5,109,True,True,1.0,0.9680013020833333,134.69863891601562,True
gradCPT_simultaneous_EEG_fMRI_DTI_OpenNeuro_ds006040,sub-004,sub-004_ses-nosession_CBOFF_CBOFF_run-1,/home/sudaxin/projects/paired_data/data/pooled_raw_schaefer100_mni_proxy_full_mask_min80/run_cache/gradCPT_simultaneous_EEG_fMRI_DTI_OpenNeuro_ds006040/sub-004_ses-nosession_CBOFF_CBOFF_run-1.npz,native_bold_requires_ants_to_mni,mni_proxy_ants_schaefer100,/home/sudaxin/projects/paired_data/downloads/paired_datasets/gradCPT_simultaneous_EEG_fMRI_DTI_OpenNeuro_ds006040/sub-004/func/sub-004_task-CB_run-1_bold.nii.gz,/home/sudaxin/projects/paired_data/data/mni_schaefer100_proxy_full_denoise_work/targets/gradCPT_simultaneous_EEG_fMRI_DTI_OpenNeuro_ds006040/sub-004/697960c68c131c60/schaefer100_mni_proxy.npz,True,True,True,ok,,3,,,/home/sudaxin/projects/paired_data/data/mni_schaefer100_proxy_full_denoise_work/mni152_on_schaefer100_grid.nii.gz,/home/sudaxin/projects/paired_data/downloads/paired_datasets/gradCPT_simultaneous_EEG_fMRI_DTI_OpenNeuro_ds006040/sub-004/anat/sub-004_T1w.nii.gz,True,0.44393840432167053,0.8611154556274414,0.30526315789473685,intercept+linear_quadratic_trend+dct_highpass_128s_5cos+fd_deriv_power2+fd_spikes_0.5_38,64x64x40x190,64x64x40,190,3.5x3.5x3.5x2,3.5x3.5x3.5,2.0,-42.874997083570314,42.874997083570314,True,2.0,2.0,112x112x70->96x96x96,104,11.0,217.0,104,1.0,5,108,True,True,1.0,0.9686767578125,132.4954376220703,True
gradCPT_simultaneous_EEG_fMRI_DTI_OpenNeuro_ds006040,sub-005,sub-005_ses-nosession_CBOFF_CBOFF_run-1,/home/sudaxin/projects/paired_data/data/pooled_raw_schaefer100_mni_proxy_full_mask_min80/run_cache/gradCPT_simultaneous_EEG_fMRI_DTI_OpenNeuro_ds006040/sub-005_ses-nosession_CBOFF_CBOFF_run-1.npz,native_bold_requires_ants_to_mni,mni_proxy_ants_schaefer100,/home/sudaxin/projects/paired_data/downloads/paired_datasets/gradCPT_simultaneous_EEG_fMRI_DTI_OpenNeuro_ds006040/sub-005/func/sub-005_task-CB_run-1_bold.nii.gz,/home/sudaxin/projects/paired_data/data/mni_schaefer100_proxy_full_denoise_work/targets/gradCPT_simultaneous_EEG_fMRI_DTI_OpenNeuro_ds006040/sub-005/4afaa6c5c6508710/schaefer100_mni_proxy.npz,True,True,True,ok,,3,,,/home/sudaxin/projects/paired_data/data/mni_schaefer100_proxy_full_denoise_work/mni152_on_schaefer100_grid.nii.gz,/home/sudaxin/projects/paired_data/downloads/paired_datasets/gradCPT_simultaneous_EEG_fMRI_DTI_OpenNeuro_ds006040/sub-005/anat/sub-005_T1w.nii.gz,True,0.3523043990135193,0.6855558753013611,0.15263157894736842,intercept+linear_quadratic_trend+dct_highpass_128s_5cos+fd_deriv_power2+fd_spikes_0.5_29,64x64x40x190,64x64x40,190,3.5x3.5x3.5x2,3.5x3.5x3.5,2.0,-42.874997123098865,42.874997123098865,True,2.0,2.0,112x112x70->96x96x96,108,11.0,225.0,108,1.0,5,112,True,True,1.0,0.9686767578125,151.94068908691406,True
gradCPT_simultaneous_EEG_fMRI_DTI_OpenNeuro_ds006040,sub-006,sub-006_ses-nosession_CBOFF_CBOFF_run-1,/home/sudaxin/projects/paired_data/data/pooled_raw_schaefer100_mni_proxy_full_mask_min80/run_cache/gradCPT_simultaneous_EEG_fMRI_DTI_OpenNeuro_ds006040/sub-006_ses-nosession_CBOFF_CBOFF_run-1.npz,native_bold_requires_ants_to_mni,mni_proxy_ants_schaefer100,/home/sudaxin/projects/paired_data/downloads/paired_datasets/gradCPT_simultaneous_EEG_fMRI_DTI_OpenNeuro_ds006040/sub-006/func/sub-006_task-CB_run-1_bold.nii.gz,/home/sudaxin/projects/paired_data/data/mni_schaefer100_proxy_full_denoise_work/targets/gradCPT_simultaneous_EEG_fMRI_DTI_OpenNeuro_ds006040/sub-006/aff789d50938a656/schaefer100_mni_proxy.npz,True,True,True,ok,,3,,,/home/sudaxin/projects/paired_data/data/mni_schaefer100_proxy_full_denoise_work/mni152_on_schaefer100_grid.nii.gz,/home/sudaxin/projects/paired_data/downloads/paired_datasets/gradCPT_simultaneous_EEG_fMRI_DTI_OpenNeuro_ds006040/sub-006/anat/sub-006_T1w.nii.gz,True,0.3986145853996277,0.8281182050704956,0.24736842105263157,intercept+linear_quadratic_trend+dct_highpass_128s_5cos+fd_deriv_power2+fd_spikes_0.5_38,64x64x40x190,64x64x40,190,3.5x3.5x3.5x2,3.5x3.5x3.5,2.0,-42.87499664935281,42.87499664935281,True,2.0,2.0,112x112x70->96x96x96,108,11.0,225.0,108,1.0,5,112,True,True,1.0,0.9687418619791667,138.3461456298828,True
gradCPT_simultaneous_EEG_fMRI_DTI_OpenNeuro_ds006040,sub-007,sub-007_ses-nosession_CBOFF_CBOFF_run-1,/home/sudaxin/projects/paired_data/data/pooled_raw_schaefer100_mni_proxy_full_mask_min80/run_cache/gradCPT_simultaneous_EEG_fMRI_DTI_OpenNeuro_ds006040/sub-007_ses-nosession_CBOFF_CBOFF_run-1.npz,native_bold_requires_ants_to_mni,mni_proxy_ants_schaefer100,/home/sudaxin/projects/paired_data/downloads/paired_datasets/gradCPT_simultaneous_EEG_fMRI_DTI_OpenNeuro_ds006040/sub-007/func/sub-007_task-CB_run-1_bold.nii.gz,/home/sudaxin/projects/paired_data/data/mni_schaefer100_proxy_full_denoise_work/targets/gradCPT_simultaneous_EEG_fMRI_DTI_OpenNeuro_ds006040/sub-007/021c5034125ebb7f/schaefer100_mni_proxy.npz,True,True,True,ok,,3,,,/home/sudaxin/projects/paired_data/data/mni_schaefer100_proxy_full_denoise_work/mni152_on_schaefer100_grid.nii.gz,/home/sudaxin/projects/paired_data/downloads/paired_datasets/gradCPT_simultaneous_EEG_fMRI_DTI_OpenNeuro_ds006040/sub-007/anat/sub-007_T1w.nii.gz,True,0.720893144607544,2.458094835281372,0.34210526315789475,intercept+linear_quadratic_trend+dct_highpass_128s_5cos+fd_deriv_power2+fd_spikes_0.5_38,64x64x40x190,64x64x40,190,3.5x3.5x3.5x2,3.5x3.5x3.5,2.0,-42.87499329162574,42.87499329162574,True,2.0,2.0,112x112x70->96x96x96,185,11.0,379.0,185,1.0,5,189,True,True,1.0,0.9686360677083333,124.84077453613281,True
gradCPT_simultaneous_EEG_fMRI_DTI_OpenNeuro_ds006040,sub-008,sub-008_ses-nosession_CBOFF_CBOFF_run-1,/home/sudaxin/projects/paired_data/data/pooled_raw_schaefer100_mni_proxy_full_mask_min80/run_cache/gradCPT_simultaneous_EEG_fMRI_DTI_OpenNeuro_ds006040/sub-008_ses-nosession_CBOFF_CBOFF_run-1.npz,native_bold_requires_ants_to_mni,mni_proxy_ants_schaefer100,/home/sudaxin/projects/paired_data/downloads/paired_datasets/gradCPT_simultaneous_EEG_fMRI_DTI_OpenNeuro_ds006040/sub-008/func/sub-008_task-CB_run-1_bold.nii.gz,/home/sudaxin/projects/paired_data/data/mni_schaefer100_proxy_full_denoise_work/targets/gradCPT_simultaneous_EEG_fMRI_DTI_OpenNeuro_ds006040/sub-008/20a7159a811ff600/schaefer100_mni_proxy.npz,True,True,True,ok,,3,,,/home/sudaxin/projects/paired_data/data/mni_schaefer100_proxy_full_denoise_work/mni152_on_schaefer100_grid.nii.gz,/home/sudaxin/projects/paired_data/downloads/paired_datasets/gradCPT_simultaneous_EEG_fMRI_DTI_OpenNeuro_ds006040/sub-008/anat/sub-008_T1w.nii.gz,True,0.4356226921081543,0.8470599055290222,0.23684210526315788,intercept+linear_quadratic_trend+dct_highpass_128s_5cos+fd_deriv_power2+fd_spikes_0.5_38,64x64x40x190,64x64x40,190,3.5x3.5x3.5x2,3.5x3.5x3.5,2.0,-42.87500429493807,42.87500429493807,True,2.0,2.0,112x112x70->96x96x96,112,11.0,233.0,112,1.0,5,116,True,True,1.0,0.9686604817708333,129.37265014648438,True
gradCPT_simultaneous_EEG_fMRI_DTI_OpenNeuro_ds006040,sub-009,sub-009_ses-nosession_CBOFF_CBOFF_run-1,/home/sudaxin/projects/paired_data/data/pooled_raw_schaefer100_mni_proxy_full_mask_min80/run_cache/gradCPT_simultaneous_EEG_fMRI_DTI_OpenNeuro_ds006040/sub-009_ses-nosession_CBOFF_CBOFF_run-1.npz,native_bold_requires_ants_to_mni,mni_proxy_ants_schaefer100,/home/sudaxin/projects/paired_data/downloads/paired_datasets/gradCPT_simultaneous_EEG_fMRI_DTI_OpenNeuro_ds006040/sub-009/func/sub-009_task-CB_run-1_bold.nii.gz,/home/sudaxin/projects/paired_data/data/mni_schaefer100_proxy_full_denoise_work/targets/gradCPT_simultaneous_EEG_fMRI_DTI_OpenNeuro_ds006040/sub-009/16bf2ea322e2fcec/schaefer100_mni_proxy.npz,True,True,True,ok,,3,,,/home/sudaxin/projects/paired_data/data/mni_schaefer100_proxy_full_denoise_work/mni152_on_schaefer100_grid.nii.gz,/home/sudaxin/projects/paired_data/downloads/paired_datasets/gradCPT_simultaneous_EEG_fMRI_DTI_OpenNeuro_ds006040/sub-009/anat/sub-009_T1w.nii.gz,True,0.41299760341644287,0.7817795872688293,0.2631578947368421,intercept+linear_quadratic_trend+dct_highpass_128s_5cos+fd_deriv_power2+fd_spikes_0.5_38,64x64x40x190,64x64x40,190,3.5x3.5x3.5x2,3.5x3.5x3.5,2.0,-42.875000523139605,42.875000523139605,True,2.0,2.0,112x112x70->96x96x96,105,11.0,219.0,105,1.0,5,109,True,True,1.0,0.9682698567708333,114.56719207763672,True
gradCPT_simultaneous_EEG_fMRI_DTI_OpenNeuro_ds006040,sub-010,sub-010_ses-nosession_CBOFF_CBOFF_run-1,/home/sudaxin/projects/paired_data/data/pooled_raw_schaefer100_mni_proxy_full_mask_min80/run_cache/gradCPT_simultaneous_EEG_fMRI_DTI_OpenNeuro_ds006040/sub-010_ses-nosession_CBOFF_CBOFF_run-1.npz,native_bold_requires_ants_to_mni,mni_proxy_ants_schaefer100,/home/sudaxin/projects/paired_data/downloads/paired_datasets/gradCPT_simultaneous_EEG_fMRI_DTI_OpenNeuro_ds006040/sub-010/func/sub-010_task-CB_run-1_bold.nii.gz,/home/sudaxin/projects/paired_data/data/mni_schaefer100_proxy_full_denoise_work/targets/gradCPT_simultaneous_EEG_fMRI_DTI_OpenNeuro_ds006040/sub-010/29be9fa94cf0a0f3/schaefer100_mni_proxy.npz,True,True,True,ok,,3,,,/home/sudaxin/projects/paired_data/data/mni_schaefer100_proxy_full_denoise_work/mni152_on_schaefer100_grid.nii.gz,/home/sudaxin/projects/paired_data/downloads/paired_datasets/gradCPT_simultaneous_EEG_fMRI_DTI_OpenNeuro_ds006040/sub-010/anat/sub-010_T1w.nii.gz,True,0.7660589218139648,1.0668463706970215,0.4631578947368421,intercept+linear_quadratic_trend+dct_highpass_128s_5cos+fd_deriv_power2+fd_spikes_0.5_38,64x64x40x190,64x64x40,190,3.5x3.5x3.5x2,3.5x3.5x3.5,2.0,-42.87500443247743,42.87500443247743,True,2.0,2.0,112x112x70->96x96x96,103,11.0,215.0,103,1.0,5,107,True,True,1.0,0.9685791015625,129.1744842529297,True
gradCPT_simultaneous_EEG_fMRI_DTI_OpenNeuro_ds006040,sub-011,sub-011_ses-nosession_CBOFF_CBOFF_run-1,/home/sudaxin/projects/paired_data/data/pooled_raw_schaefer100_mni_proxy_full_mask_min80/run_cache/gradCPT_simultaneous_EEG_fMRI_DTI_OpenNeuro_ds006040/sub-011_ses-nosession_CBOFF_CBOFF_run-1.npz,native_bold_requires_ants_to_mni,mni_proxy_ants_schaefer100,/home/sudaxin/projects/paired_data/downloads/paired_datasets/gradCPT_simultaneous_EEG_fMRI_DTI_OpenNeuro_ds006040/sub-011/func/sub-011_task-CB_run-1_bold.nii.gz,/home/sudaxin/projects/paired_data/data/mni_schaefer100_proxy_full_denoise_work/targets/gradCPT_simultaneous_EEG_fMRI_DTI_OpenNeuro_ds006040/sub-011/234dfc48a1c3e80a/schaefer100_mni_proxy.npz,True,True,True,ok,,3,,,/home/sudaxin/projects/paired_data/data/mni_schaefer100_proxy_full_denoise_work/mni152_on_schaefer100_grid.nii.gz,/home/sudaxin/projects/paired_data/downloads/paired_datasets/gradCPT_simultaneous_EEG_fMRI_DTI_OpenNeuro_ds006040/sub-011/anat/sub-011_T1w.nii.gz,True,0.47297412157058716,0.8647751212120056,0.28421052631578947,intercept+linear_quadratic_trend+dct_highpass_128s_5cos+fd_deriv_power2+fd_spikes_0.5_38,64x64x40x190,64x64x40,190,3.5x3.5x3.5x2,3.5x3.5x3.5,2.0,-42.87499854302543,42.87499854302543,True,2.0,2.0,112x112x70->96x96x96,107,11.0,223.0,107,1.0,5,111,True,True,1.0,0.9617024739583333,113.86630249023438,True
gradCPT_simultaneous_EEG_fMRI_DTI_OpenNeuro_ds006040,sub-012,sub-012_ses-nosession_CBOFF_CBOFF_run-1,/home/sudaxin/projects/paired_data/data/pooled_raw_schaefer100_mni_proxy_full_mask_min80/run_cache/gradCPT_simultaneous_EEG_fMRI_DTI_OpenNeuro_ds006040/sub-012_ses-nosession_CBOFF_CBOFF_run-1.npz,native_bold_requires_ants_to_mni,mni_proxy_ants_schaefer100,/home/sudaxin/projects/paired_data/downloads/paired_datasets/gradCPT_simultaneous_EEG_fMRI_DTI_OpenNeuro_ds006040/sub-012/func/sub-012_task-CB_run-1_bold.nii.gz,/home/sudaxin/projects/paired_data/data/mni_schaefer100_proxy_full_denoise_work/targets/gradCPT_simultaneous_EEG_fMRI_DTI_OpenNeuro_ds006040/sub-012/d6c72a539f2972a4/schaefer100_mni_proxy.npz,True,True,True,ok,,3,,,/home/sudaxin/projects/paired_data/data/mni_schaefer100_proxy_full_denoise_work/mni152_on_schaefer100_grid.nii.gz,/home/sudaxin/projects/paired_data/downloads/paired_datasets/gradCPT_simultaneous_EEG_fMRI_DTI_OpenNeuro_ds006040/sub-012/anat/sub-012_T1w.nii.gz,True,0.380254328250885,0.7217056155204773,0.23157894736842105,intercept+linear_quadratic_trend+dct_highpass_128s_5cos+fd_deriv_power2+fd_spikes_0.5_38,64x64x40x190,64x64x40,190,3.5x3.5x3.5x2,3.5x3.5x3.5,2.0,-42.87499781370664,42.87499781370664,True,2.0,2.0,112x112x70->96x96x96,106,11.0,221.0,106,1.0,5,110,True,True,1.0,0.9677490234375,137.153564453125,True
gradCPT_simultaneous_EEG_fMRI_DTI_OpenNeuro_ds006040,sub-013,sub-013_ses-nosession_CBOFF_CBOFF_run-1,/home/sudaxin/projects/paired_data/data/pooled_raw_schaefer100_mni_proxy_full_mask_min80/run_cache/gradCPT_simultaneous_EEG_fMRI_DTI_OpenNeuro_ds006040/sub-013_ses-nosession_CBOFF_CBOFF_run-1.npz,native_bold_requires_ants_to_mni,mni_proxy_ants_schaefer100,/home/sudaxin/projects/paired_data/downloads/paired_datasets/gradCPT_simultaneous_EEG_fMRI_DTI_OpenNeuro_ds006040/sub-013/func/sub-013_task-CB_run-1_bold.nii.gz,/home/sudaxin/projects/paired_data/data/mni_schaefer100_proxy_full_denoise_work/targets/gradCPT_simultaneous_EEG_fMRI_DTI_OpenNeuro_ds006040/sub-013/319f028ca3fe57c8/schaefer100_mni_proxy.npz,True,True,True,ok,,3,,,/home/sudaxin/projects/paired_data/data/mni_schaefer100_proxy_full_denoise_work/mni152_on_schaefer100_grid.nii.gz,/home/sudaxin/projects/paired_data/downloads/paired_datasets/gradCPT_simultaneous_EEG_fMRI_DTI_OpenNeuro_ds006040/sub-013/anat/sub-013_T1w.nii.gz,True,0.3915957808494568,0.790557861328125,0.17894736842105263,intercept+linear_quadratic_trend+dct_highpass_128s_5cos+fd_deriv_power2+fd_spikes_0.5_34,64x64x40x190,64x64x40,190,3.5x3.5x3.5x2,3.5x3.5x3.5,2.0,-42.87500386995486,42.87500386995486,True,2.0,2.0,112x112x70->96x96x96,105,11.0,219.0,105,1.0,5,109,True,True,1.0,0.9687093098958334,143.91717529296875,True
gradCPT_simultaneous_EEG_fMRI_DTI_OpenNeuro_ds006040,sub-014,sub-014_ses-nosession_CBOFF_CBOFF_run-1,/home/sudaxin/projects/paired_data/data/pooled_raw_schaefer100_mni_proxy_full_mask_min80/run_cache/gradCPT_simultaneous_EEG_fMRI_DTI_OpenNeuro_ds006040/sub-014_ses-nosession_CBOFF_CBOFF_run-1.npz,native_bold_requires_ants_to_mni,mni_proxy_ants_schaefer100,/home/sudaxin/projects/paired_data/downloads/paired_datasets/gradCPT_simultaneous_EEG_fMRI_DTI_OpenNeuro_ds006040/sub-014/func/sub-014_task-CB_run-1_bold.nii.gz,/home/sudaxin/projects/paired_data/data/mni_schaefer100_proxy_full_denoise_work/targets/gradCPT_simultaneous_EEG_fMRI_DTI_OpenNeuro_ds006040/sub-014/d688cb377e997408/schaefer100_mni_proxy.npz,True,True,True,ok,,3,,,/home/sudaxin/projects/paired_data/data/mni_schaefer100_proxy_full_denoise_work/mni152_on_schaefer100_grid.nii.gz,/home/sudaxin/projects/paired_data/downloads/paired_datasets/gradCPT_simultaneous_EEG_fMRI_DTI_OpenNeuro_ds006040/sub-014/anat/sub-014_T1w.nii.gz,True,0.5898106694221497,1.264403223991394,0.41578947368421054,intercept+linear_quadratic_trend+dct_highpass_128s_5cos+fd_deriv_power2+fd_spikes_0.5_38,64x64x40x190,64x64x40,190,3.5x3.5x3.5x2,3.5x3.5x3.5,2.0,-42.87500035523807,42.87500035523807,True,2.0,2.0,112x112x70->96x96x96,106,11.0,221.0,106,1.0,5,110,True,True,1.0,0.9685709635416667,120.44364929199219,True
gradCPT_simultaneous_EEG_fMRI_DTI_OpenNeuro_ds006040,sub-015,sub-015_ses-nosession_ECOFF_ECOFF_run-1,/home/sudaxin/projects/paired_data/data/pooled_raw_schaefer100_mni_proxy_full_mask_min80/run_cache/gradCPT_simultaneous_EEG_fMRI_DTI_OpenNeuro_ds006040/sub-015_ses-nosession_ECOFF_ECOFF_run-1.npz,native_bold_requires_ants_to_mni,mni_proxy_ants_schaefer100,/home/sudaxin/projects/paired_data/downloads/paired_datasets/gradCPT_simultaneous_EEG_fMRI_DTI_OpenNeuro_ds006040/sub-015/func/sub-015_task-EC_run-1_bold.nii.gz,/home/sudaxin/projects/paired_data/data/mni_schaefer100_proxy_full_denoise_work/targets/gradCPT_simultaneous_EEG_fMRI_DTI_OpenNeuro_ds006040/sub-015/154e43883e3c4e81/schaefer100_mni_proxy.npz,True,True,True,ok,,3,,,/home/sudaxin/projects/paired_data/data/mni_schaefer100_proxy_full_denoise_work/mni152_on_schaefer100_grid.nii.gz,/home/sudaxin/projects/paired_data/downloads/paired_datasets/gradCPT_simultaneous_EEG_fMRI_DTI_OpenNeuro_ds006040/sub-015/anat/sub-015_T1w.nii.gz,True,0.38526642322540283,0.7342125177383423,0.23157894736842105,intercept+linear_quadratic_trend+dct_highpass_128s_5cos+fd_deriv_power2+fd_spikes_0.5_38,64x64x40x190,64x64x40,190,3.5x3.5x3.5x2,3.5x3.5x3.5,2.0,-42.87499961427555,42.87499961427555,True,2.0,2.0,112x112x70->96x96x96,101,11.0,211.0,101,1.0,5,105,True,True,1.0,0.9685872395833334,136.04200744628906,True
gradCPT_simultaneous_EEG_fMRI_DTI_OpenNeuro_ds006040,sub-016,sub-016_ses-nosession_CBOFF_CBOFF_run-1,/home/sudaxin/projects/paired_data/data/pooled_raw_schaefer100_mni_proxy_full_mask_min80/run_cache/gradCPT_simultaneous_EEG_fMRI_DTI_OpenNeuro_ds006040/sub-016_ses-nosession_CBOFF_CBOFF_run-1.npz,native_bold_requires_ants_to_mni,mni_proxy_ants_schaefer100,/home/sudaxin/projects/paired_data/downloads/paired_datasets/gradCPT_simultaneous_EEG_fMRI_DTI_OpenNeuro_ds006040/sub-016/func/sub-016_task-CB_run-1_bold.nii.gz,/home/sudaxin/projects/paired_data/data/mni_schaefer100_proxy_full_denoise_work/targets/gradCPT_simultaneous_EEG_fMRI_DTI_OpenNeuro_ds006040/sub-016/2fba8b7a42256ce4/schaefer100_mni_proxy.npz,True,True,True,ok,,3,,,/home/sudaxin/projects/paired_data/data/mni_schaefer100_proxy_full_denoise_work/mni152_on_schaefer100_grid.nii.gz,/home/sudaxin/projects/paired_data/downloads/paired_datasets/gradCPT_simultaneous_EEG_fMRI_DTI_OpenNeuro_ds006040/sub-016/anat/sub-016_T1w.nii.gz,True,0.39628010988235474,0.8110244274139404,0.21052631578947367,intercept+linear_quadratic_trend+dct_highpass_128s_5cos+fd_deriv_power2+fd_spikes_0.5_38,64x64x40x190,64x64x40,190,3.5x3.5x3.5x2,3.5x3.5x3.5,2.0,-42.8749974479611,42.8749974479611,True,2.0,2.0,112x112x70->96x96x96,129,11.0,267.0,129,1.0,5,133,True,True,1.0,0.96787109375,129.28099060058594,True
gradCPT_simultaneous_EEG_fMRI_DTI_OpenNeuro_ds006040,sub-017,sub-017_ses-nosession_CBOFF_CBOFF_run-1,/home/sudaxin/projects/paired_data/data/pooled_raw_schaefer100_mni_proxy_full_mask_min80/run_cache/gradCPT_simultaneous_EEG_fMRI_DTI_OpenNeuro_ds006040/sub-017_ses-nosession_CBOFF_CBOFF_run-1.npz,native_bold_requires_ants_to_mni,mni_proxy_ants_schaefer100,/home/sudaxin/projects/paired_data/downloads/paired_datasets/gradCPT_simultaneous_EEG_fMRI_DTI_OpenNeuro_ds006040/sub-017/func/sub-017_task-CB_run-1_bold.nii.gz,/home/sudaxin/projects/paired_data/data/mni_schaefer100_proxy_full_denoise_work/targets/gradCPT_simultaneous_EEG_fMRI_DTI_OpenNeuro_ds006040/sub-017/11e4f755277f585d/schaefer100_mni_proxy.npz,True,True,True,ok,,3,,,/home/sudaxin/projects/paired_data/data/mni_schaefer100_proxy_full_denoise_work/mni152_on_schaefer100_grid.nii.gz,/home/sudaxin/projects/paired_data/downloads/paired_datasets/gradCPT_simultaneous_EEG_fMRI_DTI_OpenNeuro_ds006040/sub-017/anat/sub-017_T1w.nii.gz,True,0.5266767144203186,0.7498099207878113,0.18947368421052632,intercept+linear_quadratic_trend+dct_highpass_128s_5cos+fd_deriv_power2+fd_spikes_0.5_36,64x64x40x190,64x64x40,190,3.5x3.5x3.5x2,3.5x3.5x3.5,2.0,-42.874997649428856,42.874997649428856,True,2.0,2.0,112x112x70->96x96x96,105,11.0,219.0,105,1.0,5,109,True,True,1.0,0.9684814453125,232.98275756835938,True
gradCPT_simultaneous_EEG_fMRI_DTI_OpenNeuro_ds006040,sub-018,sub-018_ses-nosession_CBOFF_CBOFF_run-1,/home/sudaxin/projects/paired_data/data/pooled_raw_schaefer100_mni_proxy_full_mask_min80/run_cache/gradCPT_simultaneous_EEG_fMRI_DTI_OpenNeuro_ds006040/sub-018_ses-nosession_CBOFF_CBOFF_run-1.npz,native_bold_requires_ants_to_mni,mni_proxy_ants_schaefer100,/home/sudaxin/projects/paired_data/downloads/paired_datasets/gradCPT_simultaneous_EEG_fMRI_DTI_OpenNeuro_ds006040/sub-018/func/sub-018_task-CB_run-1_bold.nii.gz,/home/sudaxin/projects/paired_data/data/mni_schaefer100_proxy_full_denoise_work/targets/gradCPT_simultaneous_EEG_fMRI_DTI_OpenNeuro_ds006040/sub-018/ade87cf511c06f6a/schaefer100_mni_proxy.npz,True,True,True,ok,,3,,,/home/sudaxin/projects/paired_data/data/mni_schaefer100_proxy_full_denoise_work/mni152_on_schaefer100_grid.nii.gz,/home/sudaxin/projects/paired_data/downloads/paired_datasets/gradCPT_simultaneous_EEG_fMRI_DTI_OpenNeuro_ds006040/sub-018/anat/sub-018_T1w.nii.gz,True,0.35992431640625,0.7195584774017334,0.15263157894736842,intercept+linear_quadratic_trend+dct_highpass_128s_5cos+fd_deriv_power2+fd_spikes_0.5_29,64x64x40x190,64x64x40,190,3.5x3.5x3.5x2,3.5x3.5x3.5,2.0,-42.87500038114815,42.87500038114815,True,2.0,2.0,112x112x70->96x96x96,110,11.0,229.0,110,1.0,5,114,True,True,1.0,0.96875,224.7191162109375,True
gradCPT_simultaneous_EEG_fMRI_DTI_OpenNeuro_ds006040,sub-019,sub-019_ses-nosession_CBOFF_CBOFF_run-1,/home/sudaxin/projects/paired_data/data/pooled_raw_schaefer100_mni_proxy_full_mask_min80/run_cache/gradCPT_simultaneous_EEG_fMRI_DTI_OpenNeuro_ds006040/sub-019_ses-nosession_CBOFF_CBOFF_run-1.npz,native_bold_requires_ants_to_mni,mni_proxy_ants_schaefer100,/home/sudaxin/projects/paired_data/downloads/paired_datasets/gradCPT_simultaneous_EEG_fMRI_DTI_OpenNeuro_ds006040/sub-019/func/sub-019_task-CB_run-1_bold.nii.gz,/home/sudaxin/projects/paired_data/data/mni_schaefer100_proxy_full_denoise_work/targets/gradCPT_simultaneous_EEG_fMRI_DTI_OpenNeuro_ds006040/sub-019/08e2671b5fa6f132/schaefer100_mni_proxy.npz,True,True,True,ok,,3,,,/home/sudaxin/projects/paired_data/data/mni_schaefer100_proxy_full_denoise_work/mni152_on_schaefer100_grid.nii.gz,/home/sudaxin/projects/paired_data/downloads/paired_datasets/gradCPT_simultaneous_EEG_fMRI_DTI_OpenNeuro_ds006040/sub-019/anat/sub-019_T1w.nii.gz,True,0.41728290915489197,0.7770553827285767,0.2894736842105263,intercept+linear_quadratic_trend+dct_highpass_128s_5cos+fd_deriv_power2+fd_spikes_0.5_38,64x64x40x190,64x64x40,190,3.5x3.5x3.5x2,3.5x3.5x3.5,2.0,-42.87499687498959,42.87499687498959,True,2.0,2.0,112x112x70->96x96x96,104,11.0,217.0,104,1.0,5,108,True,True,1.0,0.9687418619791667,218.65811157226562,True
gradCPT_simultaneous_EEG_fMRI_DTI_OpenNeuro_ds006040,sub-020,sub-020_ses-nosession_CBOFF_CBOFF_run-1,/home/sudaxin/projects/paired_data/data/pooled_raw_schaefer100_mni_proxy_full_mask_min80/run_cache/gradCPT_simultaneous_EEG_fMRI_DTI_OpenNeuro_ds006040/sub-020_ses-nosession_CBOFF_CBOFF_run-1.npz,native_bold_requires_ants_to_mni,mni_proxy_ants_schaefer100,/home/sudaxin/projects/paired_data/downloads/paired_datasets/gradCPT_simultaneous_EEG_fMRI_DTI_OpenNeuro_ds006040/sub-020/func/sub-020_task-CB_run-1_bold.nii.gz,/home/sudaxin/projects/paired_data/data/mni_schaefer100_proxy_full_denoise_work/targets/gradCPT_simultaneous_EEG_fMRI_DTI_OpenNeuro_ds006040/sub-020/b618ef4775fec900/schaefer100_mni_proxy.npz,True,True,True,ok,,3,,,/home/sudaxin/projects/paired_data/data/mni_schaefer100_proxy_full_denoise_work/mni152_on_schaefer100_grid.nii.gz,/home/sudaxin/projects/paired_data/downloads/paired_datasets/gradCPT_simultaneous_EEG_fMRI_DTI_OpenNeuro_ds006040/sub-020/anat/sub-020_T1w.nii.gz,True,0.4039645493030548,0.7550833821296692,0.23684210526315788,intercept+linear_quadratic_trend+dct_highpass_128s_5cos+fd_deriv_power2+fd_spikes_0.5_38,64x64x40x190,64x64x40,190,3.5x3.5x3.5x2,3.5x3.5x3.5,2.0,-42.87500024794464,42.87500024794464,True,2.0,2.0,112x112x70->96x96x96,105,11.0,219.0,105,1.0,5,109,True,True,1.0,0.96875,224.69094848632812,True
gradCPT_simultaneous_EEG_fMRI_DTI_OpenNeuro_ds006040,sub-021,sub-021_ses-nosession_CBOFF_CBOFF_run-1,/home/sudaxin/projects/paired_data/data/pooled_raw_schaefer100_mni_proxy_full_mask_min80/run_cache/gradCPT_simultaneous_EEG_fMRI_DTI_OpenNeuro_ds006040/sub-021_ses-nosession_CBOFF_CBOFF_run-1.npz,native_bold_requires_ants_to_mni,mni_proxy_ants_schaefer100,/home/sudaxin/projects/paired_data/downloads/paired_datasets/gradCPT_simultaneous_EEG_fMRI_DTI_OpenNeuro_ds006040/sub-021/func/sub-021_task-CB_run-1_bold.nii.gz,/home/sudaxin/projects/paired_data/data/mni_schaefer100_proxy_full_denoise_work/targets/gradCPT_simultaneous_EEG_fMRI_DTI_OpenNeuro_ds006040/sub-021/3b6784b5461fc5bd/schaefer100_mni_proxy.npz,True,True,True,ok,,3,,,/home/sudaxin/projects/paired_data/data/mni_schaefer100_proxy_full_denoise_work/mni152_on_schaefer100_grid.nii.gz,/home/sudaxin/projects/paired_data/downloads/paired_datasets/gradCPT_simultaneous_EEG_fMRI_DTI_OpenNeuro_ds006040/sub-021/anat/sub-021_T1w.nii.gz,True,0.4531797766685486,0.7739412784576416,0.29473684210526313,intercept+linear_quadratic_trend+dct_highpass_128s_5cos+fd_deriv_power2+fd_spikes_0.5_38,64x64x40x190,64x64x40,190,3.5x3.5x3.5x2,3.5x3.5x3.5,2.0,-42.87500119903151,42.87500119903151,True,2.0,2.0,112x112x70->96x96x96,103,11.0,215.0,103,1.0,5,107,True,True,1.0,0.96875,230.1416015625,True
gradCPT_simultaneous_EEG_fMRI_DTI_OpenNeuro_ds006040,sub-022,sub-022_ses-nosession_CBOFF_CBOFF_run-1,/home/sudaxin/projects/paired_data/data/pooled_raw_schaefer100_mni_proxy_full_mask_min80/run_cache/gradCPT_simultaneous_EEG_fMRI_DTI_OpenNeuro_ds006040/sub-022_ses-nosession_CBOFF_CBOFF_run-1.npz,native_bold_requires_ants_to_mni,mni_proxy_ants_schaefer100,/home/sudaxin/projects/paired_data/downloads/paired_datasets/gradCPT_simultaneous_EEG_fMRI_DTI_OpenNeuro_ds006040/sub-022/func/sub-022_task-CB_run-1_bold.nii.gz,/home/sudaxin/projects/paired_data/data/mni_schaefer100_proxy_full_denoise_work/targets/gradCPT_simultaneous_EEG_fMRI_DTI_OpenNeuro_ds006040/sub-022/85c2911379ce8281/schaefer100_mni_proxy.npz,True,True,True,ok,,3,,,/home/sudaxin/projects/paired_data/data/mni_schaefer100_proxy_full_denoise_work/mni152_on_schaefer100_grid.nii.gz,/home/sudaxin/projects/paired_data/downloads/paired_datasets/gradCPT_simultaneous_EEG_fMRI_DTI_OpenNeuro_ds006040/sub-022/anat/sub-022_T1w.nii.gz,True,0.44584622979164124,0.8609910011291504,0.2631578947368421,intercept+linear_quadratic_trend+dct_highpass_128s_5cos+fd_deriv_power2+fd_spikes_0.5_38,64x64x40x190,64x64x40,190,3.5x3.5x3.5x2,3.5x3.5x3.5,2.0,-42.87499798916387,42.87499798916387,True,2.0,2.0,112x112x70->96x96x96,102,11.0,213.0,102,1.0,5,106,True,True,1.0,0.9687337239583333,217.07183837890625,True
gradCPT_simultaneous_EEG_fMRI_DTI_OpenNeuro_ds006040,sub-023,sub-023_ses-nosession_CBOFF_CBOFF_run-1,/home/sudaxin/projects/paired_data/data/pooled_raw_schaefer100_mni_proxy_full_mask_min80/run_cache/gradCPT_simultaneous_EEG_fMRI_DTI_OpenNeuro_ds006040/sub-023_ses-nosession_CBOFF_CBOFF_run-1.npz,native_bold_requires_ants_to_mni,mni_proxy_ants_schaefer100,/home/sudaxin/projects/paired_data/downloads/paired_datasets/gradCPT_simultaneous_EEG_fMRI_DTI_OpenNeuro_ds006040/sub-023/func/sub-023_task-CB_run-1_bold.nii.gz,/home/sudaxin/projects/paired_data/data/mni_schaefer100_proxy_full_denoise_work/targets/gradCPT_simultaneous_EEG_fMRI_DTI_OpenNeuro_ds006040/sub-023/53593b40ccccf532/schaefer100_mni_proxy.npz,True,True,True,ok,,3,,,/home/sudaxin/projects/paired_data/data/mni_schaefer100_proxy_full_denoise_work/mni152_on_schaefer100_grid.nii.gz,/home/sudaxin/projects/paired_data/downloads/paired_datasets/gradCPT_simultaneous_EEG_fMRI_DTI_OpenNeuro_ds006040/sub-023/anat/sub-023_T1w.nii.gz,True,0.6275641322135925,0.7975974678993225,0.2608695652173913,intercept+linear_quadratic_trend+dct_highpass_128s_5cos+fd_deriv_power2+fd_spikes_0.5_36,64x64x40x184,64x64x40,184,3.5x3.5x3.5x2,3.5x3.5x3.5,2.0,-42.87500272025302,42.87500272025302,True,2.0,2.0,112x112x70->96x96x96,102,11.0,213.0,102,1.0,5,106,True,True,1.0,0.9687418619791667,229.1431427001953,True
gradCPT_simultaneous_EEG_fMRI_DTI_OpenNeuro_ds006040,sub-024,sub-024_ses-nosession_CBOFF_CBOFF_run-1,/home/sudaxin/projects/paired_data/data/pooled_raw_schaefer100_mni_proxy_full_mask_min80/run_cache/gradCPT_simultaneous_EEG_fMRI_DTI_OpenNeuro_ds006040/sub-024_ses-nosession_CBOFF_CBOFF_run-1.npz,native_bold_requires_ants_to_mni,mni_proxy_ants_schaefer100,/home/sudaxin/projects/paired_data/downloads/paired_datasets/gradCPT_simultaneous_EEG_fMRI_DTI_OpenNeuro_ds006040/sub-024/func/sub-024_task-CB_run-1_bold.nii.gz,/home/sudaxin/projects/paired_data/data/mni_schaefer100_proxy_full_denoise_work/targets/gradCPT_simultaneous_EEG_fMRI_DTI_OpenNeuro_ds006040/sub-024/002a2bcb94edb536/schaefer100_mni_proxy.npz,True,True,True,ok,,3,,,/home/sudaxin/projects/paired_data/data/mni_schaefer100_proxy_full_denoise_work/mni152_on_schaefer100_grid.nii.gz,/home/sudaxin/projects/paired_data/downloads/paired_datasets/gradCPT_simultaneous_EEG_fMRI_DTI_OpenNeuro_ds006040/sub-024/anat/sub-024_T1w.nii.gz,True,0.3623732626438141,0.7139751315116882,0.16847826086956522,intercept+linear_quadratic_trend+dct_highpass_128s_5cos+fd_deriv_power2+fd_spikes_0.5_31,64x64x40x184,64x64x40,184,3.5x3.5x3.5x2,3.5x3.5x3.5,2.0,-42.87499717872405,42.87499717872405,True,2.0,2.0,112x112x70->96x96x96,104,11.0,217.0,104,1.0,5,108,True,True,1.0,0.9687418619791667,241.2358856201172,True
gradCPT_simultaneous_EEG_fMRI_DTI_OpenNeuro_ds006040,sub-025,sub-025_ses-nosession_CBOFF_CBOFF_run-1,/home/sudaxin/projects/paired_data/data/pooled_raw_schaefer100_mni_proxy_full_mask_min80/run_cache/gradCPT_simultaneous_EEG_fMRI_DTI_OpenNeuro_ds006040/sub-025_ses-nosession_CBOFF_CBOFF_run-1.npz,native_bold_requires_ants_to_mni,mni_proxy_ants_schaefer100,/home/sudaxin/projects/paired_data/downloads/paired_datasets/gradCPT_simultaneous_EEG_fMRI_DTI_OpenNeuro_ds006040/sub-025/func/sub-025_task-CB_run-1_bold.nii.gz,/home/sudaxin/projects/paired_data/data/mni_schaefer100_proxy_full_denoise_work/targets/gradCPT_simultaneous_EEG_fMRI_DTI_OpenNeuro_ds006040/sub-025/86222790243a3972/schaefer100_mni_proxy.npz,True,True,True,ok,,3,,,/home/sudaxin/projects/paired_data/data/mni_schaefer100_proxy_full_denoise_work/mni152_on_schaefer100_grid.nii.gz,/home/sudaxin/projects/paired_data/downloads/paired_datasets/gradCPT_simultaneous_EEG_fMRI_DTI_OpenNeuro_ds006040/sub-025/anat/sub-025_T1w.nii.gz,True,0.4569920301437378,0.8868961334228516,0.32608695652173914,intercept+linear_quadratic_trend+dct_highpass_128s_5cos+fd_deriv_power2+fd_spikes_0.5_36,64x64x40x184,64x64x40,184,3.5x3.5x3.5x2,3.5x3.5x3.5,2.0,-42.875001439457144,42.875001439457144,True,2.0,2.0,112x112x70->96x96x96,107,11.0,223.0,107,1.0,5,111,True,True,1.0,0.9687418619791667,217.41799926757812,True
gradCPT_simultaneous_EEG_fMRI_DTI_OpenNeuro_ds006040,sub-026,sub-026_ses-nosession_CBOFF_CBOFF_run-1,/home/sudaxin/projects/paired_data/data/pooled_raw_schaefer100_mni_proxy_full_mask_min80/run_cache/gradCPT_simultaneous_EEG_fMRI_DTI_OpenNeuro_ds006040/sub-026_ses-nosession_CBOFF_CBOFF_run-1.npz,native_bold_requires_ants_to_mni,mni_proxy_ants_schaefer100,/home/sudaxin/projects/paired_data/downloads/paired_datasets/gradCPT_simultaneous_EEG_fMRI_DTI_OpenNeuro_ds006040/sub-026/func/sub-026_task-CB_run-1_bold.nii.gz,/home/sudaxin/projects/paired_data/data/mni_schaefer100_proxy_full_denoise_work/targets/gradCPT_simultaneous_EEG_fMRI_DTI_OpenNeuro_ds006040/sub-026/c795f77d3f98bfdd/schaefer100_mni_proxy.npz,True,True,True,ok,,3,,,/home/sudaxin/projects/paired_data/data/mni_schaefer100_proxy_full_denoise_work/mni152_on_schaefer100_grid.nii.gz,/home/sudaxin/projects/paired_data/downloads/paired_datasets/gradCPT_simultaneous_EEG_fMRI_DTI_OpenNeuro_ds006040/sub-026/anat/sub-026_T1w.nii.gz,True,0.5828984379768372,0.9872146248817444,0.3695652173913043,intercept+linear_quadratic_trend+dct_highpass_128s_5cos+fd_deriv_power2+fd_spikes_0.5_36,64x64x40x184,64x64x40,184,3.5x3.5x3.5x2,3.5x3.5x3.5,2.0,-42.8750021591297,42.8750021591297,True,2.0,2.0,112x112x70->96x96x96,101,11.0,211.0,101,1.0,5,105,True,True,1.0,0.9687255859375,223.66299438476562,True
gradCPT_simultaneous_EEG_fMRI_DTI_OpenNeuro_ds006040,sub-027,sub-027_ses-nosession_CBOFF_CBOFF_run-1,/home/sudaxin/projects/paired_data/data/pooled_raw_schaefer100_mni_proxy_full_mask_min80/run_cache/gradCPT_simultaneous_EEG_fMRI_DTI_OpenNeuro_ds006040/sub-027_ses-nosession_CBOFF_CBOFF_run-1.npz,native_bold_requires_ants_to_mni,mni_proxy_ants_schaefer100,/home/sudaxin/projects/paired_data/downloads/paired_datasets/gradCPT_simultaneous_EEG_fMRI_DTI_OpenNeuro_ds006040/sub-027/func/sub-027_task-CB_run-1_bold.nii.gz,/home/sudaxin/projects/paired_data/data/mni_schaefer100_proxy_full_denoise_work/targets/gradCPT_simultaneous_EEG_fMRI_DTI_OpenNeuro_ds006040/sub-027/cdccfd92841220b1/schaefer100_mni_proxy.npz,True,True,True,ok,,3,,,/home/sudaxin/projects/paired_data/data/mni_schaefer100_proxy_full_denoise_work/mni152_on_schaefer100_grid.nii.gz,/home/sudaxin/projects/paired_data/downloads/paired_datasets/gradCPT_simultaneous_EEG_fMRI_DTI_OpenNeuro_ds006040/sub-027/anat/sub-027_T1w.nii.gz,True,0.3486484885215759,0.705241858959198,0.16847826086956522,intercept+linear_quadratic_trend+dct_highpass_128s_5cos+fd_deriv_power2+fd_spikes_0.5_31,64x64x40x184,64x64x40,184,3.5x3.5x3.5x2,3.5x3.5x3.5,2.0,-42.87499417343,42.87499417343,True,2.0,2.0,112x112x70->96x96x96,101,11.0,211.0,101,1.0,5,105,True,True,1.0,0.9681640625,216.00389099121094,True
gradCPT_simultaneous_EEG_fMRI_DTI_OpenNeuro_ds006040,sub-028,sub-028_ses-nosession_CBOFF_CBOFF_run-1,/home/sudaxin/projects/paired_data/data/pooled_raw_schaefer100_mni_proxy_full_mask_min80/run_cache/gradCPT_simultaneous_EEG_fMRI_DTI_OpenNeuro_ds006040/sub-028_ses-nosession_CBOFF_CBOFF_run-1.npz,native_bold_requires_ants_to_mni,mni_proxy_ants_schaefer100,/home/sudaxin/projects/paired_data/downloads/paired_datasets/gradCPT_simultaneous_EEG_fMRI_DTI_OpenNeuro_ds006040/sub-028/func/sub-028_task-CB_run-1_bold.nii.gz,/home/sudaxin/projects/paired_data/data/mni_schaefer100_proxy_full_denoise_work/targets/gradCPT_simultaneous_EEG_fMRI_DTI_OpenNeuro_ds006040/sub-028/5925fb2775fca09e/schaefer100_mni_proxy.npz,True,True,True,ok,,3,,,/home/sudaxin/projects/paired_data/data/mni_schaefer100_proxy_full_denoise_work/mni152_on_schaefer100_grid.nii.gz,/home/sudaxin/projects/paired_data/downloads/paired_datasets/gradCPT_simultaneous_EEG_fMRI_DTI_OpenNeuro_ds006040/sub-028/anat/sub-028_T1w.nii.gz,True,0.44280722737312317,0.9301735758781433,0.22282608695652173,intercept+linear_quadratic_trend+dct_highpass_128s_5cos+fd_deriv_power2+fd_spikes_0.5_36,64x64x40x184,64x64x40,184,3.5x3.5x3.5x2,3.5x3.5x3.5,2.0,-42.874995878578645,42.874995878578645,True,2.0,2.0,112x112x70->96x96x96,127,11.0,263.0,127,1.0,5,131,True,True,1.0,0.96875,237.89682006835938,True
gradCPT_simultaneous_EEG_fMRI_DTI_OpenNeuro_ds006040,sub-029,sub-029_ses-nosession_CBOFF_CBOFF_run-1,/home/sudaxin/projects/paired_data/data/pooled_raw_schaefer100_mni_proxy_full_mask_min80/run_cache/gradCPT_simultaneous_EEG_fMRI_DTI_OpenNeuro_ds006040/sub-029_ses-nosession_CBOFF_CBOFF_run-1.npz,native_bold_requires_ants_to_mni,mni_proxy_ants_schaefer100,/home/sudaxin/projects/paired_data/downloads/paired_datasets/gradCPT_simultaneous_EEG_fMRI_DTI_OpenNeuro_ds006040/sub-029/func/sub-029_task-CB_run-1_bold.nii.gz,/home/sudaxin/projects/paired_data/data/mni_schaefer100_proxy_full_denoise_work/targets/gradCPT_simultaneous_EEG_fMRI_DTI_OpenNeuro_ds006040/sub-029/39fda08bcbd96448/schaefer100_mni_proxy.npz,True,True,True,ok,,3,,,/home/sudaxin/projects/paired_data/data/mni_schaefer100_proxy_full_denoise_work/mni152_on_schaefer100_grid.nii.gz,/home/sudaxin/projects/paired_data/downloads/paired_datasets/gradCPT_simultaneous_EEG_fMRI_DTI_OpenNeuro_ds006040/sub-029/anat/sub-029_T1w.nii.gz,True,0.6947256922721863,0.7781590819358826,0.2826086956521739,intercept+linear_quadratic_trend+dct_highpass_128s_5cos+fd_deriv_power2+fd_spikes_0.5_36,64x64x40x184,64x64x40,184,3.5x3.5x3.5x2,3.5x3.5x3.5,2.0,-42.87499696472591,42.87499696472591,True,2.0,2.0,112x112x70->96x96x96,108,11.0,225.0,108,1.0,5,112,True,True,1.0,0.96875,239.2510986328125,True
natview,sub-01,sub-01_ses-01_rest,/home/sudaxin/projects/paired_data/data/pooled_raw_schaefer100_mni_proxy_full_mask_min80/run_cache/natview/sub-01_ses-01_rest.npz,direct_natview_mni152_preproc,unknown_or_native,/home/sudaxin/projects/paired_data/downloads/paired_datasets/NatView_NKI_EEG_fMRI_Naturalistic_Viewing/sub-01/ses-01/func/sub-01_ses-01_task-rest_bold/func_preproc/func_pp_filter_sm0.mni152.3mm.nii.gz,,False,True,True,ok,,0,,,,,,,,,natview_func_pp_filter_sm0_mni152_3mm,61x73x61x288,61x73x61,288,3x3x3x2.1,3x3x3,2.0999999046325684,-27.0,27.0,True,nan,2.0999999046325684,92x110x92->96x96x96,282,11.550000190734863,601.6499633789062,282,1.0,5,286,True,True,1.0,0.2687200832466181,61.492313385009766,True
natview,sub-02,sub-02_ses-01_rest,/home/sudaxin/projects/paired_data/data/pooled_raw_schaefer100_mni_proxy_full_mask_min80/run_cache/natview/sub-02_ses-01_rest.npz,direct_natview_mni152_preproc,unknown_or_native,/home/sudaxin/projects/paired_data/downloads/paired_datasets/NatView_NKI_EEG_fMRI_Naturalistic_Viewing/sub-02/ses-01/func/sub-02_ses-01_task-rest_bold/func_preproc/func_pp_filter_sm0.mni152.3mm.nii.gz,,False,True,True,ok,,0,,,,,,,,,natview_func_pp_filter_sm0_mni152_3mm,61x73x61x288,61x73x61,288,3x3x3x2.1,3x3x3,2.0999999046325684,-27.0,27.0,True,nan,2.0999999046325684,92x110x92->96x96x96,285,11.550000190734863,607.949951171875,283,0.9929824561403509,5,287,True,True,1.0,0.2643080124869927,46.871917724609375,True
natview,sub-03,sub-03_ses-01_rest,/home/sudaxin/projects/paired_data/data/pooled_raw_schaefer100_mni_proxy_full_mask_min80/run_cache/natview/sub-03_ses-01_rest.npz,direct_natview_mni152_preproc,unknown_or_native,/home/sudaxin/projects/paired_data/downloads/paired_datasets/NatView_NKI_EEG_fMRI_Naturalistic_Viewing/sub-03/ses-01/func/sub-03_ses-01_task-rest_bold/func_preproc/func_pp_filter_sm0.mni152.3mm.nii.gz,,False,True,True,ok,,0,,,,,,,,,natview_func_pp_filter_sm0_mni152_3mm,61x73x61x288,61x73x61,288,3x3x3x2.1,3x3x3,2.0999999046325684,-27.0,27.0,True,nan,2.0999999046325684,92x110x92->96x96x96,280,11.550000190734863,597.449951171875,280,1.0,5,284,True,True,1.0,0.24449531737773153,57.37197494506836,True
natview,sub-04,sub-04_ses-01_rest,/home/sudaxin/projects/paired_data/data/pooled_raw_schaefer100_mni_proxy_full_mask_min80/run_cache/natview/sub-04_ses-01_rest.npz,direct_natview_mni152_preproc,unknown_or_native,/home/sudaxin/projects/paired_data/downloads/paired_datasets/NatView_NKI_EEG_fMRI_Naturalistic_Viewing/sub-04/ses-01/func/sub-04_ses-01_task-rest_bold/func_preproc/func_pp_filter_sm0.mni152.3mm.nii.gz,,False,True,True,ok,,0,,,,,,,,,natview_func_pp_filter_sm0_mni152_3mm,61x73x61x288,61x73x61,288,3x3x3x2.1,3x3x3,2.0999999046325684,-27.0,27.0,True,nan,2.0999999046325684,92x110x92->96x96x96,288,11.550000190734863,614.25,283,0.9826388888888888,5,287,True,True,1.0,0.2534027055150884,44.822166442871094,True
natview,sub-05,sub-05_ses-01_rest,/home/sudaxin/projects/paired_data/data/pooled_raw_schaefer100_mni_proxy_full_mask_min80/run_cache/natview/sub-05_ses-01_rest.npz,direct_natview_mni152_preproc,unknown_or_native,/home/sudaxin/projects/paired_data/downloads/paired_datasets/NatView_NKI_EEG_fMRI_Naturalistic_Viewing/sub-05/ses-01/func/sub-05_ses-01_task-rest_bold/func_preproc/func_pp_filter_sm0.mni152.3mm.nii.gz,,False,True,True,ok,,0,,,,,,,,,natview_func_pp_filter_sm0_mni152_3mm,61x73x61x288,61x73x61,288,3x3x3x2.1,3x3x3,2.0999999046325684,-27.0,27.0,True,nan,2.0999999046325684,92x110x92->96x96x96,256,11.550000190734863,547.0499877929688,256,1.0,5,260,True,True,1.0,0.2573569198751301,94.72856903076172,True
natview,sub-06,sub-06_ses-01_rest,/home/sudaxin/projects/paired_data/data/pooled_raw_schaefer100_mni_proxy_full_mask_min80/run_cache/natview/sub-06_ses-01_rest.npz,direct_natview_mni152_preproc,unknown_or_native,/home/sudaxin/projects/paired_data/downloads/paired_datasets/NatView_NKI_EEG_fMRI_Naturalistic_Viewing/sub-06/ses-01/func/sub-06_ses-01_task-rest_bold/func_preproc/func_pp_filter_sm0.mni152.3mm.nii.gz,,False,True,True,ok,,0,,,,,,,,,natview_func_pp_filter_sm0_mni152_3mm,61x73x61x288,61x73x61,288,3x3x3x2.1,3x3x3,2.0999999046325684,-27.0,27.0,True,nan,2.0999999046325684,92x110x92->96x96x96,280,11.550000190734863,597.449951171875,280,1.0,5,284,True,True,1.0,0.24566077003121747,48.18779754638672,True
natview,sub-07,sub-07_ses-01_rest,/home/sudaxin/projects/paired_data/data/pooled_raw_schaefer100_mni_proxy_full_mask_min80/run_cache/natview/sub-07_ses-01_rest.npz,direct_natview_mni152_preproc,unknown_or_native,/home/sudaxin/projects/paired_data/downloads/paired_datasets/NatView_NKI_EEG_fMRI_Naturalistic_Viewing/sub-07/ses-01/func/sub-07_ses-01_task-rest_bold/func_preproc/func_pp_filter_sm0.mni152.3mm.nii.gz,,False,True,True,ok,,0,,,,,,,,,natview_func_pp_filter_sm0_mni152_3mm,61x73x61x288,61x73x61,288,3x3x3x2.1,3x3x3,2.0999999046325684,-27.0,27.0,True,nan,2.0999999046325684,92x110x92->96x96x96,288,11.550000190734863,614.25,283,0.9826388888888888,5,287,True,True,1.0,0.25706555671175857,39.82001876831055,True
natview,sub-08,sub-08_ses-01_rest,/home/sudaxin/projects/paired_data/data/pooled_raw_schaefer100_mni_proxy_full_mask_min80/run_cache/natview/sub-08_ses-01_rest.npz,direct_natview_mni152_preproc,unknown_or_native,/home/sudaxin/projects/paired_data/downloads/paired_datasets/NatView_NKI_EEG_fMRI_Naturalistic_Viewing/sub-08/ses-01/func/sub-08_ses-01_task-rest_bold/func_preproc/func_pp_filter_sm0.mni152.3mm.nii.gz,,False,True,True,ok,,0,,,,,,,,,natview_func_pp_filter_sm0_mni152_3mm,61x73x61x288,61x73x61,288,3x3x3x2.1,3x3x3,2.0999999046325684,-27.0,27.0,True,nan,2.0999999046325684,92x110x92->96x96x96,265,11.550000190734863,565.949951171875,265,1.0,5,269,True,True,1.0,0.26056191467221645,67.32371520996094,True
natview,sub-09,sub-09_ses-01_rest,/home/sudaxin/projects/paired_data/data/pooled_raw_schaefer100_mni_proxy_full_mask_min80/run_cache/natview/sub-09_ses-01_rest.npz,direct_natview_mni152_preproc,unknown_or_native,/home/sudaxin/projects/paired_data/downloads/paired_datasets/NatView_NKI_EEG_fMRI_Naturalistic_Viewing/sub-09/ses-01/func/sub-09_ses-01_task-rest_bold/func_preproc/func_pp_filter_sm0.mni152.3mm.nii.gz,,False,True,True,ok,,0,,,,,,,,,natview_func_pp_filter_sm0_mni152_3mm,61x73x61x288,61x73x61,288,3x3x3x2.1,3x3x3,2.0999999046325684,-27.0,27.0,True,nan,2.0999999046325684,92x110x92->96x96x96,234,11.550000190734863,500.8499755859375,234,1.0,5,238,True,True,1.0,0.26110301768990635,49.98476028442383,True
natview,sub-10,sub-10_ses-01_rest,/home/sudaxin/projects/paired_data/data/pooled_raw_schaefer100_mni_proxy_full_mask_min80/run_cache/natview/sub-10_ses-01_rest.npz,direct_natview_mni152_preproc,unknown_or_native,/home/sudaxin/projects/paired_data/downloads/paired_datasets/NatView_NKI_EEG_fMRI_Naturalistic_Viewing/sub-10/ses-01/func/sub-10_ses-01_task-rest_bold/func_preproc/func_pp_filter_sm0.mni152.3mm.nii.gz,,False,True,True,ok,,0,,,,,,,,,natview_func_pp_filter_sm0_mni152_3mm,61x73x61x288,61x73x61,288,3x3x3x2.1,3x3x3,2.0999999046325684,-27.0,27.0,True,nan,2.0999999046325684,92x110x92->96x96x96,250,11.550000190734863,534.449951171875,250,1.0,5,254,True,True,1.0,0.26880332986472427,55.89336013793945,True
natview,sub-11,sub-11_ses-01_rest,/home/sudaxin/projects/paired_data/data/pooled_raw_schaefer100_mni_proxy_full_mask_min80/run_cache/natview/sub-11_ses-01_rest.npz,direct_natview_mni152_preproc,unknown_or_native,/home/sudaxin/projects/paired_data/downloads/paired_datasets/NatView_NKI_EEG_fMRI_Naturalistic_Viewing/sub-11/ses-01/func/sub-11_ses-01_task-rest_bold/func_preproc/func_pp_filter_sm0.mni152.3mm.nii.gz,,False,True,True,ok,,0,,,,,,,,,natview_func_pp_filter_sm0_mni152_3mm,61x73x61x288,61x73x61,288,3x3x3x2.1,3x3x3,2.0999999046325684,-27.0,27.0,True,nan,2.0999999046325684,92x110x92->96x96x96,272,11.550000190734863,580.6499633789062,272,1.0,5,276,True,True,1.0,0.2737565036420395,56.16658401489258,True
natview,sub-12,sub-12_ses-01_rest,/home/sudaxin/projects/paired_data/data/pooled_raw_schaefer100_mni_proxy_full_mask_min80/run_cache/natview/sub-12_ses-01_rest.npz,direct_natview_mni152_preproc,unknown_or_native,/home/sudaxin/projects/paired_data/downloads/paired_datasets/NatView_NKI_EEG_fMRI_Naturalistic_Viewing/sub-12/ses-01/func/sub-12_ses-01_task-rest_bold/func_preproc/func_pp_filter_sm0.mni152.3mm.nii.gz,,False,True,True,ok,,0,,,,,,,,,natview_func_pp_filter_sm0_mni152_3mm,61x73x61x288,61x73x61,288,3x3x3x2.1,3x3x3,2.0999999046325684,-27.0,27.0,True,nan,2.0999999046325684,92x110x92->96x96x96,271,11.550000190734863,578.5499877929688,271,1.0,5,275,True,True,1.0,0.2565244536940687,53.76313781738281,True
natview,sub-13,sub-13_ses-01_rest,/home/sudaxin/projects/paired_data/data/pooled_raw_schaefer100_mni_proxy_full_mask_min80/run_cache/natview/sub-13_ses-01_rest.npz,direct_natview_mni152_preproc,unknown_or_native,/home/sudaxin/projects/paired_data/downloads/paired_datasets/NatView_NKI_EEG_fMRI_Naturalistic_Viewing/sub-13/ses-01/func/sub-13_ses-01_task-rest_bold/func_preproc/func_pp_filter_sm0.mni152.3mm.nii.gz,,False,True,True,ok,,0,,,,,,,,,natview_func_pp_filter_sm0_mni152_3mm,61x73x61x288,61x73x61,288,3x3x3x2.1,3x3x3,2.0999999046325684,-27.0,27.0,True,nan,2.0999999046325684,92x110x92->96x96x96,280,11.550000190734863,597.449951171875,280,1.0,5,284,True,True,1.0,0.26867845993756506,58.65314483642578,True
natview,sub-14,sub-14_ses-01_rest,/home/sudaxin/projects/paired_data/data/pooled_raw_schaefer100_mni_proxy_full_mask_min80/run_cache/natview/sub-14_ses-01_rest.npz,direct_natview_mni152_preproc,unknown_or_native,/home/sudaxin/projects/paired_data/downloads/paired_datasets/NatView_NKI_EEG_fMRI_Naturalistic_Viewing/sub-14/ses-01/func/sub-14_ses-01_task-rest_bold/func_preproc/func_pp_filter_sm0.mni152.3mm.nii.gz,,False,True,True,ok,,0,,,,,,,,,natview_func_pp_filter_sm0_mni152_3mm,61x73x61x288,61x73x61,288,3x3x3x2.1,3x3x3,2.0999999046325684,-27.0,27.0,True,nan,2.0999999046325684,92x110x92->96x96x96,272,11.550000190734863,580.6499633789062,272,1.0,5,276,True,True,1.0,0.2737981269510926,50.1285514831543,True
natview,sub-15,sub-15_ses-01_rest,/home/sudaxin/projects/paired_data/data/pooled_raw_schaefer100_mni_proxy_full_mask_min80/run_cache/natview/sub-15_ses-01_rest.npz,direct_natview_mni152_preproc,unknown_or_native,/home/sudaxin/projects/paired_data/downloads/paired_datasets/NatView_NKI_EEG_fMRI_Naturalistic_Viewing/sub-15/ses-01/func/sub-15_ses-01_task-rest_bold/func_preproc/func_pp_filter_sm0.mni152.3mm.nii.gz,,False,True,True,ok,,0,,,,,,,,,natview_func_pp_filter_sm0_mni152_3mm,61x73x61x288,61x73x61,288,3x3x3x2.1,3x3x3,2.0999999046325684,-27.0,27.0,True,nan,2.0999999046325684,92x110x92->96x96x96,261,11.550000190734863,557.5499877929688,261,1.0,5,265,True,True,1.0,0.25989594172736735,52.32859802246094,True
natview,sub-16,sub-16_ses-01_rest,/home/sudaxin/projects/paired_data/data/pooled_raw_schaefer100_mni_proxy_full_mask_min80/run_cache/natview/sub-16_ses-01_rest.npz,direct_natview_mni152_preproc,unknown_or_native,/home/sudaxin/projects/paired_data/downloads/paired_datasets/NatView_NKI_EEG_fMRI_Naturalistic_Viewing/sub-16/ses-01/func/sub-16_ses-01_task-rest_bold/func_preproc/func_pp_filter_sm0.mni152.3mm.nii.gz,,False,True,True,ok,,0,,,,,,,,,natview_func_pp_filter_sm0_mni152_3mm,61x73x61x288,61x73x61,288,3x3x3x2.1,3x3x3,2.0999999046325684,-27.0,27.0,True,nan,2.0999999046325684,92x110x92->96x96x96,247,11.550000190734863,528.1499633789062,247,1.0,5,251,True,True,1.0,0.27017689906347553,36.60252380371094,True
natview,sub-17,sub-17_ses-01_rest,/home/sudaxin/projects/paired_data/data/pooled_raw_schaefer100_mni_proxy_full_mask_min80/run_cache/natview/sub-17_ses-01_rest.npz,direct_natview_mni152_preproc,unknown_or_native,/home/sudaxin/projects/paired_data/downloads/paired_datasets/NatView_NKI_EEG_fMRI_Naturalistic_Viewing/sub-17/ses-01/func/sub-17_ses-01_task-rest_bold/func_preproc/func_pp_filter_sm0.mni152.3mm.nii.gz,,False,True,True,ok,,0,,,,,,,,,natview_func_pp_filter_sm0_mni152_3mm,61x73x61x288,61x73x61,288,3x3x3x2.1,3x3x3,2.0999999046325684,-27.0,27.0,True,nan,2.0999999046325684,92x110x92->96x96x96,237,11.550000190734863,507.14996337890625,237,1.0,5,241,True,True,1.0,0.2665556711758585,56.56089401245117,True
natview,sub-18,sub-18_ses-01_rest,/home/sudaxin/projects/paired_data/data/pooled_raw_schaefer100_mni_proxy_full_mask_min80/run_cache/natview/sub-18_ses-01_rest.npz,direct_natview_mni152_preproc,unknown_or_native,/home/sudaxin/projects/paired_data/downloads/paired_datasets/NatView_NKI_EEG_fMRI_Naturalistic_Viewing/sub-18/ses-01/func/sub-18_ses-01_task-rest_bold/func_preproc/func_pp_filter_sm0.mni152.3mm.nii.gz,,False,True,True,ok,,0,,,,,,,,,natview_func_pp_filter_sm0_mni152_3mm,61x73x61x288,61x73x61,288,3x3x3x2.1,3x3x3,2.0999999046325684,-27.0,27.0,True,nan,2.0999999046325684,92x110x92->96x96x96,281,11.550000190734863,599.5499877929688,281,1.0,5,285,True,True,1.0,0.27621227887617067,62.54130935668945,True
natview,sub-19,sub-19_ses-01_rest,/home/sudaxin/projects/paired_data/data/pooled_raw_schaefer100_mni_proxy_full_mask_min80/run_cache/natview/sub-19_ses-01_rest.npz,direct_natview_mni152_preproc,unknown_or_native,/home/sudaxin/projects/paired_data/downloads/paired_datasets/NatView_NKI_EEG_fMRI_Naturalistic_Viewing/sub-19/ses-01/func/sub-19_ses-01_task-rest_bold/func_preproc/func_pp_filter_sm0.mni152.3mm.nii.gz,,False,True,True,ok,,0,,,,,,,,,natview_func_pp_filter_sm0_mni152_3mm,61x73x61x288,61x73x61,288,3x3x3x2.1,3x3x3,2.0999999046325684,-27.0,27.0,True,nan,2.0999999046325684,92x110x92->96x96x96,193,11.550000190734863,414.7499694824219,193,1.0,5,197,True,True,1.0,0.2553173777315297,215.15016174316406,True
natview,sub-20,sub-20_ses-01_rest,/home/sudaxin/projects/paired_data/data/pooled_raw_schaefer100_mni_proxy_full_mask_min80/run_cache/natview/sub-20_ses-01_rest.npz,direct_natview_mni152_preproc,unknown_or_native,/home/sudaxin/projects/paired_data/downloads/paired_datasets/NatView_NKI_EEG_fMRI_Naturalistic_Viewing/sub-20/ses-01/func/sub-20_ses-01_task-rest_bold/func_preproc/func_pp_filter_sm0.mni152.3mm.nii.gz,,False,True,True,ok,,0,,,,,,,,,natview_func_pp_filter_sm0_mni152_3mm,61x73x61x288,61x73x61,288,3x3x3x2.1,3x3x3,2.0999999046325684,-27.0,27.0,True,nan,2.0999999046325684,92x110x92->96x96x96,286,11.550000190734863,610.0499877929688,283,0.9895104895104895,5,287,True,True,1.0,0.2670135275754422,44.898216247558594,True
natview,sub-21,sub-21_ses-01_rest,/home/sudaxin/projects/paired_data/data/pooled_raw_schaefer100_mni_proxy_full_mask_min80/run_cache/natview/sub-21_ses-01_rest.npz,direct_natview_mni152_preproc,unknown_or_native,/home/sudaxin/projects/paired_data/downloads/paired_datasets/NatView_NKI_EEG_fMRI_Naturalistic_Viewing/sub-21/ses-01/func/sub-21_ses-01_task-rest_bold/func_preproc/func_pp_filter_sm0.mni152.3mm.nii.gz,,False,True,True,ok,,0,,,,,,,,,natview_func_pp_filter_sm0_mni152_3mm,61x73x61x288,61x73x61,288,3x3x3x2.1,3x3x3,2.0999999046325684,-27.0,27.0,True,nan,2.0999999046325684,92x110x92->96x96x96,235,11.550000190734863,502.9499816894531,235,1.0,5,239,True,True,1.0,0.2642247658688866,63.58151626586914,True
natview,sub-22,sub-22_ses-01_rest,/home/sudaxin/projects/paired_data/data/pooled_raw_schaefer100_mni_proxy_full_mask_min80/run_cache/natview/sub-22_ses-01_rest.npz,direct_natview_mni152_preproc,unknown_or_native,/home/sudaxin/projects/paired_data/downloads/paired_datasets/NatView_NKI_EEG_fMRI_Naturalistic_Viewing/sub-22/ses-01/func/sub-22_ses-01_task-rest_bold/func_preproc/func_pp_filter_sm0.mni152.3mm.nii.gz,,False,True,True,ok,,0,,,,,,,,,natview_func_pp_filter_sm0_mni152_3mm,61x73x61x288,61x73x61,288,3x3x3x2.1,3x3x3,2.0999999046325684,-27.0,27.0,True,nan,2.0999999046325684,92x110x92->96x96x96,284,11.550000190734863,605.8499755859375,283,0.9964788732394366,5,287,True,True,1.0,0.2606035379812695,69.470703125,True
