fold,method,target_mode,n_train,n_test,y_dim,context_steps,target_corr_mean,target_corr_median,row_corr_mean,row_corr_median,r2,retrieval_top1,retrieval_top5,retrieval_mrr,retrieval_median_rank,retrieval_rank_percentile_mean,diag_minus_offdiag,dataset_name,mode,lag
1,real_eeg_ridge,Z,11625,5376,32,16,0.03755598590578302,0.03896155580878258,0.062351111401736284,0.06967057660222054,-0.07856791987156453,0.009300595238095238,0.031436011904761904,0.03422187903533454,113.0,0.5452928046218487,0.06056458674086127,affective,tf,-8
1,shifted_null_ridge,Z,11625,5376,32,16,-0.003054795211937744,-0.00449110334739089,0.008661290569321523,0.005778128746896982,-0.091265562367568,0.00390625,0.01711309523809524,0.02335973844210551,127.0,0.5005288573762838,0.0015965595916597847,affective,tf,-8
1,time_only_ridge,Z,11625,5376,32,16,0.00631313754911389,0.007220893399789929,0.004223316978065365,0.013692033011466265,-8.030073266218629e-05,0.002976190476190476,0.017857142857142856,0.023483879220891537,125.0,0.5077866042250233,0.006391873656365667,affective,tf,-8
1,time_residual_eeg_ridge,Z_time_resid,11625,5376,32,16,0.03721481116008363,0.03838157840073109,0.06011275079692084,0.06756334379315376,-0.07898232802270688,0.009486607142857142,0.03366815476190476,0.034534720097304336,112.0,0.544655987394958,0.059640007734988204,affective,tf,-8
1,time_residual_shifted_null,Z_time_resid,11625,5376,32,16,-0.0015792411468282808,-0.0010923948721028864,-0.010396844969055305,-0.008730032946914434,-0.10085478740853793,0.0026041666666666665,0.020647321428571428,0.02336902299516521,131.0,0.49533657212885157,-0.0083546725593633,affective,tf,-8
2,real_eeg_ridge,Z,11655,5376,32,16,0.030090029431448784,0.026250867173075676,0.04848677397922886,0.0540250800549984,-0.07376737926584442,0.00744047619047619,0.03125,0.03204476692354948,114.0,0.538578139589169,0.04883780989455196,affective,tf,-8
2,shifted_null_ridge,Z,11655,5376,32,16,0.00042888903044513427,-0.001956596679519862,-0.0069040751423436915,-0.004930594237521291,-0.09686944604866521,0.0027901785714285715,0.017857142857142856,0.022506947003711433,129.0,0.49742027019140994,-0.005297466639839496,affective,tf,-8
2,time_only_ridge,Z,11655,5376,32,16,0.006184253432820697,0.0046325623989105225,0.0016052719520443489,-0.006990148685872555,-2.7094510666181293e-06,0.004092261904761905,0.020647321428571428,0.024990137536780692,129.0,0.5026362628384687,0.001308187072976331,affective,tf,-8
2,time_residual_eeg_ridge,Z_time_resid,11655,5376,32,16,0.02997114573372528,0.025988688692450523,0.04730048585974108,0.052008043974637985,-0.07390831146808474,0.007626488095238095,0.030133928571428572,0.031640315687451216,115.0,0.5374708216619981,0.04772182987457073,affective,tf,-8
2,time_residual_shifted_null,Z_time_resid,11655,5376,32,16,0.0058366321072753635,0.005061173578724265,-0.002384723735460847,-0.010079828090965748,-0.10062697691609634,0.004836309523809524,0.019903273809523808,0.02444472223544626,130.0,0.49865050186741366,-0.003536862142811531,affective,tf,-8
3,real_eeg_ridge,Z,11520,5376,32,16,0.035095789542538114,0.03105313517153263,0.0682668878965693,0.07069429382681847,-0.05038426342837754,0.006138392857142857,0.029203869047619048,0.030920209554679896,110.0,0.5492851307189542,0.07022201832752464,affective,tf,-8
3,shifted_null_ridge,Z,11520,5376,32,16,-0.006504627534013707,-0.0067322885151952505,0.0053910483946113105,0.00786940148100257,-0.09066181973132337,0.0026041666666666665,0.01804315476190476,0.022699095852164283,126.5,0.50359258286648,0.005226478169598229,affective,tf,-8
3,time_only_ridge,Z,11520,5376,32,16,0.005462260951162534,0.0056748653296381235,0.007125263277116357,0.005895812064409256,-0.0002405823203754931,0.0027901785714285715,0.018229166666666668,0.02343595920113463,125.0,0.5068397671568627,0.008245059937644813,affective,tf,-8
3,time_residual_eeg_ridge,Z_time_resid,11520,5376,32,16,0.03483255047467537,0.03014515247195959,0.0664242628031172,0.06762390211224556,-0.050701138096198584,0.005766369047619048,0.028273809523809524,0.030594109777230767,111.0,0.548203343837535,0.06793139652079642,affective,tf,-8
3,time_residual_shifted_null,Z_time_resid,11520,5376,32,16,0.0009308393325682118,0.0008529295737389475,-0.0014107704073467175,-0.004478287883102894,-0.09680449641838118,0.00427827380952381,0.01878720238095238,0.023853235979447135,130.0,0.49863299486461254,-0.0005924745039410187,affective,tf,-8
1,real_eeg_ridge,Z,11625,5376,32,16,0.048519825024413876,0.05118061043322086,0.07774413299086648,0.08773365989327431,-0.07000750673116873,0.00744047619047619,0.033854166666666664,0.03371679393361965,109.0,0.5573748249299719,0.07582342501440181,affective,tf,-7
1,shifted_null_ridge,Z,11625,5376,32,16,-0.005238965044554789,-0.004348645103164017,0.011202414676881,0.013273795135319233,-0.08974016840009913,0.004464285714285714,0.019903273809523808,0.02466379969283596,127.0,0.5035437091503268,0.004944874836691928,affective,tf,-7
1,time_only_ridge,Z,11625,5376,32,16,0.0062663070511916885,0.007203276036307216,0.0038590217559816764,0.014282055664807558,-7.73779528604468e-05,0.0033482142857142855,0.017671130952380952,0.02341941320212946,125.5,0.5081123074229692,0.006470868065323666,affective,tf,-7
1,time_residual_eeg_ridge,Z_time_resid,11625,5376,32,16,0.04818775402236497,0.050965892150998116,0.07362268849480881,0.08619631826877594,-0.07042976931055045,0.00744047619047619,0.03311011904761905,0.03386862293166818,109.0,0.5558043008870215,0.07318878698791918,affective,tf,-7
1,time_residual_shifted_null,Z_time_resid,11625,5376,32,16,-0.0013912309830175218,-0.0008872800790413748,-0.01047744262248649,-0.006429905071854591,-0.09873312750931373,0.002418154761904762,0.018601190476190476,0.022357800861998883,130.0,0.4958665236928104,-0.009329179291966753,affective,tf,-7
2,real_eeg_ridge,Z,11655,5376,32,16,0.03946417127008317,0.032125224359333515,0.05658470336792577,0.062081415206193924,-0.06935455682260039,0.006510416666666667,0.029575892857142856,0.0316472440989828,114.0,0.5420912114845938,0.057077696497895125,affective,tf,-7
2,shifted_null_ridge,Z,11655,5376,32,16,-0.0013625048395624617,-0.0007636472291778773,-0.01563879980432689,-0.014063008595257998,-0.10253355516025331,0.0033482142857142855,0.017857142857142856,0.022468707889129944,131.0,0.4908606150793651,-0.013517414961665978,affective,tf,-7
2,time_only_ridge,Z,11655,5376,32,16,0.006218810028286725,0.004334714962169528,0.0008079028610471336,-0.005704776616767049,-3.5224958780943894e-06,0.00390625,0.019159226190476192,0.02434176071468113,129.0,0.5026807598039216,0.001084879894592505,affective,tf,-7
2,time_residual_eeg_ridge,Z_time_resid,11655,5376,32,16,0.03927666174422484,0.03187474235892296,0.054459077087540345,0.058174414560198784,-0.06957111079887235,0.006324404761904762,0.028645833333333332,0.030888275127356753,114.0,0.5405119339402428,0.055294163118387654,affective,tf,-7
2,time_residual_shifted_null,Z_time_resid,11655,5376,32,16,0.006536630444315961,0.006283673457801342,-0.004188193062673019,-0.0028381096199154854,-0.1041177899653285,0.004650297619047619,0.02194940476190476,0.024797391633221682,129.0,0.49789332399626524,-0.0052404033944085495,affective,tf,-7
3,real_eeg_ridge,Z,11520,5376,32,16,0.04488272243179381,0.037910621613264084,0.07734362540345176,0.08328741788864136,-0.046332493399773744,0.005022321428571429,0.030691964285714284,0.031163907460408424,108.0,0.5557984652194211,0.07919376154234078,affective,tf,-7
3,shifted_null_ridge,Z,11520,5376,32,16,-0.005139150365721434,-0.006395226810127497,0.0025083675004653047,0.0004229323094477877,-0.09599293929128372,0.00390625,0.02027529761904762,0.024020151812419597,127.0,0.5028988678804855,0.0029382937646567917,affective,tf,-7
3,time_only_ridge,Z,11520,5376,32,16,0.005458436964090652,0.005893496330827475,0.0036731071751508657,0.0029569148318842053,-0.0002643332644987062,0.002976190476190476,0.018973214285714284,0.023558804935935634,127.0,0.5048793475723622,0.005593548731969909,affective,tf,-7
3,time_residual_eeg_ridge,Z_time_resid,11520,5376,32,16,0.04457919151900569,0.03767740912735462,0.07492921821157206,0.07785804197192192,-0.04666089116639527,0.004650297619047619,0.031063988095238096,0.030738715662538215,109.0,0.5539543942577031,0.07644204349928005,affective,tf,-7
3,time_residual_shifted_null,Z_time_resid,11520,5376,32,16,-0.0014854205683150212,0.0030878360848873854,-0.0025556231582787143,-0.00999648729339242,-0.09778948195667736,0.00427827380952381,0.019345238095238096,0.0236964600215984,130.5,0.49598797852474324,-0.002114067053600057,affective,tf,-7
1,real_eeg_ridge,Z,11625,5376,32,16,0.05868242018914316,0.06319225206971169,0.0866944615057854,0.09418299421668053,-0.064759897310249,0.004464285714285714,0.03218005952380952,0.03179994230235984,106.0,0.562125787815126,0.08418368051269239,affective,tf,-6
1,shifted_null_ridge,Z,11625,5376,32,16,-0.005969790188828483,-0.007689050864428282,0.007076977547313845,0.00401260843500495,-0.09118201186389263,0.005208333333333333,0.022135416666666668,0.02569285021167113,129.0,0.5006842320261438,0.0021693204317304116,affective,tf,-6
1,time_only_ridge,Z,11625,5376,32,16,0.0062421014581559575,0.007252057548612356,0.004239284767799794,0.01580922305583954,-7.267129851706855e-05,0.002976190476190476,0.017671130952380952,0.02341976651647662,125.0,0.508063433706816,0.00682044570075948,affective,tf,-6
1,time_residual_eeg_ridge,Z_time_resid,11625,5376,32,16,0.05835681382450275,0.06312817521393299,0.08134945841856511,0.08902966976165771,-0.06523118953857932,0.005394345238095238,0.033482142857142856,0.03252533099309307,107.0,0.5597718253968255,0.08040710332938832,affective,tf,-6
1,time_residual_shifted_null,Z_time_resid,11625,5376,32,16,-0.0042395910240884405,-0.001623195770662278,-0.012531901822097239,-0.0070928342174738646,-0.09946521020816057,0.003162202380952381,0.018229166666666668,0.02249206201882747,131.0,0.49333274976657326,-0.01150385174567549,affective,tf,-6
2,real_eeg_ridge,Z,11655,5376,32,16,0.05207227816572413,0.04963766969740391,0.0688496852940302,0.07704884931445122,-0.06273302259589242,0.007254464285714286,0.032552083333333336,0.03375782457364732,110.0,0.5544617326097105,0.06958879553938832,affective,tf,-6
2,shifted_null_ridge,Z,11655,5376,32,16,-0.0013999572865941445,0.0005235211719991639,-0.023559577152924185,-0.020566457882523537,-0.10773051742092443,0.0033482142857142855,0.016555059523809524,0.021551085489667866,132.0,0.4850986227824463,-0.021252745679014234,affective,tf,-6
2,time_only_ridge,Z,11655,5376,32,16,0.006129704173417849,0.0038618745747953653,0.0008123968541873356,-0.005784768145531416,-9.551911046123962e-06,0.003720238095238095,0.019903273809523808,0.024273281867543912,129.0,0.5032869397759103,0.0016029335889706856,affective,tf,-6
2,time_residual_eeg_ridge,Z_time_resid,11655,5376,32,16,0.05186314776074141,0.04943414591252804,0.06704786135162792,0.07732610031962395,-0.06299390029745133,0.007626488095238095,0.03125,0.03342564427356187,109.0,0.5529747315592904,0.06788131636240961,affective,tf,-6
2,time_residual_shifted_null,Z_time_resid,11655,5376,32,16,0.00305165081499581,0.002010472700931132,-0.010619713830738505,-0.010458700824528933,-0.10199122442829522,0.0016741071428571428,0.018601190476190476,0.02184229638579315,131.0,0.491859973155929,-0.011532774831225648,affective,tf,-6
3,real_eeg_ridge,Z,11520,5376,32,16,0.056213402887806296,0.05279632844030857,0.09155020941214584,0.0923919640481472,-0.0413616085814017,0.007998511904761904,0.032924107142857144,0.03506287364083595,106.0,0.5671947945845005,0.09306606951781105,affective,tf,-6
3,shifted_null_ridge,Z,11520,5376,32,16,-0.004421716061187908,-0.0030952585220802575,0.00414123149938172,0.004210448591038585,-0.09421532454783699,0.004836309523809524,0.020833333333333332,0.02515766217573765,127.0,0.503405841503268,0.003983869149084289,affective,tf,-6
3,time_only_ridge,Z,11520,5376,32,16,0.005562361545798922,0.005667557707056403,0.0029144362259880077,0.004241275601089001,-0.0002782989910437017,0.002976190476190476,0.019345238095238096,0.023469661654385028,127.0,0.5046415441176471,0.005167479192078926,affective,tf,-6
3,time_residual_eeg_ridge,Z_time_resid,11520,5376,32,16,0.0559008649433963,0.051952723413705826,0.08892359883928372,0.08861557766795158,-0.04158070200088959,0.00818452380952381,0.03180803571428571,0.034674792118119226,107.0,0.5652099381419236,0.090128533490729,affective,tf,-6
3,time_residual_shifted_null,Z_time_resid,11520,5376,32,16,0.0005797782177978661,0.004855564795434475,-0.0015521869813234488,-0.006110011599957943,-0.0946939657898338,0.004650297619047619,0.020089285714285716,0.024608061860716766,130.0,0.4997063929738562,-0.0009614187860878152,affective,tf,-6
1,real_eeg_ridge,Z,11625,5376,32,16,0.06268777136938297,0.0619510468095541,0.09113544972131292,0.09643061086535454,-0.05954652532055049,0.006882440476190476,0.032924107142857144,0.03417205834037454,107.0,0.5642426762371615,0.08848939448340547,affective,tf,-5
1,shifted_null_ridge,Z,11625,5376,32,16,-0.005791999737994047,-0.007278331788256764,0.004708291747683512,-2.4692422357475152e-05,-0.09000673792166203,0.004092261904761905,0.019903273809523808,0.02340355153620999,132.0,0.4980880894024276,0.0004933556401905926,affective,tf,-5
1,time_only_ridge,Z,11625,5376,32,16,0.006237133866761724,0.00730521441437304,0.005223610098566735,0.014423453249037266,-6.84632175658173e-05,0.003162202380952381,0.018973214285714284,0.023776275217374226,125.0,0.5079416141456583,0.007470298070781248,affective,tf,-5
1,time_residual_eeg_ridge,Z_time_resid,11625,5376,32,16,0.062415693697403185,0.06191766448318958,0.08608106609286886,0.09327010810375214,-0.06004696611559068,0.007254464285714286,0.03459821428571429,0.03450780566525159,108.0,0.561734068627451,0.08497864709414397,affective,tf,-5
1,time_residual_shifted_null,Z_time_resid,11625,5376,32,16,-0.005967527310303922,-0.007603453006595373,-0.01585666346811433,-0.018047798424959183,-0.10213539785697123,0.00390625,0.018973214285714284,0.022880515728264418,132.0,0.48854239612511674,-0.014460363629575987,affective,tf,-5
2,real_eeg_ridge,Z,11655,5376,32,16,0.05815842334413901,0.05578362196683884,0.07192063290970095,0.08440512046217918,-0.06326134526598581,0.006696428571428571,0.034412202380952384,0.03360253831906726,106.0,0.5580349848272642,0.07271631801634869,affective,tf,-5
2,shifted_null_ridge,Z,11655,5376,32,16,-0.003465196574325091,-0.00034732502535916865,-0.02309528829197694,-0.018147407099604607,-0.11053167511319639,0.00427827380952381,0.020089285714285716,0.022865659491736055,132.0,0.484514326563959,-0.02123837109651779,affective,tf,-5
2,time_only_ridge,Z,11655,5376,32,16,0.006057008654693163,0.0038273814134299755,0.001295237978934795,-0.0021751904860138893,-1.1516609423445345e-05,0.0035342261904761905,0.01953125,0.024158911299538503,129.0,0.5040397408963586,0.0020757067387471282,affective,tf,-5
2,time_residual_eeg_ridge,Z_time_resid,11655,5376,32,16,0.05789586037280969,0.05551193840801716,0.07049570882614782,0.0831623263657093,-0.06354099889823717,0.007254464285714286,0.03180803571428571,0.03321048833282362,107.0,0.5563499358076565,0.0711854097508862,affective,tf,-5
2,time_residual_shifted_null,Z_time_resid,11655,5376,32,16,0.00073825728486554,0.0002486528974259272,-0.013924202863219784,-0.0169674102216959,-0.10543129388640171,0.00390625,0.018229166666666668,0.023282129563426773,133.0,0.48953008286648,-0.015318065576170683,affective,tf,-5
3,real_eeg_ridge,Z,11520,5376,32,16,0.06212370528373867,0.057867590337991714,0.09746650468233313,0.09558907896280289,-0.0390694937782059,0.006510416666666667,0.03218005952380952,0.03405518227214752,104.0,0.5708180147058824,0.0981747122388104,affective,tf,-5
3,shifted_null_ridge,Z,11520,5376,32,16,-0.0030091323060332797,-0.008107568370178342,0.003605465438545658,0.0012112472904846072,-0.09185401769352164,0.004836309523809524,0.021391369047619048,0.025736800782514776,127.0,0.5038522700746965,0.0029966301865166547,affective,tf,-5
3,time_only_ridge,Z,11520,5376,32,16,0.005611588965621195,0.005650669569149613,0.0026515211975953164,0.00453215092420578,-0.0002886963819919153,0.003162202380952381,0.018973214285714284,0.023491416129523213,126.0,0.504546714519141,0.005004960021509956,affective,tf,-5
3,time_residual_eeg_ridge,Z_time_resid,11520,5376,32,16,0.06180346087785438,0.05789311230182648,0.09565461530916136,0.09534843638539314,-0.039183717211783486,0.007068452380952381,0.03218005952380952,0.034115944183395995,104.0,0.5698879551820728,0.09636879962320584,affective,tf,-5
3,time_residual_shifted_null,Z_time_resid,11520,5376,32,16,0.001748383765516337,0.003795807948336005,-6.430324128882061e-05,-0.0005429810553323478,-0.0947379423444712,0.00427827380952381,0.02194940476190476,0.02493429639792902,128.0,0.4993485936041083,0.0007066220253319766,affective,tf,-5
1,real_eeg_ridge,Z,11625,5376,32,16,0.06077855655166786,0.05754525400698185,0.08934357659917544,0.09909185767173767,-0.05632934967418768,0.006882440476190476,0.03366815476190476,0.03371043927204972,107.0,0.5653310282446311,0.08590156473957504,affective,tf,-4
1,shifted_null_ridge,Z,11625,5376,32,16,-0.006715976832310844,-0.008392546325922012,0.0006970436696295426,-5.093188201499288e-05,-0.09487083648997263,0.003162202380952381,0.01953125,0.022712812670627403,129.0,0.49572756185807654,-0.00288183193037708,affective,tf,-4
1,time_only_ridge,Z,11625,5376,32,16,0.006231887681678927,0.0071321160066872835,0.005327889831914403,0.014074060134589672,-7.003264077320992e-05,0.0033482142857142855,0.018973214285714284,0.02399005770303317,125.0,0.5077628968253968,0.007504352954705193,affective,tf,-4
1,time_residual_eeg_ridge,Z_time_resid,11625,5376,32,16,0.060563254955923185,0.05715176276862621,0.08509148904526176,0.09402741119265556,-0.05684769319739691,0.007254464285714286,0.033482142857142856,0.03381284101406665,107.0,0.5624733747665732,0.08307004235259839,affective,tf,-4
1,time_residual_shifted_null,Z_time_resid,11625,5376,32,16,-0.0060461345642579545,-0.006017576903104782,-0.013763927096185907,-0.02286140713840723,-0.09958393064127136,0.004836309523809524,0.016555059523809524,0.0234749151016236,133.0,0.4886510854341737,-0.011777453579572418,affective,tf,-4
2,real_eeg_ridge,Z,11655,5376,32,16,0.05833987989171874,0.05555281974375248,0.07538880136632456,0.08741074800491333,-0.0653586557802528,0.0078125,0.03404017857142857,0.034274789596562695,108.0,0.5604735644257703,0.07559540082844653,affective,tf,-4
2,shifted_null_ridge,Z,11655,5376,32,16,-0.00656311738794102,-0.007202931679785252,-0.0201470537593512,-0.01788655761629343,-0.11776691039248588,0.003720238095238095,0.018601190476190476,0.02303767794408877,133.0,0.48713089402427634,-0.018607249111665263,affective,tf,-4
2,time_only_ridge,Z,11655,5376,32,16,0.005991609397369757,0.0036363129038363695,0.0009148068447919806,-0.0033925018506124616,-1.0703594700567365e-05,0.0033482142857142855,0.020089285714285716,0.02414775351066244,129.0,0.5038077731092437,0.0018092665167340671,affective,tf,-4
2,time_residual_eeg_ridge,Z_time_resid,11655,5376,32,16,0.05805219312605914,0.0552054587751627,0.07291040896805205,0.08500101789832115,-0.06569320515272548,0.007998511904761904,0.033854166666666664,0.0342497393067453,108.0,0.5581422152194212,0.07315588503173714,affective,tf,-4
2,time_residual_shifted_null,Z_time_resid,11655,5376,32,16,-0.0018999794319825014,-0.000493248546263203,-0.015604342374719712,-0.019525271840393543,-0.10254997404829824,0.0033482142857142855,0.017671130952380952,0.022596970642926803,135.0,0.48789609593837535,-0.016895604973189222,affective,tf,-4
3,real_eeg_ridge,Z,11520,5376,32,16,0.05995126887137303,0.05566338635981083,0.09603179788206803,0.10174828767776489,-0.04110796952759577,0.008928571428571428,0.03459821428571429,0.035647429309510224,103.5,0.5694466328197946,0.09644171688775643,affective,tf,-4
3,shifted_null_ridge,Z,11520,5376,32,16,-0.001641181566810701,-0.0066480147652328014,0.006808316015645048,0.007813021773472428,-0.08995049855452608,0.0026041666666666665,0.019717261904761904,0.023807564255591506,127.0,0.5053571428571428,0.005501765137150465,affective,tf,-4
3,time_only_ridge,Z,11520,5376,32,16,0.005607877072634437,0.005552933784201741,0.003387211126050174,0.005901867989450693,-0.0002857201464465664,0.003162202380952381,0.018601190476190476,0.02357199058951386,126.0,0.5050427462651728,0.005559271659194446,affective,tf,-4
3,time_residual_eeg_ridge,Z_time_resid,11520,5376,32,16,0.05966078025085153,0.0552254281938076,0.09461743702830663,0.1045350730419159,-0.04097794657970999,0.009114583333333334,0.035342261904761904,0.035716896499679254,104.0,0.5690702322595704,0.09512843248094856,affective,tf,-4
3,time_residual_shifted_null,Z_time_resid,11520,5376,32,16,0.0007980672862686333,0.0009842938306974247,-0.006203302762643708,-0.008208707440644503,-0.1012158872690525,0.004092261904761905,0.01636904761904762,0.023431059665751357,130.0,0.4946559873949579,-0.005420081540900214,affective,tf,-4
1,real_eeg_ridge,Z,11625,5376,32,16,0.053657493481296115,0.04614863358438015,0.08210539299879285,0.09088822454214096,-0.05924634259360628,0.006510416666666667,0.03311011904761905,0.033349746612160204,108.0,0.5625700280112045,0.07911170619643121,affective,tf,-3
1,shifted_null_ridge,Z,11625,5376,32,16,-0.0067883578940381994,-0.008673859294503927,-0.0010126507131157528,0.0069806319661438465,-0.09509873558343096,0.002418154761904762,0.014694940476190476,0.0217244687525759,127.0,0.49732580532212883,-0.003948440646014596,affective,tf,-3
1,time_only_ridge,Z,11625,5376,32,16,0.006216143031451793,0.007280293386429548,0.004875603999012344,0.012349241878837347,-7.146457371987047e-05,0.003162202380952381,0.020089285714285716,0.02414323792271179,125.0,0.5070524042950514,0.007197742157415439,affective,tf,-3
1,time_residual_eeg_ridge,Z_time_resid,11625,5376,32,16,0.053450506369699724,0.045910919085145,0.07983555395365997,0.0865495391190052,-0.05966332325497925,0.007068452380952381,0.033482142857142856,0.03392247449748368,108.0,0.5611417483660132,0.07794918723247764,affective,tf,-3
1,time_residual_shifted_null,Z_time_resid,11625,5376,32,16,-0.0023399032343149884,-0.0022411223617382348,-0.009362125179419103,-0.009903801139444113,-0.09185098319583296,0.004650297619047619,0.021391369047619048,0.024873988610785897,131.0,0.4947362278244632,-0.008017354109951887,affective,tf,-3
2,real_eeg_ridge,Z,11655,5376,32,16,0.05225179252738599,0.04709397628903389,0.07170019082382358,0.08560633659362793,-0.06639390162027348,0.007626488095238095,0.03404017857142857,0.033579039546405766,108.0,0.5576140873015873,0.07156645454711505,affective,tf,-3
2,shifted_null_ridge,Z,11655,5376,32,16,-0.0035882286829291843,-0.00584711623378098,-0.011058357086760734,-0.005148052237927914,-0.11578582814352001,0.00427827380952381,0.020461309523809524,0.023660636090661342,131.0,0.4928921568627451,-0.010004705200921523,affective,tf,-3
2,time_only_ridge,Z,11655,5376,32,16,0.005995085159156588,0.003879783325828612,0.0011127181767982446,-0.0035611947532743216,-9.351015154424047e-06,0.0033482142857142855,0.019345238095238096,0.024284207062561958,128.0,0.503626867413632,0.00186386928196644,affective,tf,-3
2,time_residual_eeg_ridge,Z_time_resid,11655,5376,32,16,0.05189603765393258,0.046872569248080254,0.0690592600351817,0.08039649948477745,-0.06680919395909801,0.007068452380952381,0.03273809523809524,0.032895977127958075,109.0,0.5554811507936508,0.06916549928356194,affective,tf,-3
2,time_residual_shifted_null,Z_time_resid,11655,5376,32,16,-0.0028933317285009252,-0.006449784152209759,-0.009038171832622783,-0.007939056493341923,-0.09870692669629966,0.0035342261904761905,0.01953125,0.023425528966582183,130.0,0.4933345734126985,-0.010064545587130734,affective,tf,-3
3,real_eeg_ridge,Z,11520,5376,32,16,0.05255393631523475,0.04976385831832886,0.09127929239079029,0.09740354865789413,-0.04397516294051451,0.005766369047619048,0.03608630952380952,0.03395046053750121,106.0,0.5661808473389356,0.09135437085363088,affective,tf,-3
3,shifted_null_ridge,Z,11520,5376,32,16,-0.0005482769720401848,-0.0012326446012593806,0.012047941281788812,0.017249025404453278,-0.0842290812912323,0.003162202380952381,0.020089285714285716,0.023944361435169568,124.0,0.5074638188608777,0.010349797601993066,affective,tf,-3
3,time_only_ridge,Z,11520,5376,32,16,0.005659478138113627,0.005647703306749463,0.004402166593948886,0.0070098573341965675,-0.00026170532483327236,0.0033482142857142855,0.019159226190476192,0.02357068176559949,126.0,0.5053031629318394,0.006009825433851373,affective,tf,-3
3,time_residual_eeg_ridge,Z_time_resid,11520,5376,32,16,0.0522688362543704,0.049390921369194984,0.08929209532907596,0.0938102938234806,-0.043820119239796895,0.005394345238095238,0.035342261904761904,0.03367573992683524,106.0,0.5657759978991598,0.08969948422225058,affective,tf,-3
3,time_residual_shifted_null,Z_time_resid,11520,5376,32,16,0.0015767676804898656,-0.0007013233407633379,-0.0026258537497862258,0.0004959353245794773,-0.09832893732041303,0.0026041666666666665,0.017299107142857144,0.022385038409576268,128.0,0.49742355275443506,-0.0010072043230494132,affective,tf,-3
1,real_eeg_ridge,Z,11625,5376,32,16,0.04127310210606083,0.036951057612895966,0.06812864339520631,0.06644105538725853,-0.062033469523289586,0.007626488095238095,0.03404017857142857,0.033010789564083674,113.0,0.5483973797852474,0.06577187931364033,affective,tf,-2
1,shifted_null_ridge,Z,11625,5376,32,16,-0.007973734159707035,-0.008445616345852613,-0.003900834567347932,-0.004946274682879448,-0.09254184546234123,0.005766369047619048,0.020647321428571428,0.025611232107019773,131.0,0.49457501750700283,-0.005287317264147384,affective,tf,-2
1,time_only_ridge,Z,11625,5376,32,16,0.006218089040658015,0.007234006188809872,0.004572483719192362,0.01366030378267169,-7.60256039400442e-05,0.0035342261904761905,0.020089285714285716,0.024137828115621745,125.0,0.5066577672735761,0.006804206942537141,affective,tf,-2
1,time_residual_eeg_ridge,Z_time_resid,11625,5376,32,16,0.0410685078240931,0.036048706620931625,0.06682215395698277,0.06453448534011841,-0.0623019914996219,0.0078125,0.03329613095238095,0.03314023501661016,114.0,0.5480384862278245,0.06503044652043151,affective,tf,-2
1,time_residual_shifted_null,Z_time_resid,11625,5376,32,16,0.0008921393418859225,-0.003171965363435447,-0.00729185213990171,-0.008505880367010832,-0.09159230820909658,0.004836309523809524,0.02194940476190476,0.024974262013516078,130.0,0.4959281629318394,-0.006635866024426442,affective,tf,-2
2,real_eeg_ridge,Z,11655,5376,32,16,0.03955949937517289,0.034825485199689865,0.05860458808713328,0.06831543892621994,-0.07654884246555937,0.0078125,0.031994047619047616,0.03251522145486662,112.0,0.5455605158730159,0.05788036007035335,affective,tf,-2
2,shifted_null_ridge,Z,11655,5376,32,16,-0.0045718905621470185,-0.009417898952960968,-0.006552821432639651,-0.00617257016710937,-0.10919189784849537,0.0035342261904761905,0.01878720238095238,0.022974484960747825,130.0,0.4950389530812324,-0.0056268319698870636,affective,tf,-2
2,time_only_ridge,Z,11655,5376,32,16,0.006040228396159364,0.004098777659237385,0.0014347439873420495,-0.0037111870478838682,-8.064364197979401e-06,0.0035342261904761905,0.020089285714285716,0.024593044654070275,128.0,0.5037260737628385,0.0019373559545107664,affective,tf,-2
2,time_residual_eeg_ridge,Z_time_resid,11655,5376,32,16,0.03915396715456154,0.0341972466558218,0.05595559297503747,0.06601569429039955,-0.07694232470355034,0.007068452380952381,0.031063988095238096,0.03178665178986414,113.0,0.544155578898226,0.05604334018293546,affective,tf,-2
2,time_residual_shifted_null,Z_time_resid,11655,5376,32,16,-0.002541492386626487,-0.004320989013649523,-0.005576299123255185,-0.0029146088054403663,-0.09615228735472336,0.0020461309523809525,0.017857142857142856,0.02182318627880428,129.0,0.4958136379551822,-0.006797681501859935,affective,tf,-2
3,real_eeg_ridge,Z,11520,5376,32,16,0.042728111811811686,0.04072807915508747,0.08114357732863266,0.07937535271048546,-0.047916263539449444,0.009114583333333334,0.03757440476190476,0.035725634876298505,110.0,0.5554286297852474,0.08138626604752847,affective,tf,-2
3,shifted_null_ridge,Z,11520,5376,32,16,-0.0007081958219714579,3.0339215300045907e-05,0.016141908958951845,0.026186088100075722,-0.08562832389695796,0.0026041666666666665,0.018415178571428572,0.02300510460212936,123.0,0.5107544059290383,0.014326729976589646,affective,tf,-2
3,time_only_ridge,Z,11520,5376,32,16,0.005679861318185431,0.005779224680736661,0.005554247071326505,0.007739364169538021,-0.00024353075118388468,0.0033482142857142855,0.01953125,0.023768769610255504,126.0,0.5059100723622783,0.00697530960921886,affective,tf,-2
3,time_residual_eeg_ridge,Z_time_resid,11520,5376,32,16,0.04247316517194122,0.04073093272745609,0.0774438739151073,0.07713700830936432,-0.047771855349241,0.008928571428571428,0.037388392857142856,0.03555597491099846,110.0,0.5527610002334267,0.07813167571303148,affective,tf,-2
3,time_residual_shifted_null,Z_time_resid,11520,5376,32,16,0.0010759594351839041,0.0007556220225524157,-0.0035195903598208354,-0.004309872398152947,-0.10252059029027549,0.0033482142857142855,0.017857142857142856,0.022651899928228282,129.0,0.4985367063492063,-0.0018995131263945708,affective,tf,-2
1,real_eeg_ridge,Z,11625,5376,32,16,0.028633542176976334,0.025057041086256504,0.05600195530676696,0.052975138649344444,-0.06466650891112025,0.00744047619047619,0.029575892857142856,0.031334127777630165,115.0,0.5393396942110177,0.054432665263905236,affective,tf,-1
1,shifted_null_ridge,Z,11625,5376,32,16,-0.0051156772437934706,-0.003240216290578246,-0.004562355157434338,-0.004096032353118062,-0.09280483513618254,0.004650297619047619,0.018973214285714284,0.024127559483659168,128.0,0.4943503443043884,-0.0068095267547754615,affective,tf,-1
1,time_only_ridge,Z,11625,5376,32,16,0.0062836870904448006,0.007654951885342598,0.005656643309989596,0.017088224180042744,-7.545450642409968e-05,0.0035342261904761905,0.019345238095238096,0.023886749372854087,125.0,0.5072982317927172,0.00739217555053175,affective,tf,-1
1,time_residual_eeg_ridge,Z_time_resid,11625,5376,32,16,0.028468309666095593,0.02510771621018648,0.05522044513290664,0.052575455978512764,-0.06481321476851587,0.007068452380952381,0.029947916666666668,0.03120655648296135,115.0,0.5387947887488329,0.053613820635198935,affective,tf,-1
1,time_residual_shifted_null,Z_time_resid,11625,5376,32,16,0.0032672445267962757,0.005729466676712036,-0.0024253764062513263,-5.620894603453053e-05,-0.09025741383730868,0.004836309523809524,0.016741071428571428,0.02401844607368347,128.0,0.4992366217320261,-0.00284338914523809,affective,tf,-1
2,real_eeg_ridge,Z,11655,5376,32,16,0.02665595781581942,0.027303540147840977,0.04499933016886833,0.051253512501716614,-0.08205599354515947,0.005208333333333333,0.030133928571428572,0.0299529552788201,116.0,0.5336750846171802,0.043902709428473026,affective,tf,-1
2,shifted_null_ridge,Z,11655,5376,32,16,-0.0055720515301409534,-0.007586968131363392,-0.008932787123980358,-0.008911184035241604,-0.10620851449621571,0.0035342261904761905,0.01878720238095238,0.023474583264560464,130.0,0.49272729925303455,-0.0074358575752176016,affective,tf,-1
2,time_only_ridge,Z,11655,5376,32,16,0.0060190597553173575,0.004364846972748637,0.0022059966289697556,-0.0016935612657107413,-1.219837981070171e-06,0.0035342261904761905,0.020833333333333332,0.024873907336528406,128.0,0.5044197887488329,0.0027275183390080985,affective,tf,-1
2,time_residual_eeg_ridge,Z_time_resid,11655,5376,32,16,0.026198003492027055,0.02631315402686596,0.043317794353443094,0.051363177597522736,-0.08241458467048068,0.005394345238095238,0.02976190476190476,0.029844410042041223,116.0,0.5329401552287582,0.043200316321818893,affective,tf,-1
2,time_residual_shifted_null,Z_time_resid,11655,5376,32,16,-0.00032685081509953307,-0.0013798997933918145,-0.0012998099914593045,-0.00040783482836559415,-0.09489625996379458,0.004092261904761905,0.015811011904761904,0.022824808414469426,128.0,0.49977022058823534,-0.0023121615968384624,affective,tf,-1
3,real_eeg_ridge,Z,11520,5376,32,16,0.029723987390752882,0.02499237097799778,0.06214721368090858,0.05874403938651085,-0.05792089891334484,0.006696428571428571,0.029575892857142856,0.03137755794161501,116.0,0.5408649918300653,0.0625161060368637,affective,tf,-1
3,shifted_null_ridge,Z,11520,5376,32,16,0.0021143578046576295,0.001890478830318898,0.012475130364093513,0.013193984515964985,-0.09038515129542213,0.0026041666666666665,0.01804315476190476,0.022827690058428735,126.0,0.5064805088702147,0.010793103162374772,affective,tf,-1
3,time_only_ridge,Z,11520,5376,32,16,0.005627268129728691,0.00587883684784174,0.008560016805063242,0.00924072926864028,-0.00022030502948644504,0.003720238095238095,0.01953125,0.023890943667988638,124.0,0.5084660947712418,0.009376053956446742,affective,tf,-1
3,time_residual_eeg_ridge,Z_time_resid,11520,5376,32,16,0.02946739993058145,0.02501441165804863,0.05902253459659131,0.05557013489305973,-0.05772510202022385,0.00744047619047619,0.029203869047619048,0.03136101863133967,116.0,0.5386146125116713,0.05977746778948062,affective,tf,-1
3,time_residual_shifted_null,Z_time_resid,11520,5376,32,16,0.0012874618569185259,-0.00022382367751561105,-0.00016102405096435612,0.004206700483337045,-0.09881552328476162,0.003720238095238095,0.019903273809523808,0.023703360494714294,128.0,0.500640464519141,0.0013291834990814737,affective,tf,-1
1,real_eeg_ridge,Z,11625,5376,32,16,0.01864014976308681,0.016389119438827038,0.04814114358231675,0.04085216298699379,-0.0681713719134065,0.004836309523809524,0.025669642857142856,0.027990170919698968,118.0,0.5308692226890757,0.04673081095117946,affective,tf,0
1,shifted_null_ridge,Z,11625,5376,32,16,-0.004111487966838467,-0.0052884763572365046,-0.0012324181418203277,-0.0029071707976981997,-0.09290883571218345,0.004464285714285714,0.023065476190476192,0.02505590275737369,130.0,0.49800602532679744,-0.0036752643658256087,affective,tf,0
1,time_only_ridge,Z,11625,5376,32,16,0.006316558254781057,0.007414104184135795,0.0074479942718074284,0.021754913963377476,-7.844831514769446e-05,0.0033482142857142855,0.017671130952380952,0.023484150532018414,126.0,0.5077614379084968,0.007776129722342527,affective,tf,0
1,time_residual_eeg_ridge,Z_time_resid,11625,5376,32,16,0.018480757189536234,0.015976245515048504,0.045495224897303205,0.038249069824814796,-0.06828466235792297,0.005208333333333333,0.026041666666666668,0.028444274634504184,119.0,0.5280017215219421,0.0433974103809832,affective,tf,0
1,time_residual_shifted_null,Z_time_resid,11625,5376,32,16,0.001679365086602047,0.003798531659413129,-0.0002911796480798925,-0.001058451714925468,-0.0888480320927123,0.004464285714285714,0.016927083333333332,0.023277475136801336,129.0,0.49736738445378154,-0.0009278349454256637,affective,tf,0
2,real_eeg_ridge,Z,11655,5376,32,16,0.01786207658733474,0.01827718410640955,0.03133642676010189,0.03253374435007572,-0.09013873017824436,0.005766369047619048,0.022507440476190476,0.02752843084874473,122.0,0.5218275852007469,0.029336436145687008,affective,tf,0
2,shifted_null_ridge,Z,11655,5376,32,16,-0.006054317767848261,-0.011128764133900404,-0.005480608531772056,0.0017716159927658737,-0.10363059395579421,0.0033482142857142855,0.015438988095238096,0.022096587557808738,128.0,0.4978619572829131,-0.00438511373165409,affective,tf,0
2,time_only_ridge,Z,11655,5376,32,16,0.006040125612344127,0.004484951263293624,0.004992819097643132,0.0028987592086195946,2.033183038152586e-06,0.003720238095238095,0.02027529761904762,0.024831161224804475,127.0,0.5059144491129786,0.004639691393283019,affective,tf,0
2,time_residual_eeg_ridge,Z_time_resid,11655,5376,32,16,0.017352671314711188,0.017306461930274963,0.02845494812080352,0.03277880139648914,-0.09046724327491273,0.005394345238095238,0.024367559523809524,0.02742226611528174,122.0,0.521064571661998,0.02811216564335749,affective,tf,0
2,time_residual_shifted_null,Z_time_resid,11655,5376,32,16,0.002557330903073307,-0.0009625103266444057,0.0039092034668978416,0.011311199516057968,-0.09270680963868916,0.001488095238095238,0.018601190476190476,0.022360921436967225,125.0,0.5031600140056022,0.00275824291211943,affective,tf,0
3,real_eeg_ridge,Z,11520,5376,32,16,0.021900490005762663,0.01942380703985691,0.05252731069586097,0.057201968505978584,-0.0638929374823638,0.004650297619047619,0.027157738095238096,0.028849085183942417,116.0,0.5350705386321195,0.05220101710544068,affective,tf,0
3,shifted_null_ridge,Z,11520,5376,32,16,0.0010333682735108596,0.002420333941699937,0.010100995415587562,0.018011698499321938,-0.09555351934686507,0.0035342261904761905,0.020089285714285716,0.024287396217222514,126.0,0.506703723155929,0.007509857727069376,affective,tf,0
3,time_only_ridge,Z,11520,5376,32,16,0.005611353987205803,0.005358784692361951,0.01210646345061372,0.012217814102768898,-0.00020938566616135468,0.003162202380952381,0.01878720238095238,0.02362395218633411,123.0,0.5103364262371616,0.01177336513726632,affective,tf,0
3,time_residual_eeg_ridge,Z_time_resid,11520,5376,32,16,0.021654229605701403,0.019250622019171715,0.04905133610661291,0.053760161623358727,-0.06369611724155644,0.005208333333333333,0.027157738095238096,0.028825928426231842,116.0,0.5330893294817928,0.04948472264636627,affective,tf,0
3,time_residual_shifted_null,Z_time_resid,11520,5376,32,16,0.00033129438179457793,0.0015130432439036667,0.0033948621672645154,-0.0015106877544894814,-0.09421147340920655,0.004650297619047619,0.022507440476190476,0.024952815838244942,128.0,0.5008855625583567,0.00494230411630398,affective,tf,0
1,real_eeg_ridge,Z,11625,5376,32,16,0.01216073933755979,0.009833219461143017,0.03641390883487496,0.02902709599584341,-0.07362195236962665,0.0035342261904761905,0.024553571428571428,0.026956525732508268,121.0,0.5219151202147526,0.034788102372653666,affective,tf,1
1,shifted_null_ridge,Z,11625,5376,32,16,-0.006049474376141006,-0.009351904969662428,0.0009223039267492117,0.006628972012549639,-0.0937335342032719,0.004464285714285714,0.0234375,0.025678783762226744,127.5,0.5001809056956116,-0.0012289727732889618,affective,tf,1
1,time_only_ridge,Z,11625,5376,32,16,0.005659766578901326,0.007715506013482809,0.006216316170282642,0.009618119336664677,-2.767930302938204e-05,0.0035342261904761905,0.018973214285714284,0.024012296016059316,126.0,0.5047061011904762,0.007777200148618657,affective,tf,1
1,time_residual_eeg_ridge,Z_time_resid,11625,5376,32,16,0.012068862979504047,0.008956306148320436,0.03467011497451722,0.030161412432789803,-0.07394309198588189,0.003720238095238095,0.023995535714285716,0.02683676171822831,123.0,0.5197544642857143,0.032144508531697584,affective,tf,1
1,time_residual_shifted_null,Z_time_resid,11625,5376,32,16,0.001879327955066401,0.0037693071644753218,0.004144407422770547,0.015682924073189497,-0.09007725744799089,0.003162202380952381,0.017299107142857144,0.022686291615354844,127.0,0.5014443277310925,0.0020738979268733215,affective,tf,1
2,real_eeg_ridge,Z,11655,5376,32,16,0.012363072502921568,0.011909868102520704,0.019688915632118307,0.017097771167755127,-0.09587913686137961,0.004464285714285714,0.025669642857142856,0.026934433952505256,125.0,0.5118719362745099,0.016902069776672184,affective,tf,1
2,shifted_null_ridge,Z,11655,5376,32,16,-0.005366597439660836,-0.005076110828667879,-8.056845893818154e-05,0.003838993376120925,-0.10089050482757567,0.00390625,0.019717261904761904,0.024710029648283765,127.0,0.5026202147525677,0.0012056503807248466,affective,tf,1
2,time_only_ridge,Z,11655,5376,32,16,0.005086762141672807,0.004887558287009597,0.006502853937891338,0.0019317944534122944,-3.394131966594216e-07,0.00427827380952381,0.020833333333333332,0.02492847855015293,128.0,0.5056708099906629,0.006122042144104685,affective,tf,1
2,time_residual_eeg_ridge,Z_time_resid,11655,5376,32,16,0.011830585168354446,0.011184248141944408,0.01696350699447383,0.014844154007732868,-0.09617827277475732,0.004836309523809524,0.02492559523809524,0.02699983629427641,125.0,0.5110031512605042,0.016284891584440495,affective,tf,1
2,time_residual_shifted_null,Z_time_resid,11655,5376,32,16,0.004068453516083537,0.001309368817601353,-0.002351445179407446,-0.0035303919576108456,-0.09556768819535133,0.0035342261904761905,0.017485119047619048,0.023208733090643936,129.0,0.5002768294817928,-0.002527470529570799,affective,tf,1
3,real_eeg_ridge,Z,11520,5376,32,16,0.018654891377082095,0.01767696440219879,0.04184997772108951,0.039038436487317085,-0.0674461601251164,0.006324404761904762,0.026413690476190476,0.029258448072814868,119.0,0.5279360702614379,0.04170443998369051,affective,tf,1
3,shifted_null_ridge,Z,11520,5376,32,16,0.0014539388548655552,0.0026562687708064914,0.007454443231903865,0.01805755775421858,-0.0960047730309177,0.005208333333333333,0.022321428571428572,0.025826050139956355,126.0,0.5050077322595705,0.005119897851080675,affective,tf,1
3,time_only_ridge,Z,11520,5376,32,16,0.005114823859912576,0.004187186248600483,0.01081861119872128,0.013950204011052847,-0.00023752520599606974,0.00427827380952381,0.02194940476190476,0.024929151145007527,125.0,0.5088928279645192,0.010505242484562378,affective,tf,1
3,time_residual_eeg_ridge,Z_time_resid,11520,5376,32,16,0.018357395761995576,0.017265458591282368,0.038950992087410985,0.03544656001031399,-0.06730674069013043,0.006138392857142857,0.026971726190476192,0.02931574573113884,120.0,0.5267587243230626,0.03968651594689468,affective,tf,1
3,time_residual_shifted_null,Z_time_resid,11520,5376,32,16,0.0006667978050245438,0.004145314684137702,0.009262612110115396,0.003067508456297219,-0.09082911658470327,0.0033482142857142855,0.019717261904761904,0.024004399839576415,126.0,0.5068977591036414,0.011090792351765575,affective,tf,1
1,real_eeg_ridge,Z,11625,5376,32,16,0.010849834606233344,0.009130095597356558,0.030040806105528787,0.02848558872938156,-0.07721378032253257,0.005022321428571429,0.026785714285714284,0.027803649269013728,121.0,0.5209536939775911,0.029568611854990073,affective,tf,2
1,shifted_null_ridge,Z,11625,5376,32,16,-0.006027846511553747,-0.006683557294309139,0.001855206140340843,0.0016359751462005079,-0.09682066216948071,0.004650297619047619,0.021205357142857144,0.02514632435087295,130.0,0.4991290266106443,0.00044886110417652537,affective,tf,2
1,time_only_ridge,Z,11625,5376,32,16,0.006766698531464499,0.006222901167348027,0.004239220989881059,0.005251182010397315,-2.465625312675357e-05,0.0035342261904761905,0.018229166666666668,0.023568266501879712,126.0,0.5067146650326797,0.007779118983456492,affective,tf,2
1,time_residual_eeg_ridge,Z_time_resid,11625,5376,32,16,0.0107378346394853,0.009008111897855997,0.030067263732142975,0.028093520551919937,-0.07769459416761548,0.004464285714285714,0.026227678571428572,0.027326507321965836,123.0,0.5198719070961718,0.028556985115355666,affective,tf,2
1,time_residual_shifted_null,Z_time_resid,11625,5376,32,16,0.0006355417854138068,0.002444161567837,0.0035867057934930407,0.0013708397164009511,-0.09114846233929041,0.0035342261904761905,0.020647321428571428,0.024198266447658094,128.0,0.5017784197012138,0.0018424424052593158,affective,tf,2
2,real_eeg_ridge,Z,11655,5376,32,16,0.007645140620297752,0.0062986440025269985,0.018430571724984867,0.017880872823297977,-0.09601032757899608,0.002976190476190476,0.019345238095238096,0.02408613097223434,125.0,0.5121651785714286,0.015863638174386924,affective,tf,2
2,shifted_null_ridge,Z,11655,5376,32,16,-0.003245918753236765,-0.006588333286345005,-0.001782069029733097,0.0016728232149034739,-0.10592909190823785,0.00427827380952381,0.020461309523809524,0.02455325154497731,128.0,0.498781074929972,-0.002019537299845827,affective,tf,2
2,time_only_ridge,Z,11655,5376,32,16,0.0050743180039347635,0.005147644784301519,0.006340312666387555,0.004831838421523571,-6.531558834010909e-05,0.00390625,0.020833333333333332,0.025340482453953986,128.0,0.5058677637721756,0.006846165180946742,affective,tf,2
2,time_residual_eeg_ridge,Z_time_resid,11655,5376,32,16,0.007131518595997477,0.005865618819370866,0.01711109497872918,0.01667135115712881,-0.09629978574839337,0.003162202380952381,0.019717261904761904,0.02412125082551564,125.0,0.5117369864612511,0.016182544626804154,affective,tf,2
2,time_residual_shifted_null,Z_time_resid,11655,5376,32,16,0.005356809784643701,0.009914732538163662,-0.007971558385393217,-0.0073430275078862906,-0.09293551774538678,0.004650297619047619,0.019159226190476192,0.02447240069143534,130.0,0.49455969887955187,-0.006652702079076091,affective,tf,2
3,real_eeg_ridge,Z,11520,5376,32,16,0.015475830978175509,0.013271682430058718,0.03195187100762064,0.03015990648418665,-0.06807714020758593,0.00427827380952381,0.02269345238095238,0.026066865896081374,121.0,0.5201859389589168,0.031512585850865193,affective,tf,2
3,shifted_null_ridge,Z,11520,5376,32,16,0.00010665423542377539,0.0004986373241990805,0.0011500826324249505,-0.0029945896239951253,-0.09530099895541677,0.005580357142857143,0.023623511904761904,0.026069164387657093,129.0,0.4992767419467787,-0.0004851107955365813,affective,tf,2
3,time_only_ridge,Z,11520,5376,32,16,0.005352078400619575,0.006425113417208195,0.010503136288216789,0.007886814419180155,-0.00025995760407027113,0.005208333333333333,0.021205357142857144,0.02554760727107967,126.0,0.5060712826797386,0.009677441630593078,affective,tf,2
3,time_residual_eeg_ridge,Z_time_resid,11520,5376,32,16,0.015169633436016738,0.013550116214901209,0.0304042326679753,0.023898079991340637,-0.06803284920696528,0.003720238095238095,0.022507440476190476,0.02581090674952048,122.0,0.5195068131419235,0.030450447749992077,affective,tf,2
3,time_residual_shifted_null,Z_time_resid,11520,5376,32,16,-0.0016314177228196058,-0.002034275035839528,0.008074853735259407,0.0071862139739096165,-0.0932102319677579,0.00427827380952381,0.02027529761904762,0.024547752725667133,127.0,0.5050106500933706,0.009301236868309457,affective,tf,2
1,real_eeg_ridge,Z,11625,5376,32,16,0.007608549432006839,0.0037307863822206855,0.023436856335308676,0.019873550161719322,-0.08008358417641182,0.00427827380952381,0.022321428571428572,0.02618809002397457,122.0,0.5184830182072828,0.02451414820916647,affective,tf,3
1,shifted_null_ridge,Z,11625,5376,32,16,-0.00359263540349275,-0.004196843248791993,-0.002008961872136405,-0.004077092278748751,-0.10089173798141493,0.005208333333333333,0.022135416666666668,0.025443245515721108,131.0,0.4969391923436041,-0.002839727155630236,affective,tf,3
1,time_only_ridge,Z,11625,5376,32,16,0.007710469662924879,0.0069983648136258125,0.006969825528837451,0.00929727591574192,4.1681416857675124e-05,0.005022321428571429,0.020089285714285716,0.025392541558128263,126.0,0.5087279703548087,0.01073359307238486,affective,tf,3
1,time_residual_eeg_ridge,Z_time_resid,11625,5376,32,16,0.007486226062155765,0.003490608651190996,0.024739646655668985,0.021532940678298473,-0.0807088476076685,0.004464285714285714,0.021577380952380952,0.026199098426474426,123.0,0.5191508374183007,0.024625543990304023,affective,tf,3
1,time_residual_shifted_null,Z_time_resid,11625,5376,32,16,0.0004137708165217191,-0.0003321125986985862,0.008056589618105969,0.0036280964268371463,-0.087235263474438,0.002976190476190476,0.018601190476190476,0.02369434557413366,128.0,0.5040419292717088,0.0056754389356042075,affective,tf,3
2,real_eeg_ridge,Z,11655,5376,32,16,0.006290398063356406,0.007164266891777515,0.01892271283361407,0.02050852682441473,-0.09223515713295849,0.00427827380952381,0.02101934523809524,0.02510270925254689,124.0,0.511672794117647,0.01622157071218294,affective,tf,3
2,shifted_null_ridge,Z,11655,5376,32,16,-0.006799467220389488,-0.01065527694299817,-0.005378413798934746,-0.007872613379731774,-0.1099119028063511,0.004464285714285714,0.01953125,0.0243395065966222,130.0,0.4938637955182073,-0.006197417008853211,affective,tf,3
2,time_only_ridge,Z,11655,5376,32,16,0.00576218232527026,0.006543140159919858,0.007165911416753564,0.007066683378070593,-8.820577522627993e-05,0.004092261904761905,0.022135416666666668,0.025584807454412113,128.0,0.5057102007469655,0.007499288244642875,affective,tf,3
2,time_residual_eeg_ridge,Z_time_resid,11655,5376,32,16,0.005854374320733768,0.006667286856099963,0.017213110903212293,0.015442605596035719,-0.09251059986432075,0.005022321428571429,0.02027529761904762,0.025590796529680167,125.0,0.5109666783380019,0.016004180769872117,affective,tf,3
2,time_residual_shifted_null,Z_time_resid,11655,5376,32,16,0.004964019795806962,0.006219386821612716,-0.00556962409650163,-0.005110480822622776,-0.09255845357191728,0.0027901785714285715,0.015811011904761904,0.021864316289765182,128.0,0.497093837535014,-0.0038618604442398805,affective,tf,3
3,real_eeg_ridge,Z,11520,5376,32,16,0.013215705082984641,0.008562634699046612,0.02521907745035822,0.018595089204609394,-0.07134557936428898,0.004464285714285714,0.018601190476190476,0.025502903321602755,124.0,0.5131477591036415,0.02498806190243829,affective,tf,3
3,shifted_null_ridge,Z,11520,5376,32,16,0.002490278504865273,0.0006624798479606397,0.00047881369590441203,-1.0345078322870904e-05,-0.09467082996331011,0.004650297619047619,0.02027529761904762,0.024762988646028983,129.5,0.5003866129785247,-0.0013024572451634734,affective,tf,3
3,time_only_ridge,Z,11520,5376,32,16,0.0049648580670691445,0.00576027762144804,0.010147945382699607,0.010265946388244629,-0.00024632018071368833,0.004650297619047619,0.02101934523809524,0.025392286311819386,125.0,0.5075834500466854,0.008944414734819092,affective,tf,3
3,time_residual_eeg_ridge,Z_time_resid,11520,5376,32,16,0.012965574012923753,0.008704639039933681,0.023245721281698804,0.015128450468182564,-0.07130293533736931,0.004464285714285714,0.019903273809523808,0.02570178517367067,124.0,0.5122271825396825,0.023545004614210392,affective,tf,3
3,time_residual_shifted_null,Z_time_resid,11520,5376,32,16,-0.003325670440972317,-0.0038863022346049547,0.008002198949443914,0.009840892162173986,-0.09236896348557333,0.00390625,0.017857142857142856,0.023572332729473736,126.0,0.5073719070961717,0.00912609282906341,affective,tf,3
1,real_eeg_ridge,Z,11625,5376,32,16,0.006459211600258641,0.003806705237366259,0.0190709307646706,0.01374177960678935,-0.08216881723330749,0.004650297619047619,0.021763392857142856,0.026188891038192826,125.0,0.5130397992530346,0.02019040434623046,affective,tf,4
1,shifted_null_ridge,Z,11625,5376,32,16,-0.002505751099306508,-0.005392949795350432,-0.0048820905859710845,-0.0036365134874358773,-0.101625275698914,0.0033482142857142855,0.02027529761904762,0.024033692032310306,130.0,0.49578737745098034,-0.005478936142672884,affective,tf,4
1,time_only_ridge,Z,11625,5376,32,16,0.008960626982116082,0.00853716116398573,0.009774344661904945,0.012659951578825712,5.6049226697885146e-05,0.005394345238095238,0.020647321428571428,0.02545780553331571,124.0,0.5112672152194211,0.014202681115180608,affective,tf,4
1,time_residual_eeg_ridge,Z_time_resid,11625,5376,32,16,0.006279811505010002,0.0038459571078419685,0.020726901693089012,0.01600882224738598,-0.08280928224288475,0.004464285714285714,0.02194940476190476,0.02607921082656362,125.0,0.514077818627451,0.02099799584841437,affective,tf,4
1,time_residual_shifted_null,Z_time_resid,11625,5376,32,16,-0.00396748585626483,-0.008537988644093275,0.009567873362794441,0.009067714679986238,-0.09002226590279028,0.005208333333333333,0.02101934523809524,0.025253019280613603,127.0,0.5044351073762838,0.007613936070518214,affective,tf,4
2,real_eeg_ridge,Z,11655,5376,32,16,0.005387999763570406,0.003867097315378487,0.021927376370602554,0.0207661809399724,-0.09245142989148447,0.005394345238095238,0.021391369047619048,0.02630077026086691,124.0,0.5135832457983194,0.019238150144672728,affective,tf,4
2,shifted_null_ridge,Z,11655,5376,32,16,-0.00784488378030801,-0.008029357297345996,-0.008571598578372783,-0.00409141811542213,-0.10892500450677134,0.004650297619047619,0.01804315476190476,0.023043110936196615,131.0,0.4923654878618114,-0.009427641306601522,affective,tf,4
2,time_only_ridge,Z,11655,5376,32,16,0.0051919217585236765,0.004236240638419986,0.007898607552490944,0.005092274630442262,-9.503481992578777e-05,0.00427827380952381,0.021205357142857144,0.025700520689489508,128.0,0.5056492909663866,0.007945841742116417,affective,tf,4
2,time_residual_eeg_ridge,Z_time_resid,11655,5376,32,16,0.005054222071066761,0.0034634341718629003,0.020146860739977172,0.018743841908872128,-0.09270020249382904,0.005580357142857143,0.020833333333333332,0.026499462346355834,124.0,0.5131200396825397,0.019158507705597433,affective,tf,4
2,time_residual_shifted_null,Z_time_resid,11655,5376,32,16,-0.00022973273144089035,0.0014180572470650077,-0.011404055037116749,-0.006551243830472231,-0.09453004929096953,0.0035342261904761905,0.021391369047619048,0.023113517142462618,130.0,0.4918687266573296,-0.009246337453668766,affective,tf,4
3,real_eeg_ridge,Z,11520,5376,32,16,0.008898409242647176,0.005738590145483613,0.018528914640523367,0.011371697299182415,-0.0764253621916755,0.005208333333333333,0.023251488095238096,0.026854114580178442,126.0,0.5088702147525677,0.018297152270814323,affective,tf,4
3,shifted_null_ridge,Z,11520,5376,32,16,0.003187190784046834,0.005709290504455566,-0.0020203972352926974,-0.00418789591640234,-0.09480920843727825,0.006510416666666667,0.020833333333333332,0.026109767308349654,130.0,0.4978211076097106,-0.003232862660394819,affective,tf,4
3,time_only_ridge,Z,11520,5376,32,16,0.004080272861756384,0.004864165559411049,0.006491698099630466,0.0018036814290098846,-0.0003255438006601885,0.004464285714285714,0.022135416666666668,0.02526639096352824,129.0,0.5019564075630252,0.00524156921188443,affective,tf,4
3,time_residual_eeg_ridge,Z_time_resid,11520,5376,32,16,0.008676149403072486,0.005481008905917406,0.017415129918735568,0.010894018225371838,-0.07641178986419117,0.005394345238095238,0.0234375,0.026978079496831793,126.0,0.5084646358543418,0.01760656635027615,affective,tf,4
3,time_residual_shifted_null,Z_time_resid,11520,5376,32,16,-0.005931681582296733,-0.0036402145633473992,-0.0032910441456382522,-0.009338116738945246,-0.09763392445126695,0.004092261904761905,0.02101934523809524,0.024269465618896615,131.0,0.49671233076563953,-0.0026106217535992408,affective,tf,4
1,real_eeg_ridge,Z,11625,5376,32,16,0.006052369601093233,0.006951098795980215,0.013184485678428766,0.006292486097663641,-0.08725027399041507,0.005394345238095238,0.023065476190476192,0.026345779947908522,126.0,0.5079977824463119,0.014483871429446852,affective,tf,5
1,shifted_null_ridge,Z,11625,5376,32,16,-0.0030754672625334933,-0.004701734520494938,-0.004071400128287635,-0.00377637951169163,-0.10025277357246343,0.00390625,0.020647321428571428,0.023966268739074866,130.0,0.49596390639589166,-0.004631893200709542,affective,tf,5
1,time_only_ridge,Z,11625,5376,32,16,0.009517604364191357,0.00916622905060649,0.010606974494401183,0.019479895010590553,5.9717720213958714e-05,0.004650297619047619,0.020461309523809524,0.02485623257736341,123.0,0.5090620623249299,0.012977596317215997,affective,tf,5
1,time_residual_eeg_ridge,Z_time_resid,11625,5376,32,16,0.00582483962830338,0.0069021061062812805,0.016015248129559182,0.013265979010611773,-0.0878598012034264,0.005580357142857143,0.0234375,0.02661801859999719,126.0,0.5097222222222222,0.015826836469646666,affective,tf,5
1,time_residual_shifted_null,Z_time_resid,11625,5376,32,16,-0.004827625114103284,-0.0025471418630331755,0.005680803807619229,0.002534697065129876,-0.09118904222674695,0.0035342261904761905,0.015625,0.022643129748561773,129.0,0.5024983951914098,0.003862056284809979,affective,tf,5
2,real_eeg_ridge,Z,11655,5376,32,16,0.0037959089754622255,-0.0004042881846544333,0.023876671936846384,0.025106792338192463,-0.0895551141627835,0.004464285714285714,0.02027529761904762,0.024974781334341268,123.0,0.5139162435807657,0.02146938252933843,affective,tf,5
2,shifted_null_ridge,Z,11655,5376,32,16,-0.01011998494504951,-0.008290572091937065,-0.009140038891808155,-0.0037578955525532365,-0.1129945082413657,0.0033482142857142855,0.01636904761904762,0.02217652247431559,132.0,0.4919825221755369,-0.010931892002397756,affective,tf,5
2,time_only_ridge,Z,11655,5376,32,16,0.005283544456688105,0.005008492153137922,0.006377113641533361,0.00834804866462946,-6.470447031992066e-05,0.004092261904761905,0.02027529761904762,0.02508745421317461,127.0,0.504001079598506,0.005746078218015882,affective,tf,5
2,time_residual_eeg_ridge,Z_time_resid,11655,5376,32,16,0.003605545346829331,-0.0004079502859895001,0.022910137923806435,0.022756895050406456,-0.08963158437430963,0.005208333333333333,0.021391369047619048,0.025855620518450424,123.0,0.5143061391223156,0.021896601621115983,affective,tf,5
2,time_residual_shifted_null,Z_time_resid,11655,5376,32,16,0.000906634046259569,0.0016591643798165023,-0.01215441930859892,-0.012709615752100945,-0.09981170265941453,0.0027901785714285715,0.017857142857142856,0.022295612709639902,132.0,0.491765873015873,-0.011045506676817893,affective,tf,5
3,real_eeg_ridge,Z,11520,5376,32,16,0.00697060951279127,0.004510868457145989,0.019254163790773896,0.015540089923888445,-0.07648846599788972,0.005022321428571429,0.02027529761904762,0.025530257412395833,125.0,0.5089395133053222,0.01835416601438541,affective,tf,5
3,shifted_null_ridge,Z,11520,5376,32,16,0.005296662972341437,0.006089457776397467,-0.0034540047312356407,-0.006693449569866061,-0.09369532353282173,0.004092261904761905,0.019903273809523808,0.023784507608915838,130.5,0.49489269666199814,-0.004591756824040341,affective,tf,5
3,time_only_ridge,Z,11520,5376,32,16,0.0029924134723842144,0.0025586632546037436,0.005010540020669347,0.008401664439588785,-0.0003580511021612498,0.0033482142857142855,0.021391369047619048,0.0243758828087877,127.0,0.5024254493464052,0.003780333711373115,affective,tf,5
3,time_residual_eeg_ridge,Z_time_resid,11520,5376,32,16,0.006727173786202911,0.00403430568985641,0.01947799227877481,0.01612740382552147,-0.07640534699187573,0.005394345238095238,0.020647321428571428,0.025942021833085745,125.0,0.5089971405228757,0.018875094527202825,affective,tf,5
3,time_residual_shifted_null,Z_time_resid,11520,5376,32,16,-0.005304363688082958,-0.004556720843538642,-0.00895521717540673,-0.006636746693402529,-0.10033207357785279,0.004092261904761905,0.020833333333333332,0.023954311340612572,130.0,0.493998745331466,-0.00953922139757699,affective,tf,5
1,real_eeg_ridge,Z,11625,5376,32,16,0.004338837219620473,0.005566374398767948,0.012185895171348144,0.010065743699669838,-0.08936203750032545,0.004092261904761905,0.021577380952380952,0.025712723707660774,126.0,0.5076786443744165,0.01294459308168656,affective,tf,6
1,shifted_null_ridge,Z,11625,5376,32,16,-0.006486447331553791,-0.008105746703222394,-0.007761615881222605,-0.009693856351077557,-0.10323738926471471,0.004836309523809524,0.018229166666666668,0.024091469490361832,130.0,0.4934538398692811,-0.007457539699147409,affective,tf,6
1,time_only_ridge,Z,11625,5376,32,16,0.010415978908781653,0.009369166102260351,0.009096120193223558,0.012697079218924046,2.6608282695628205e-05,0.005022321428571429,0.018601190476190476,0.025195356766476187,125.0,0.5085098622782447,0.011071324908579011,affective,tf,6
1,time_residual_eeg_ridge,Z_time_resid,11625,5376,32,16,0.0040716439903007995,0.005733986617997289,0.015988387722771336,0.010006839875131845,-0.08984967135946542,0.0033482142857142855,0.022321428571428572,0.02526237976696927,125.5,0.5094676412231559,0.015416119875263397,affective,tf,6
1,time_residual_shifted_null,Z_time_resid,11625,5376,32,16,-0.004513612551818369,-0.0022110124409664422,-0.0018808244276623583,-0.0097616296261549,-0.09511891075005252,0.005022321428571429,0.021391369047619048,0.024994615458052056,131.0,0.49572172619047616,-0.003151086692029647,affective,tf,6
2,real_eeg_ridge,Z,11655,5376,32,16,0.002221398401161423,4.8752466682344675e-05,0.017479878438054118,0.008452757261693478,-0.08943759834930187,0.004836309523809524,0.021763392857142856,0.025748136371266068,126.0,0.5073500233426704,0.015695892350710956,affective,tf,6
2,shifted_null_ridge,Z,11655,5376,32,16,-0.010033177080913447,-0.00913881417363882,-0.00645082549408302,-0.002121874946169555,-0.10970946267074155,0.0035342261904761905,0.017671130952380952,0.022549172436820097,130.0,0.49357857726423904,-0.008464703653159069,affective,tf,6
2,time_only_ridge,Z,11655,5376,32,16,0.005253733282415851,0.005156226688995957,0.0034961514209446896,0.0002857409008356626,-0.0001273279574984798,0.004464285714285714,0.020089285714285716,0.024835753760569308,130.0,0.49901085434173675,0.0009554223453322024,affective,tf,6
2,time_residual_eeg_ridge,Z_time_resid,11655,5376,32,16,0.002155773890990531,-8.952053030952811e-05,0.01823502076902856,0.011250412557274103,-0.08927289768553304,0.004836309523809524,0.022507440476190476,0.025881976300650537,125.5,0.5083989845938375,0.017550080078482723,affective,tf,6
2,time_residual_shifted_null,Z_time_resid,11655,5376,32,16,-8.698658257344505e-05,0.004790034727193415,-0.010700000890326897,-0.008721595164388418,-0.09997373162401102,0.003162202380952381,0.01711309523809524,0.022106586970702793,130.0,0.4939185049019607,-0.00975167595311203,affective,tf,6
3,real_eeg_ridge,Z,11520,5376,32,16,0.002466193567670416,0.0021018279949203134,0.017342514614374034,0.007106896722689271,-0.07986197134440154,0.005394345238095238,0.020647321428571428,0.026044714697345452,125.0,0.5086017740429505,0.016983497124632374,affective,tf,6
3,shifted_null_ridge,Z,11520,5376,32,16,0.0017055992702807998,0.0005191208620090038,-0.006473719848930246,-0.009181101806461811,-0.09592305991301298,0.0027901785714285715,0.01711309523809524,0.022201294621099807,130.0,0.4935384570494864,-0.006904657484562872,affective,tf,6
3,time_only_ridge,Z,11520,5376,32,16,0.002955111283881706,0.002275999402627349,0.007843494115359732,0.010619278065860271,-0.0003353257512566099,0.003162202380952381,0.020089285714285716,0.024185084707335318,127.0,0.5058794351073763,0.006012137755827783,affective,tf,6
3,time_residual_eeg_ridge,Z_time_resid,11520,5376,32,16,0.0022886229492087296,0.0019267414463683963,0.01894335648517161,0.011712209321558475,-0.07977343494872424,0.005394345238095238,0.020833333333333332,0.026335905627681278,126.0,0.5095850840336136,0.01815517492613078,affective,tf,6
3,time_residual_shifted_null,Z_time_resid,11520,5376,32,16,-0.0033163503867399413,-0.0024387078592553735,-0.007042731505356821,-0.012838633731007576,-0.09776572912984993,0.002976190476190476,0.01953125,0.02309145936078681,131.0,0.4937485410830999,-0.007754561661563093,affective,tf,6
1,real_eeg_ridge,Z,11625,5376,32,16,0.004537971672107233,0.006914312485605478,0.01412883224497277,0.009563515894114971,-0.09017496557457227,0.005022321428571429,0.022321428571428572,0.025887434645553098,126.0,0.5064586251167134,0.01421744959529522,affective,tf,7
1,shifted_null_ridge,Z,11625,5376,32,16,-0.0022919903085494298,6.84564292896539e-06,-0.004125452555037495,-0.006309895543381572,-0.10361475662870134,0.0035342261904761905,0.01878720238095238,0.02332315981043842,129.0,0.4976978291316527,-0.0032035074376651814,affective,tf,7
1,time_only_ridge,Z,11625,5376,32,16,0.009833806297592673,0.009113168809562922,0.00843888703454574,0.01073325565084815,6.344568760097147e-05,0.004092261904761905,0.019159226190476192,0.02387719235085057,125.0,0.5058170664098973,0.010328355739979336,affective,tf,7
1,time_residual_eeg_ridge,Z_time_resid,11625,5376,32,16,0.004195525252725929,0.006173478905111551,0.016944485139892624,0.014363050926476717,-0.09066489351899931,0.004464285714285714,0.020833333333333332,0.025142268925342215,126.0,0.5084456699346405,0.016254792477718737,affective,tf,7
1,time_residual_shifted_null,Z_time_resid,11625,5376,32,16,-0.0028037995243721525,-0.0010525569960009307,-0.0029719569158599838,-0.010170001536607742,-0.09140873966100482,0.00390625,0.020461309523809524,0.02427372102371115,131.0,0.49649203431372546,-0.0037730789485918973,affective,tf,7
2,real_eeg_ridge,Z,11655,5376,32,16,0.0038684272913087625,0.0033449934562668204,0.01847191430659481,0.012128147296607494,-0.0852511688230948,0.004464285714285714,0.02101934523809524,0.024775260288617224,125.0,0.509765989729225,0.01787803507824163,affective,tf,7
2,shifted_null_ridge,Z,11655,5376,32,16,-0.007289996281542699,-0.007038754411041737,-0.006051223992558551,-0.0018675692263059318,-0.10623866147351402,0.0027901785714285715,0.014508928571428572,0.021583134025463017,129.0,0.4954722514005603,-0.007887358945508448,affective,tf,7
2,time_only_ridge,Z,11655,5376,32,16,0.005069167960755294,0.0060707086231559515,0.002733185831468828,-0.005762861808761954,-0.00013465688618508054,0.00390625,0.020089285714285716,0.024161759816896285,130.0,0.49819021358543414,2.3268614177164508e-05,affective,tf,7
2,time_residual_eeg_ridge,Z_time_resid,11655,5376,32,16,0.00385016141080996,0.0033852539490908384,0.020132759339447033,0.010192322544753551,-0.0849588986956149,0.00427827380952381,0.02194940476190476,0.025008433346721346,125.0,0.5115050186741363,0.020008702984719313,affective,tf,7
2,time_residual_shifted_null,Z_time_resid,11655,5376,32,16,0.00037866471393499523,0.003591607906855643,-0.008631981254757599,-0.008190465159714222,-0.10236637380521318,0.003162202380952381,0.01953125,0.02310783514186406,131.0,0.49294978408029877,-0.00806981768512899,affective,tf,7
3,real_eeg_ridge,Z,11520,5376,32,16,0.0004708200285676867,-0.0001378896413370967,0.016769895480635285,0.009936828166246414,-0.08302167688300921,0.004092261904761905,0.019903273809523808,0.024298308091010485,126.0,0.5068503443043885,0.016606968483831665,affective,tf,7
3,shifted_null_ridge,Z,11520,5376,32,16,0.0021301898359524785,0.003014519694261253,-0.004120617034651613,-0.0046503483317792416,-0.09647652183577993,0.003162202380952381,0.01878720238095238,0.023488958206250958,131.0,0.4973703022875816,-0.00443514050128381,affective,tf,7
3,time_only_ridge,Z,11520,5376,32,16,0.003366687767311305,0.0032040633959695697,0.010982735233228812,0.020511791110038757,-0.00030443999497142826,0.004092261904761905,0.020647321428571428,0.024855557579318018,124.0,0.5102919292717086,0.009098181117011835,affective,tf,7
3,time_residual_eeg_ridge,Z_time_resid,11520,5376,32,16,0.0002730379774220637,-0.0011228616494918242,0.020082206307251618,0.014964571688324213,-0.08306124991875263,0.00427827380952381,0.02027529761904762,0.02446327813883245,125.0,0.508626575630252,0.019486103493491194,affective,tf,7
3,time_residual_shifted_null,Z_time_resid,11520,5376,32,16,-0.0012106051221962844,-0.002618121914565563,-0.003450140566967331,-0.00853452505543828,-0.09785860059134643,0.005580357142857143,0.019345238095238096,0.025133109842190398,131.0,0.4940009337068161,-0.004829887727827883,affective,tf,7
1,real_eeg_ridge,Z,11625,5376,32,16,0.005649189099131036,0.003989302436821163,0.017312190693831195,0.019220278598368168,-0.08972687344354635,0.006882440476190476,0.025669642857142856,0.028012204223411493,124.0,0.512014910130719,0.017180282422270092,affective,tf,8
1,shifted_null_ridge,Z,11625,5376,32,16,-0.003624894519816735,-0.001876439549960196,-0.006587555981210038,-0.0013884622021578252,-0.10485777902540949,0.0027901785714285715,0.02027529761904762,0.023066142937200565,128.0,0.4977685866013072,-0.005025583753950176,affective,tf,8
1,time_only_ridge,Z,11625,5376,32,16,0.008867771169207117,0.007916253060102463,0.007656195274128393,0.01172167481854558,5.643245032083133e-05,0.00427827380952381,0.021205357142857144,0.024624487555329116,124.0,0.5070290616246499,0.009983731764799917,affective,tf,8
1,time_residual_eeg_ridge,Z_time_resid,11625,5376,32,16,0.00533453300340625,0.004249511286616325,0.01873032930627227,0.01938072219491005,-0.09019809554145919,0.006696428571428571,0.025111607142857144,0.027698443888961484,125.0,0.512593370681606,0.01774272521329854,affective,tf,8
1,time_residual_shifted_null,Z_time_resid,11625,5376,32,16,-0.002518340918868489,-0.0018600563489599153,-0.0023083293656131197,-0.006421245401725173,-0.08693559708967902,0.00427827380952381,0.018415178571428572,0.023769524245900953,130.0,0.4974986869747899,-0.0027189498295509254,affective,tf,8
2,real_eeg_ridge,Z,11655,5376,32,16,0.0014681942029710626,0.00021521448798011988,0.01777427416517899,0.01640142686665058,-0.08053177485954066,0.004092261904761905,0.017485119047619048,0.023796579129988234,125.0,0.5102248190943044,0.017365927628687237,affective,tf,8
2,shifted_null_ridge,Z,11655,5376,32,16,-0.006773205552235595,-0.006589111173525453,0.0006872909807004221,0.00853020278736949,-0.10121456551161279,0.003720238095238095,0.018973214285714284,0.023003080161676886,126.5,0.4993847017973856,-0.0011040984512930804,affective,tf,8
2,time_only_ridge,Z,11655,5376,32,16,0.004991061294276733,0.004992099944502115,0.002510094009505251,-0.006622915156185627,-0.00019953481624179759,0.0033482142857142855,0.01953125,0.02294157156804741,131.0,0.4978305905695611,-0.00020171083958751016,affective,tf,8
2,time_residual_eeg_ridge,Z_time_resid,11655,5376,32,16,0.0015716046909801662,0.00040030237869359553,0.017864474707448067,0.01644064486026764,-0.08014223620534233,0.003720238095238095,0.01804315476190476,0.023913118359261482,125.0,0.5104487628384687,0.01756144947366012,affective,tf,8
2,time_residual_shifted_null,Z_time_resid,11655,5376,32,16,0.0007185534286691109,-0.00011624037870205939,-0.003059809589471808,0.0035781743936240673,-0.09812803762406097,0.004650297619047619,0.01804315476190476,0.024278371934150795,128.0,0.4982296043417367,-0.0033061247273568997,affective,tf,8
3,real_eeg_ridge,Z,11520,5376,32,16,0.0009686219782452099,8.3093938883394e-05,0.019048780667446863,0.018404362723231316,-0.08418482953677953,0.003720238095238095,0.018973214285714284,0.024436678574924257,124.0,0.5103772759103642,0.018790468137867507,affective,tf,8
3,shifted_null_ridge,Z,11520,5376,32,16,-0.0025849167213891633,-0.0021339297527447343,-0.009333302338041147,-0.00951709458604455,-0.10011569521425079,0.0033482142857142855,0.017857142857142856,0.02286205995744193,130.0,0.49422560690943046,-0.008786283091641003,affective,tf,8
3,time_only_ridge,Z,11520,5376,32,16,0.0034047809485855396,0.003354943124577403,0.011131939228841063,0.018994768150150776,-0.00030623813496055696,0.0027901785714285715,0.02101934523809524,0.024230061390466795,124.0,0.5097805788982258,0.00915831061271212,affective,tf,8
3,time_residual_eeg_ridge,Z_time_resid,11520,5376,32,16,0.0008041437895371928,0.0006477271526819095,0.02138982800487945,0.018981825560331345,-0.08433064239068755,0.003720238095238095,0.020647321428571428,0.024741724458671926,125.0,0.5107602415966387,0.020540278278360906,affective,tf,8
3,time_residual_shifted_null,Z_time_resid,11520,5376,32,16,0.0005144290189491585,0.002560977474786341,0.0014815313537691768,0.0001720887012197636,-0.0915409041802222,0.004092261904761905,0.020461309523809524,0.02367117168830926,129.0,0.49883724323062556,-0.00010666597025232839,affective,tf,8
1,real_eeg_ridge,Z,4788,1824,32,16,0.04499467087589437,0.04188299551606178,0.046894162747744224,0.04371648468077183,-0.16511354090332264,0.01699561403508772,0.09539473684210527,0.07847734602471708,34.0,0.5403672835232518,0.06197584179086821,experience,tf,-8
1,shifted_null_ridge,Z,4788,1824,32,16,0.0074432294168218505,0.012667104601860046,0.005122482762161732,0.015878239646553993,-0.23036083456957823,0.00932017543859649,0.06030701754385965,0.05974186033959341,38.0,0.5006565887714225,-0.0002858963389367093,experience,tf,-8
1,time_only_ridge,Z,4788,1824,32,16,0.04349683724831266,0.024839564226567745,0.12881227956390112,0.15664223581552505,0.014551291503571706,0.024671052631578948,0.1162280701754386,0.09323100534843143,29.0,0.5911744833045957,0.15170455831603713,experience,tf,-8
1,time_residual_eeg_ridge,Z_time_resid,4788,1824,32,16,0.038006102622603066,0.030995371751487255,0.03017413216857995,0.024050057865679264,-0.16756484358489976,0.01644736842105263,0.08607456140350878,0.07408831364207918,35.0,0.526692544277954,0.039196243032295824,experience,tf,-8
1,time_residual_shifted_null,Z_time_resid,4788,1824,32,16,-0.0063198166558322555,-0.0021931242081336677,0.00742075800020789,0.013872562907636166,-0.22017548568656942,0.010964912280701754,0.06414473684210527,0.06254821657481387,38.0,0.5059265404413269,-0.005342247777902684,experience,tf,-8
2,real_eeg_ridge,Z,4945,1712,32,16,0.04708328853303101,0.041958171874284744,0.05974213054865032,0.07449712604284286,-0.1730657946860732,0.02161214953271028,0.10163551401869159,0.08658757883780503,33.0,0.5432138153034662,0.06853101359725913,experience,tf,-8
2,shifted_null_ridge,Z,4945,1712,32,16,-0.004878085121163167,-0.0037385482573881745,-0.021701870145674734,-0.018648851662874222,-0.2761866735119005,0.016355140186915886,0.06542056074766354,0.06644176137813386,39.0,0.49324454838459136,-0.0061175682637542575,experience,tf,-8
2,time_only_ridge,Z,4945,1712,32,16,0.04003952627135732,0.03568609990179539,0.12326438832845431,0.16912786662578583,0.007287424145494326,0.027453271028037383,0.102803738317757,0.09219128510594071,27.0,0.5934286752701068,0.13563827454399838,experience,tf,-8
2,time_residual_eeg_ridge,Z_time_resid,4945,1712,32,16,0.04108889315102715,0.04623083956539631,0.04239175665722295,0.04510175436735153,-0.17466114700553725,0.018691588785046728,0.0905373831775701,0.07977526675927453,35.0,0.5311048052912501,0.04352009780141517,experience,tf,-8
2,time_residual_shifted_null,Z_time_resid,4945,1712,32,16,0.007228094706078991,0.0017995196976698935,0.00783376556215427,0.006863574497401714,-0.22648776309191487,0.012850467289719626,0.07710280373831775,0.06723946351953151,37.0,0.5037696503861127,0.0077708966040927925,experience,tf,-8
3,real_eeg_ridge,Z,4793,1789,32,16,0.06473430102778366,0.06016278266906738,0.056833728152663576,0.06916869431734085,-0.183758551179507,0.022917831190609278,0.09502515371716043,0.08236823514063765,34.0,0.5443598859884976,0.060216452564838686,experience,tf,-8
3,shifted_null_ridge,Z,4793,1789,32,16,0.007852633698348654,0.006150868255645037,0.006164516121229477,0.015495503321290016,-0.2251239821364417,0.015651201788708775,0.07210732252655115,0.06842144028563321,38.0,0.5065041329223781,0.009355386184224242,experience,tf,-8
3,time_only_ridge,Z,4793,1789,32,16,0.050046648175339215,0.036856720224022865,0.13929271579884323,0.15591956675052643,0.01667809481643512,0.02627166014533259,0.11347121296813863,0.09147841254357351,29.0,0.5953771916243403,0.1437586939841494,experience,tf,-8
3,time_residual_eeg_ridge,Z_time_resid,4793,1789,32,16,0.05811908505256724,0.054826900362968445,0.04222322221788905,0.04918732866644859,-0.18947195679863382,0.020122973728339856,0.08608160983789827,0.07771252192613902,36.0,0.5320969868360808,0.03960879661412522,experience,tf,-8
3,time_residual_shifted_null,Z_time_resid,4793,1789,32,16,0.002966128049592953,0.006025257520377636,-0.017679005264999523,-0.018168075010180473,-0.24927131087714605,0.010620458356623811,0.05869200670765791,0.06002855696822132,40.0,0.48896740059088667,-0.02340407583423909,experience,tf,-8
1,real_eeg_ridge,Z,4801,1827,32,16,0.046123811953293625,0.0460555050522089,0.04904032816159599,0.05617664381861687,-0.17553472405598103,0.020251778872468526,0.08812260536398467,0.07801943919618343,34.0,0.545392569599203,0.06499420228237836,experience,tf,-7
1,shifted_null_ridge,Z,4801,1827,32,16,0.004015051687019877,0.008118188939988613,0.015035937135017653,0.019354451447725296,-0.2174586335015638,0.0120415982484948,0.06239737274220033,0.062304935787120555,38.0,0.5077428783394891,0.005220798715687799,experience,tf,-7
1,time_only_ridge,Z,4801,1827,32,16,0.044198494106240105,0.024481377564370632,0.12922660773671382,0.15366533398628235,0.014737965686912657,0.025177887246852763,0.11658456486042693,0.09366210008657398,29.0,0.5906221789745216,0.15110573245666803,experience,tf,-7
1,time_residual_eeg_ridge,Z_time_resid,4801,1827,32,16,0.03859913713677088,0.04036641679704189,0.029767826486706873,0.025725767016410828,-0.17992961157394505,0.020251778872468526,0.0810071154898741,0.07421016391818128,36.0,0.5266162815221858,0.039446648769993,experience,tf,-7
1,time_residual_shifted_null,Z_time_resid,4801,1827,32,16,-0.0040408418062725104,0.005416459636762738,-0.00047701146592921535,-0.005440862383693457,-0.21181032286791113,0.011494252873563218,0.06294471811713191,0.06170161352646697,39.0,0.4992692079360688,-0.01014497784292885,experience,tf,-7
2,real_eeg_ridge,Z,4955,1718,32,16,0.04792190860644041,0.05110378377139568,0.06008875793752334,0.06051408872008324,-0.17883145463875416,0.020954598370197905,0.10069848661233993,0.08384169602075675,33.0,0.5452232547763766,0.06670036001854529,experience,tf,-7
2,shifted_null_ridge,Z,4955,1718,32,16,-0.004465794447241933,0.0017770036356523633,-0.01301577166735213,-0.0249400706961751,-0.25478402707032854,0.015133876600698487,0.08090803259604191,0.06903155853044583,38.0,0.4968945928764437,0.0035516908604792375,experience,tf,-7
2,time_only_ridge,Z,4955,1718,32,16,0.040297020508205605,0.03342785872519016,0.12306890089090045,0.1647346094250679,0.008167115337582298,0.02677532013969732,0.10419091967403958,0.09228795615508663,27.0,0.5928153695791839,0.1351289468067122,experience,tf,-7
2,time_residual_eeg_ridge,Z_time_resid,4955,1718,32,16,0.04217771296907813,0.04739266447722912,0.04619685723209989,0.05054367706179619,-0.17835544960447147,0.01979045401629802,0.09313154831199069,0.07926777744714124,35.0,0.5334057764301435,0.04491864959763058,experience,tf,-7
2,time_residual_shifted_null,Z_time_resid,4955,1718,32,16,0.001771212560015556,0.0005145214527146891,0.010571094570830258,0.012900486122816801,-0.212337355345805,0.01629802095459837,0.07683352735739232,0.07103624055271034,36.0,0.5067564177414029,0.01806156167500133,experience,tf,-7
3,real_eeg_ridge,Z,4804,1794,32,16,0.05942460469668731,0.053025584667921066,0.04793593121302362,0.048559125512838364,-0.19519978827521922,0.022853957636566332,0.09810479375696766,0.08138102148238885,36.0,0.5353468354006583,0.04890963735295812,experience,tf,-7
3,shifted_null_ridge,Z,4804,1794,32,16,0.0075211504255321415,0.00542509404476732,0.006131313295045727,0.018237934447824955,-0.23185985219094007,0.010590858416945374,0.06911928651059086,0.06346794241606905,38.0,0.5098507446712158,0.009556812560862394,experience,tf,-7
3,time_only_ridge,Z,4804,1794,32,16,0.04972747681313194,0.038496918976306915,0.13754803062909268,0.15770066529512405,0.016299234712441657,0.02564102564102564,0.1109253065774805,0.0910830815683289,29.0,0.5950167486942824,0.14078437041353947,experience,tf,-7
3,time_residual_eeg_ridge,Z_time_resid,4804,1794,32,16,0.05289898291903228,0.055411938577890396,0.03525353824516303,0.03797729313373566,-0.1964012566307407,0.016722408026755852,0.09197324414715718,0.07440977186801923,37.0,0.525621389027967,0.030209508715825565,experience,tf,-7
3,time_residual_shifted_null,Z_time_resid,4804,1794,32,16,0.0024435588347841986,-0.00020104122813791037,-0.01680773168481308,-0.027282590977847576,-0.2410058382499518,0.007246376811594203,0.05016722408026756,0.055134055324834993,40.0,0.48856277099800477,-0.02550578140034029,experience,tf,-7
1,real_eeg_ridge,Z,4822,1888,32,16,0.04152713029179722,0.03937331587076187,0.06111808408986998,0.07808826491236687,-0.16325699717528153,0.02065677966101695,0.08633474576271187,0.07827593432905484,34.0,0.5474856521051721,0.07684816838906483,experience,tf,-6
1,shifted_null_ridge,Z,4822,1888,32,16,-0.000335178019668092,0.002184688171837479,0.012867872951851572,0.0271059637889266,-0.21158315899348246,0.013241525423728813,0.05985169491525424,0.062235995653403,39.0,0.5060563175726615,-0.005328387208114904,experience,tf,-6
1,time_only_ridge,Z,4822,1888,32,16,0.05365503011853434,0.04716536030173302,0.1429828959589632,0.15744100511074066,0.016633251067136423,0.023834745762711863,0.11864406779661017,0.091267570860482,30.0,0.5994925119104709,0.16072946600626,experience,tf,-6
1,time_residual_eeg_ridge,Z_time_resid,4822,1888,32,16,0.03527102811494842,0.03766155615448952,0.04853902961871951,0.0626559667289257,-0.16303451073766673,0.02065677966101695,0.08103813559322035,0.07551250982371532,36.0,0.5361109269532429,0.05730293288804241,experience,tf,-6
1,time_residual_shifted_null,Z_time_resid,4822,1888,32,16,-0.005509506692760624,-0.008178760530427098,-0.012885034443061775,-0.021552784368395805,-0.23688744104727566,0.01059322033898305,0.06197033898305085,0.059106173453923334,40.0,0.48903244214776054,-0.018978308052846758,experience,tf,-6
2,real_eeg_ridge,Z,4877,1788,32,16,0.06237404348212294,0.06242469139397144,0.06963132071479769,0.07786822319030762,-0.15562137803860754,0.018456375838926176,0.09172259507829977,0.07832030782797786,33.0,0.5532549334031966,0.0740883757808334,experience,tf,-6
2,shifted_null_ridge,Z,4877,1788,32,16,-0.007889836122558336,0.0011759545595850796,-0.01986116621942091,-0.023499008268117905,-0.2403449426736397,0.019574944071588368,0.08109619686800895,0.07096473333932242,41.0,0.49575644877089914,-0.005777611012338944,experience,tf,-6
2,time_only_ridge,Z,4877,1788,32,16,0.04581979222712107,0.03805644437670708,0.12633307311468608,0.15005871653556824,0.01388120661101655,0.025727069351230425,0.1040268456375839,0.08962370230635747,30.0,0.593161988972488,0.14146504720388298,experience,tf,-6
2,time_residual_eeg_ridge,Z_time_resid,4877,1788,32,16,0.05469719384564087,0.05589481070637703,0.05343618701504188,0.056672271341085434,-0.16509522853927372,0.0145413870246085,0.0883668903803132,0.07344832885904225,35.0,0.541548336180402,0.05380221742356275,experience,tf,-6
2,time_residual_shifted_null,Z_time_resid,4877,1788,32,16,0.0028175867337267846,0.0010840010363608599,0.011375023856954415,0.01224575750529766,-0.19144988749443015,0.01621923937360179,0.06767337807606263,0.0679942512692105,38.0,0.5090405658398751,0.016124666957730512,experience,tf,-6
3,real_eeg_ridge,Z,4826,1824,32,16,0.037382913222245406,0.0352463498711586,0.03586426057980836,0.034330401569604874,-0.24700336901233166,0.01644736842105263,0.07675438596491228,0.07178827702351386,38.0,0.5249364076969786,0.03137232394455585,experience,tf,-6
3,shifted_null_ridge,Z,4826,1824,32,16,0.00970170354412403,0.009619273710995913,0.004176849855691232,0.006174516165629029,-0.25801799169980444,0.01644736842105263,0.06359649122807018,0.06624440376405702,39.0,0.5079350656063084,0.003235655233535497,experience,tf,-6
3,time_only_ridge,Z,4826,1824,32,16,0.04625161164767633,0.023072069510817528,0.11608692492050945,0.1351696029305458,0.011044746396148608,0.022478070175438597,0.0981359649122807,0.08457186520128991,31.0,0.581127390097397,0.12184641350714291,experience,tf,-6
3,time_residual_eeg_ridge,Z_time_resid,4826,1824,32,16,0.03300333935476374,0.030398721806704998,0.032748783998007035,0.039143260568380356,-0.227430859457306,0.013157894736842105,0.07346491228070176,0.06824263328073481,37.0,0.5214593947822497,0.02112384168570147,experience,tf,-6
3,time_residual_shifted_null,Z_time_resid,4826,1824,32,16,-0.008013990232484502,-0.009508070070296526,-0.015352531640489855,-0.011238649487495422,-0.37952041320200314,0.00712719298245614,0.0537280701754386,0.05500905583742126,40.0,0.4893993320936777,-0.029774526192010608,experience,tf,-6
1,real_eeg_ridge,Z,4836,1891,32,16,0.03877273180114571,0.02498054038733244,0.057632053837521874,0.060433194041252136,-0.16037644541047658,0.021152829190904283,0.08725542041248018,0.0786620470948364,35.0,0.5420171326702324,0.07397857945090709,experience,tf,-5
1,shifted_null_ridge,Z,4836,1891,32,16,0.002792779183437233,-0.0017216402338817716,0.01640254989964241,0.03602181002497673,-0.20329381202547014,0.009518773135906928,0.061343204653622425,0.06014090256572207,39.0,0.5082395132456318,-0.00023573470212791096,experience,tf,-5
1,time_only_ridge,Z,4836,1891,32,16,0.05321557281422429,0.04705742932856083,0.14424828954688584,0.1600399911403656,0.016781033033200443,0.023268112109994712,0.11792702273929138,0.09120603509577782,30.0,0.6000763183269406,0.16181566013907175,experience,tf,-5
1,time_residual_eeg_ridge,Z_time_resid,4836,1891,32,16,0.032481295660545584,0.022770910523831844,0.04429424194179378,0.03692059591412544,-0.16256578233951857,0.017451084082496033,0.088841882601798,0.07415284226971072,37.0,0.5311116008753939,0.05432634026004268,experience,tf,-5
1,time_residual_shifted_null,Z_time_resid,4836,1891,32,16,-0.0016505559760844335,-0.008909048978239298,-0.010570016870458629,-0.016157882288098335,-0.24313185487963418,0.009518773135906928,0.05817028027498678,0.05843560371465372,40.0,0.48995467369998835,-0.015324655685191068,experience,tf,-5
2,real_eeg_ridge,Z,4888,1794,32,16,0.0580323528702138,0.0512098278850317,0.07463521361537252,0.08664115890860558,-0.14665408762786392,0.021181716833890748,0.09420289855072464,0.08317433354735987,33.0,0.5586333297161704,0.07763713949172657,experience,tf,-5
2,shifted_null_ridge,Z,4888,1794,32,16,-0.0026821342326002195,-0.0032396247843280435,-0.017646817239523122,-0.017170305363833904,-0.22810051425471745,0.016164994425863992,0.06744704570791528,0.06632464841512849,39.0,0.4945813685253093,-0.007745807515126414,experience,tf,-5
2,time_only_ridge,Z,4888,1794,32,16,0.04590833930342342,0.03738669864833355,0.12695927550454528,0.15354515612125397,0.014081908268682608,0.02508361204013378,0.10312151616499443,0.08988133432606676,30.0,0.5944365500552765,0.1432890757647848,experience,tf,-5
2,time_residual_eeg_ridge,Z_time_resid,4888,1794,32,16,0.050614134768693475,0.04891228303313255,0.06204008313308507,0.06675988435745239,-0.150904071870559,0.020066889632107024,0.08862876254180602,0.07903551453332905,33.5,0.5478554711297513,0.06073428123677912,experience,tf,-5
2,time_residual_shifted_null,Z_time_resid,4888,1794,32,16,0.004595722846715944,0.0010159715893678367,-0.0006694516636923873,0.0010343269095756114,-0.20163180898844613,0.016722408026755852,0.07748049052396878,0.06991159846997547,38.0,0.50401374551858,0.009828334361044399,experience,tf,-5
3,real_eeg_ridge,Z,4838,1829,32,16,0.032962363869046385,0.026643012650310993,0.04242078983667294,0.040619298815727234,-0.24017124117299105,0.018042646254784037,0.07818480043739748,0.0740074444804594,36.0,0.5298757683530632,0.03622379460983524,experience,tf,-5
3,shifted_null_ridge,Z,4838,1829,32,16,0.007823426161394309,0.010148466564714909,0.0144666064074171,0.025161923840641975,-0.23904247357547903,0.01530891197375615,0.06943685073810825,0.06697738740600799,39.0,0.513162821547238,0.011495314033132904,experience,tf,-5
3,time_only_ridge,Z,4838,1829,32,16,0.0465977267431299,0.021767958998680115,0.1158427147315614,0.13368584215641022,0.01123184612133199,0.02241662110442865,0.10005467468562056,0.08469143445451617,30.0,0.5813067947574088,0.1210133156791907,experience,tf,-5
3,time_residual_eeg_ridge,Z_time_resid,4838,1829,32,16,0.028892672863548796,0.027311469428241253,0.04026243866159936,0.02793474867939949,-0.21803530728562537,0.016402405686167305,0.0825587752870421,0.07386690312023109,36.0,0.5275330158652797,0.027423599534382687,experience,tf,-5
3,time_residual_shifted_null,Z_time_resid,4838,1829,32,16,-0.003866511171509046,-0.0026648337370716035,-0.007853934275002425,0.0014305281220003963,-0.3398652567305198,0.010934937124111536,0.06178239475123018,0.0603759707283742,40.0,0.49583978915382704,-0.020170072840531232,experience,tf,-5
1,real_eeg_ridge,Z,4850,1894,32,16,0.03462672001478495,0.02827767003327608,0.056882780923072564,0.0634329505264759,-0.15717092003454014,0.022175290390707498,0.08553326293558607,0.07873430072009836,34.0,0.5457725933938024,0.07201374156240135,experience,tf,-4
1,shifted_null_ridge,Z,4850,1894,32,16,-0.0008321808672917541,0.0046116935554891825,0.008671726405894494,0.017695989459753036,-0.2077351300790018,0.009503695881731784,0.05385427666314678,0.056715731562421455,40.0,0.5021560135956986,-0.005983862450119439,experience,tf,-4
1,time_only_ridge,Z,4850,1894,32,16,0.053556925704469904,0.04711390659213066,0.14428923591788723,0.16003942489624023,0.01663802504258416,0.023231256599788808,0.11826821541710665,0.09113848293585808,29.0,0.5999729537173558,0.16183626036296084,experience,tf,-4
1,time_residual_eeg_ridge,Z_time_resid,4850,1894,32,16,0.027478554742629058,0.02199654094874859,0.04108588717796392,0.04182768426835537,-0.16254416212954892,0.019535374868004225,0.0850052798310454,0.07534347809232265,36.0,0.5313292483824148,0.049318396724071456,experience,tf,-4
1,time_residual_shifted_null,Z_time_resid,4850,1894,32,16,0.005208347503412369,0.0067778287921100855,-0.0153749134590667,-0.023950330913066864,-0.24491648883436423,0.011087645195353749,0.054910242872228086,0.05860347659708844,41.0,0.48616966566935976,-0.021122533151523768,experience,tf,-4
2,real_eeg_ridge,Z,4899,1800,32,16,0.05287522949947743,0.045029088854789734,0.07171487313585304,0.08737777546048164,-0.14332043692482288,0.018333333333333333,0.09333333333333334,0.08059886361837362,31.0,0.5567905935167384,0.07432882838226598,experience,tf,-4
2,shifted_null_ridge,Z,4899,1800,32,16,-0.00016493869065925537,-0.0008638494218757842,-0.013146231273454356,-0.021418390795588493,-0.22238282083835936,0.02,0.07611111111111112,0.07049408355139805,40.5,0.4949020785113872,-0.0035267667955138555,experience,tf,-4
2,time_only_ridge,Z,4899,1800,32,16,0.04564002452752902,0.03589628450572491,0.12724232194622043,0.15158049017190933,0.014025935937434286,0.02388888888888889,0.10444444444444445,0.08907875597052037,30.0,0.5945353480353434,0.14311955173571392,experience,tf,-4
2,time_residual_eeg_ridge,Z_time_resid,4899,1800,32,16,0.045398458155716526,0.044828543439507484,0.061314703534493066,0.06613237410783768,-0.14386773450049106,0.016666666666666666,0.08666666666666667,0.07718914723101129,34.0,0.5495652492358651,0.05942600283630103,experience,tf,-4
2,time_residual_shifted_null,Z_time_resid,4899,1800,32,16,0.003572004890656899,0.004593926132656634,-0.00817960337093104,-0.01685177441686392,-0.2160205983537391,0.012777777777777779,0.06777777777777778,0.06264776093983351,39.0,0.497117309967243,0.002754803306035528,experience,tf,-4
3,real_eeg_ridge,Z,4850,1834,32,16,0.031350389814178925,0.025081727653741837,0.050610611574889865,0.048805445432662964,-0.2191764508353946,0.021264994547437296,0.08505997818974918,0.0777632554124261,36.0,0.5355324481344772,0.04589834426225472,experience,tf,-4
3,shifted_null_ridge,Z,4850,1834,32,16,0.003386703090654919,0.005384257296100259,0.015802577052873128,0.01787249930202961,-0.2353554205430768,0.011995637949836423,0.0752453653217012,0.06510270890940721,38.0,0.513058761938512,0.010919936034864387,experience,tf,-4
3,time_only_ridge,Z,4850,1834,32,16,0.04729347202919598,0.023110253736376762,0.11625127730295194,0.13478196412324905,0.011527470187311484,0.020719738276990186,0.10087241003271538,0.08359825492542487,30.0,0.581843374279617,0.12137477565622505,experience,tf,-4
3,time_residual_eeg_ridge,Z_time_resid,4850,1834,32,16,0.026517756392422598,0.02029621135443449,0.046913182188840566,0.0371908787637949,-0.19811884621528852,0.015812431842966195,0.09487459105779716,0.07508648544354504,35.0,0.5331748426786668,0.03652428488566483,experience,tf,-4
3,time_residual_shifted_null,Z_time_resid,4850,1834,32,16,-0.004038803261209978,-0.010851369705051184,-0.013146029272173659,-0.02151278220117092,-0.3247078717791865,0.0054525627044711015,0.04362050163576881,0.05290256799553904,41.0,0.4876791377158251,-0.020786218884456472,experience,tf,-4
1,real_eeg_ridge,Z,4864,1897,32,16,0.03422733462230099,0.03086763434112072,0.052815900870079556,0.050327181816101074,-0.1529906896740536,0.015287295730100159,0.10015814443858724,0.07602191654705437,36.0,0.5409408315128582,0.06972376544900885,experience,tf,-3
1,shifted_null_ridge,Z,4864,1897,32,16,0.002786230153105862,0.0030200062319636345,0.010255332892813043,0.005387269426137209,-0.20644415786959502,0.014232999472851872,0.05904059040590406,0.06185264627118328,40.0,0.5026265579580801,-0.003450299723514181,experience,tf,-3
1,time_only_ridge,Z,4864,1897,32,16,0.05405275560042355,0.045715970918536186,0.1441117755111918,0.15789449214935303,0.016590355098965892,0.023721665788086453,0.11491829204006326,0.09074995780591959,29.0,0.5995426692411147,0.16212283710344147,experience,tf,-3
1,time_residual_eeg_ridge,Z_time_resid,4864,1897,32,16,0.02645124728223891,0.027653425931930542,0.035320021299071115,0.0319051519036293,-0.1615717503691947,0.014232999472851872,0.08803373748023194,0.07168642785421381,37.0,0.5270596396201178,0.045831626566003654,experience,tf,-3
1,time_residual_shifted_null,Z_time_resid,4864,1897,32,16,0.0031710146577097476,0.005373006919398904,-0.0009271828209785926,0.007622188422828913,-0.23865799421527045,0.00790722192936215,0.05113336847654191,0.05606860327860807,40.0,0.4985343156356807,-0.007312261491294137,experience,tf,-3
2,real_eeg_ridge,Z,4910,1806,32,16,0.04961265582824126,0.044695306569337845,0.06283271673270359,0.06733324378728867,-0.1558894471284049,0.0221483942414175,0.09357696566998892,0.08169011139056888,33.0,0.551297415413613,0.06705606591660353,experience,tf,-3
2,shifted_null_ridge,Z,4910,1806,32,16,-0.0005382960953284055,0.0072652678936719894,-0.0072718167011711155,-0.009379481431096792,-0.218520420458153,0.022702104097452935,0.07198228128460686,0.07107846526071443,40.0,0.49746025227038937,-0.0066781865142757765,experience,tf,-3
2,time_only_ridge,Z,4910,1806,32,16,0.045600523033499485,0.03900345228612423,0.1268480847308818,0.14953751862049103,0.013877381142430423,0.02602436323366556,0.10409745293466224,0.08971542532115254,30.0,0.5942340016066076,0.14264391953364497,experience,tf,-3
2,time_residual_eeg_ridge,Z_time_resid,4910,1806,32,16,0.042071401396242436,0.040787290781736374,0.054586260386218007,0.047205353155732155,-0.15489984185285643,0.017718715393133997,0.09136212624584718,0.07748572519805684,34.0,0.5459589128342748,0.05336359651960069,experience,tf,-3
2,time_residual_shifted_null,Z_time_resid,4910,1806,32,16,0.002943624143881607,0.0059660752303898335,-0.002698332323803921,-0.005936958361417055,-0.21132994461258048,0.012181616832779624,0.07198228128460686,0.06365314150045237,39.0,0.5002371871001411,0.01252064498083702,experience,tf,-3
3,real_eeg_ridge,Z,4862,1839,32,16,0.03064409058970341,0.02925590705126524,0.04816166879732986,0.03486969694495201,-0.22005422239630734,0.018488308863512777,0.08374116367591082,0.075708064915846,36.0,0.5336562323586259,0.051037427634123674,experience,tf,-3
3,shifted_null_ridge,Z,4862,1839,32,16,0.0024865737295840518,-0.001813960712752305,0.021731756804382444,0.023696107789874077,-0.24141235517973647,0.015225666122892877,0.06579662860250136,0.06649598346211838,38.0,0.515106906173707,0.015016225499545436,experience,tf,-3
3,time_only_ridge,Z,4862,1839,32,16,0.04802417201062781,0.024569358676671982,0.11715545313251614,0.1346665620803833,0.011762074275466716,0.021750951604132682,0.10168569874932028,0.08445564479122017,30.0,0.5825361886521708,0.12284521387717658,experience,tf,-3
3,time_residual_eeg_ridge,Z_time_resid,4862,1839,32,16,0.025021802893206768,0.022893249057233334,0.040578794608566435,0.02694883570075035,-0.2003551139813864,0.01794453507340946,0.0701468189233279,0.07188752753063292,36.0,0.5259309610259242,0.03850748243520865,experience,tf,-3
3,time_residual_shifted_null,Z_time_resid,4862,1839,32,16,0.0008360669380635954,-0.006269127829000354,0.0015603416125695745,-0.01445212122052908,-0.31210214846387707,0.011963023382272975,0.054377379010331704,0.05965336452728733,40.0,0.4973011872839353,9.83784072526861e-05,experience,tf,-3
1,real_eeg_ridge,Z,4878,1900,32,16,0.029914183367509395,0.028385399840772152,0.05312602305635473,0.051245611160993576,-0.14532038228133848,0.01631578947368421,0.09,0.0758618315468095,35.5,0.5408273692425861,0.06635807904467818,experience,tf,-2
1,shifted_null_ridge,Z,4878,1900,32,16,0.0001371371381537756,-0.0004691297945100814,0.011280837639535189,0.005461919354274869,-0.21609349094848818,0.01,0.06473684210526316,0.060662671448576365,40.0,0.5010675483089847,-0.003672187916139038,experience,tf,-2
1,time_only_ridge,Z,4878,1900,32,16,0.05457638553343713,0.04512636736035347,0.14354703036945704,0.16203303635120392,0.016662607918103256,0.02368421052631579,0.11421052631578947,0.09076521792426895,29.0,0.5999205432412376,0.16239057978056795,experience,tf,-2
1,time_residual_eeg_ridge,Z_time_resid,4878,1900,32,16,0.02138636597646837,0.023497089743614197,0.031152486760425074,0.031047259457409382,-0.1564222406915341,0.01631578947368421,0.08736842105263158,0.07237539734461133,38.0,0.5230109740132407,0.03909261968966704,experience,tf,-2
1,time_residual_shifted_null,Z_time_resid,4878,1900,32,16,0.0012401399794725876,-0.0012521936514531262,-0.0018139449212896197,0.006938471458852291,-0.23783699594107777,0.011052631578947368,0.057368421052631575,0.059297144864534655,40.0,0.4963640281459608,-0.006677359844520629,experience,tf,-2
2,real_eeg_ridge,Z,4921,1812,32,16,0.04275504830002319,0.033040862530469894,0.06150465445632768,0.07494208216667175,-0.16388507553467369,0.02097130242825607,0.08940397350993377,0.07957479369096158,33.0,0.550833552910384,0.06634814079280861,experience,tf,-2
2,shifted_null_ridge,Z,4921,1812,32,16,-0.0010158999580198724,0.001726055284962058,-0.011698989719754123,-0.006646275753155351,-0.21330564182533984,0.010485651214128035,0.06181015452538632,0.06021142820902505,40.0,0.491336276749976,-0.01779872062100148,experience,tf,-2
2,time_only_ridge,Z,4921,1812,32,16,0.045324220329348464,0.03931246139109135,0.12487545124239485,0.14633948355913162,0.013464609102894043,0.024282560706401765,0.10375275938189846,0.08834966523437913,30.0,0.5930956969881557,0.14045352327196595,experience,tf,-2
2,time_residual_eeg_ridge,Z_time_resid,4921,1812,32,16,0.03525289095705375,0.03340260125696659,0.05182083053550661,0.06305784359574318,-0.1629117200932395,0.02097130242825607,0.08719646799116998,0.07895294286799902,33.5,0.5455278877838081,0.05101536725955474,experience,tf,-2
2,time_residual_shifted_null,Z_time_resid,4921,1812,32,16,0.000752996958908625,0.005392532446421683,-0.012577819142145105,-0.027497773058712482,-0.2297853015811646,0.011037527593818985,0.0772626931567329,0.06519117861386077,39.0,0.4939500353793264,0.0028370994805568977,experience,tf,-2
3,real_eeg_ridge,Z,4874,1844,32,16,0.025124470059381565,0.01901219505816698,0.0366792718695549,0.026267199777066708,-0.2264650912770756,0.016811279826464208,0.08405639913232105,0.07417324230039392,37.0,0.5265167112253977,0.04570194468886518,experience,tf,-2
3,shifted_null_ridge,Z,4874,1844,32,16,0.004240975162247196,0.012929034419357777,0.012711347551897248,0.010600116569548845,-0.25200009947412627,0.01735357917570499,0.06832971800433839,0.06677670160260386,39.0,0.5069471101148426,0.0010230718102406365,experience,tf,-2
3,time_only_ridge,Z,4874,1844,32,16,0.04898461836273782,0.022607986815273762,0.117091316673202,0.13109926879405975,0.011746268285544259,0.023318872017353578,0.10140997830802603,0.0855941411964432,30.0,0.5832692394427501,0.1228632373950842,experience,tf,-2
3,time_residual_eeg_ridge,Z_time_resid,4874,1844,32,16,0.019013977813301608,0.013674244750291109,0.02653043926631748,0.014959744177758694,-0.21127862685381915,0.01843817787418655,0.07863340563991324,0.0723238017075943,37.0,0.5183751269874788,0.031047593132689483,experience,tf,-2
3,time_residual_shifted_null,Z_time_resid,4874,1844,32,16,-0.002501112279787776,-0.0077458040323108435,-0.005114095053749838,-0.02136863674968481,-0.32297428404854833,0.008134490238611713,0.052060737527114966,0.05614246849886228,41.0,0.49566869298094457,-0.003313674654886682,experience,tf,-2
1,real_eeg_ridge,Z,4890,1903,32,16,0.02962068202350565,0.019577110186219215,0.050658164778751076,0.054940756410360336,-0.14964316348642637,0.015764582238570676,0.08985811875985286,0.07394132256979975,35.0,0.5395392273196107,0.061376368914240496,experience,tf,-1
1,shifted_null_ridge,Z,4890,1903,32,16,-0.0020352934407128487,-0.004673702409490943,-0.002172252005621014,0.0015725834527984262,-0.22607069764642151,0.011035207566999475,0.05937992643194955,0.05870798518726179,41.0,0.49366135687630514,-0.01659175087780186,experience,tf,-1
1,time_only_ridge,Z,4890,1903,32,16,0.05521506294280698,0.046809595078229904,0.14313569988624755,0.15910497307777405,0.01659788268223683,0.02259590120861797,0.11823436678928008,0.09044526711760707,30.0,0.6002062454665301,0.1623495595939435,experience,tf,-1
1,time_residual_eeg_ridge,Z_time_resid,4890,1903,32,16,0.02055663485225523,0.014410218223929405,0.028660555755582757,0.013088704086840153,-0.16207742624689692,0.015239096163951655,0.0767209668943773,0.06799279406425965,38.0,0.5221134414633612,0.03398024325367619,experience,tf,-1
1,time_residual_shifted_null,Z_time_resid,4890,1903,32,16,0.0023835402500935743,-0.0007172797304519918,0.009338977709012493,0.026698093861341476,-0.24034435357809336,0.011035207566999475,0.05307409353652128,0.05933071874909197,39.0,0.5061571244696915,0.003325146269553518,experience,tf,-1
2,real_eeg_ridge,Z,4930,1818,32,16,0.04108260970315314,0.03219611942768097,0.06005781653221566,0.06424770131707191,-0.16633697526272173,0.022002200220022004,0.09460946094609461,0.08098344111840516,34.0,0.5469686766581493,0.06608945617021163,experience,tf,-1
2,shifted_null_ridge,Z,4930,1818,32,16,0.0005304644073476084,0.004567801137454808,-0.006072123203765279,0.003679985413327813,-0.20599883605154612,0.010451045104510451,0.0594059405940594,0.06086350266046431,39.0,0.49696589931505747,-0.006616694104358586,experience,tf,-1
2,time_only_ridge,Z,4930,1818,32,16,0.04515523952431977,0.039066337049007416,0.12328246959815661,0.14885863661766052,0.013146534947204858,0.0231023102310231,0.10286028602860287,0.08744427596888392,30.0,0.5922424858715394,0.1385148650435736,experience,tf,-1
2,time_residual_eeg_ridge,Z_time_resid,4930,1818,32,16,0.03336265549296513,0.027925665490329266,0.04682672632976283,0.04522642679512501,-0.16594115367029816,0.022552255225522552,0.09515951595159516,0.07998527958917585,36.0,0.5403360101670526,0.047046821668142884,experience,tf,-1
2,time_residual_shifted_null,Z_time_resid,4930,1818,32,16,0.004106542013687431,0.0081667541526258,-0.013089168424567536,-0.016729719936847687,-0.24484494118398858,0.017051705170517052,0.06875687568756876,0.06829782455503222,39.0,0.4966202811790975,0.0022868456719612094,experience,tf,-1
3,real_eeg_ridge,Z,4885,1848,32,16,0.0205079329025466,0.011289464309811592,0.03564406297391149,0.03162235580384731,-0.23528110356461163,0.017316017316017316,0.08495670995670995,0.07282238128865878,36.0,0.5244086856160576,0.045585271812853295,experience,tf,-1
3,shifted_null_ridge,Z,4885,1848,32,16,0.0010527681624807883,0.0070170629769563675,-0.0011332816272533425,-0.005865986691787839,-0.24410334613404383,0.017316017316017316,0.06926406926406926,0.06614516144365487,39.0,0.49976307415391286,-0.014910437140185792,experience,tf,-1
3,time_only_ridge,Z,4885,1848,32,16,0.04978744072650443,0.026999483816325665,0.11569428312120153,0.13350015878677368,0.011565973056221868,0.022727272727272728,0.10173160173160173,0.08611529391043367,31.0,0.5832556844977901,0.12166636427734767,experience,tf,-1
3,time_residual_eeg_ridge,Z_time_resid,4885,1848,32,16,0.014007843229279615,0.011302142404019833,0.022310953266112068,0.011147788725793362,-0.22554772717242133,0.015151515151515152,0.08225108225108226,0.07144271887099891,38.0,0.5169369061306953,0.027609393114488612,experience,tf,-1
3,time_residual_shifted_null,Z_time_resid,4885,1848,32,16,-0.002057775347111601,-0.0038374318974092603,-0.0007033008533590633,0.0039415882201865315,-0.31285470320037767,0.01406926406926407,0.060064935064935064,0.062237740409759046,39.0,0.5055357885093299,0.0023525383148720372,experience,tf,-1
1,real_eeg_ridge,Z,4902,1906,32,16,0.029625010771269444,0.02643132582306862,0.048632606267400444,0.06922950595617294,-0.1612970161305467,0.018363064008394544,0.0776495278069255,0.07273543095133296,36.0,0.5412919436759405,0.06064376416071628,experience,tf,0
1,shifted_null_ridge,Z,4902,1906,32,16,-0.002393046332144877,-0.004808951693121344,-0.006572336783695058,-0.008938260842114687,-0.21899855407207114,0.011542497376705142,0.05666316894018888,0.05727094193414446,41.0,0.4890543970969647,-0.01667659327258923,experience,tf,0
1,time_only_ridge,Z,4902,1906,32,16,0.055932887371454854,0.04784952476620674,0.14201192434376986,0.15471046417951584,0.016367716372786556,0.024134312696747113,0.11280167890870933,0.09075273253077044,30.0,0.600598562201478,0.16188545611287122,experience,tf,0
1,time_residual_eeg_ridge,Z_time_resid,4902,1906,32,16,0.020727860788610997,0.01857692189514637,0.028305820985267217,0.0316889900714159,-0.17438735223169366,0.015739769150052464,0.07607555089192025,0.06893420467446133,37.5,0.5253635531866936,0.03538469874744176,experience,tf,0
1,time_residual_shifted_null,Z_time_resid,4902,1906,32,16,-4.664211155613884e-05,0.0029373797588050365,0.006744169493479919,0.01964594889432192,-0.23327814134656677,0.015739769150052464,0.05771248688352571,0.06143123854621319,40.0,0.50218680730027,0.0006954174874477803,experience,tf,0
2,real_eeg_ridge,Z,4939,1824,32,16,0.040160639786336105,0.034721242263913155,0.0595177918685135,0.06346622109413147,-0.1699038249483671,0.01864035087719298,0.09100877192982457,0.07786540189756863,34.0,0.5473907080290265,0.06379003895540898,experience,tf,0
2,shifted_null_ridge,Z,4939,1824,32,16,-0.0028835316370532382,-0.0073482266161590815,-0.012126600707823966,-0.016809141263365746,-0.210434940785015,0.013157894736842105,0.06359649122807018,0.0635830591555178,40.0,0.4923217557611235,-0.013428721915262365,experience,tf,0
2,time_only_ridge,Z,4939,1824,32,16,0.04500952709076955,0.0396431852132082,0.12107296605120753,0.14569751173257828,0.012712870506156548,0.023574561403508772,0.1025219298245614,0.08725501767230522,30.0,0.5906835393164673,0.13568020977488118,experience,tf,0
2,time_residual_eeg_ridge,Z_time_resid,4939,1824,32,16,0.03279216810915386,0.026697947643697262,0.044554009218764054,0.042450206354260445,-0.17023532000958608,0.018092105263157895,0.08991228070175439,0.07672249326193441,35.0,0.5385035606741055,0.04299730033663061,experience,tf,0
2,time_residual_shifted_null,Z_time_resid,4939,1824,32,16,0.002813370374497026,-0.0006759796815458685,-0.01120778744566371,-0.020666614174842834,-0.2566265270255268,0.013706140350877192,0.07017543859649122,0.06583024932193277,39.0,0.49638794279719983,-0.00043010546711641447,experience,tf,0
3,real_eeg_ridge,Z,4896,1852,32,16,0.015596066243233508,0.006870769429951906,0.04175140240896634,0.04897851683199406,-0.22106021241162033,0.022138228941684664,0.08207343412526998,0.07480941491173156,37.0,0.530909098849542,0.05464992366061141,experience,tf,0
3,shifted_null_ridge,Z,4896,1852,32,16,-0.0016931836855746951,-0.00022952852668822743,-0.012643491650677853,-0.016639466397464275,-0.25042686316379115,0.014038876889848811,0.058855291576673865,0.06110019972655576,41.0,0.4885555607777938,-0.026521137404770523,experience,tf,0
3,time_only_ridge,Z,4896,1852,32,16,0.050952543646417325,0.031241387128829956,0.11391769372047222,0.12926410883665085,0.011533477432319361,0.02159827213822894,0.10043196544276457,0.08495499621768528,30.0,0.5828216583687664,0.12098094636135863,experience,tf,0
3,time_residual_eeg_ridge,Z_time_resid,4896,1852,32,16,0.009494717669440433,0.0066696228459477425,0.026514416094115065,0.022135868668556213,-0.21665263220862108,0.01511879049676026,0.08207343412526998,0.06851833885973528,38.0,0.5202724631629152,0.03428362276090554,experience,tf,0
3,time_residual_shifted_null,Z_time_resid,4896,1852,32,16,-0.003182351814757567,-0.004691034904681146,-0.0056719839246337,-0.014688795432448387,-0.3253692577113787,0.0091792656587473,0.06101511879049676,0.05800573455827591,40.0,0.4989361237854098,-0.005576073905257645,experience,tf,0
1,real_eeg_ridge,Z,4890,1903,32,16,0.028904814023917424,0.030056893825531006,0.04447850819153811,0.055864717811346054,-0.17285935180231893,0.01839201261166579,0.07461902259590121,0.07265836548080744,36.0,0.5369897436301474,0.05501998527406291,experience,tf,1
1,shifted_null_ridge,Z,4890,1903,32,16,-0.006761993536201771,-0.00909082731232047,-0.018013413924939443,-0.016254397109150887,-0.2287792873071306,0.013662637940094587,0.046242774566473986,0.056102126819342575,42.0,0.48051485053490595,-0.028103821839021926,experience,tf,1
1,time_only_ridge,Z,4890,1903,32,16,0.056548749373178,0.05649030767381191,0.14052901805717527,0.1536129117012024,0.016459177340730546,0.023646873357856018,0.11403047819232791,0.09003270071094696,30.0,0.5982640252700575,0.16086338313279858,experience,tf,1
1,time_residual_eeg_ridge,Z_time_resid,4890,1903,32,16,0.020375383282953408,0.02126135677099228,0.02391420065036545,0.02147492952644825,-0.1862008794370258,0.0162900683131897,0.06936416184971098,0.06762158872608413,38.0,0.5202622146716452,0.029240464644009607,experience,tf,1
1,time_residual_shifted_null,Z_time_resid,4890,1903,32,16,-0.0017687863728497177,-0.003541060257703066,0.012363151460950236,0.01930427923798561,-0.22071052794501722,0.010509721492380452,0.057803468208092484,0.059155464892632514,40.0,0.5054778876786484,0.00344930458840014,experience,tf,1
2,real_eeg_ridge,Z,4930,1818,32,16,0.03541702032453031,0.025587309151887894,0.05801248276641325,0.06752440333366394,-0.17568826451838748,0.014301430143014302,0.08800880088008801,0.07417604302192878,34.0,0.5453288482779345,0.0613592351639581,experience,tf,1
2,shifted_null_ridge,Z,4930,1818,32,16,0.0019067534085479565,0.0044262397568672895,-0.011179908184045583,-0.022517677396535873,-0.20867631161527855,0.013751375137513752,0.057755775577557754,0.06157691212424246,40.0,0.49209279792338717,-0.006958179496438277,experience,tf,1
2,time_only_ridge,Z,4930,1818,32,16,0.04427534381102305,0.04056941717863083,0.11817447109003204,0.14035313576459885,0.011458486463745365,0.022552255225522552,0.10561056105610561,0.08653437312254787,30.0,0.5886659268678138,0.13113061638655268,experience,tf,1
2,time_residual_eeg_ridge,Z_time_resid,4930,1818,32,16,0.02779923276284535,0.022656443528831005,0.03887823550935081,0.047784604132175446,-0.17659800599067665,0.01485148514851485,0.08195819581958196,0.0717372730296254,36.0,0.5338246648472705,0.03732831082933697,experience,tf,1
2,time_residual_shifted_null,Z_time_resid,4930,1818,32,16,-0.0003454475463513518,0.0007104333199094981,-0.013868817471363697,-0.026110036298632622,-0.26470538991425263,0.010451045104510451,0.06105610561056106,0.061520381678388046,39.0,0.49526607199225026,-0.005934889317666985,experience,tf,1
3,real_eeg_ridge,Z,4885,1848,32,16,0.013525835049222223,0.006793853128328919,0.04633256380853331,0.06546604260802269,-0.20385256227439963,0.016774891774891776,0.07846320346320346,0.07219570528911748,35.0,0.5388764355936495,0.057279744347834005,experience,tf,1
3,shifted_null_ridge,Z,4885,1848,32,16,-0.0033857462206015043,-0.003946717479266226,-0.009095712174578524,-0.021802732720971107,-0.24304648315222677,0.016233766233766232,0.06926406926406926,0.06594980866667717,41.0,0.4905832051754418,-0.022235745954772564,experience,tf,1
3,time_only_ridge,Z,4885,1848,32,16,0.05223419628055126,0.032549794763326645,0.1140620926340111,0.12924786657094955,0.01074419228618495,0.020562770562770564,0.09740259740259741,0.0831152494914572,30.0,0.582506862930746,0.11783728016583517,experience,tf,1
3,time_residual_eeg_ridge,Z_time_resid,4885,1848,32,16,0.00760625334805809,0.004413416143506765,0.027826893785246498,0.035155778750777245,-0.20368414399105905,0.017316017316017316,0.06764069264069264,0.06854512699454583,38.0,0.5241747147557086,0.03421542912419728,experience,tf,1
3,time_residual_shifted_null,Z_time_resid,4885,1848,32,16,-0.003490953658683793,0.0005792643387394492,-0.000903524332575236,0.0005097620305605233,-0.30730933814856076,0.00974025974025974,0.05844155844155844,0.058200531981435426,40.0,0.5046337487804363,-0.0034325157056950203,experience,tf,1
1,real_eeg_ridge,Z,4878,1900,32,16,0.028151710265774454,0.02798537164926529,0.033950446469392964,0.05177371762692928,-0.1912268736527416,0.01368421052631579,0.08315789473684211,0.06983654710043041,37.0,0.5297685439827454,0.045006791020104096,experience,tf,2
1,shifted_null_ridge,Z,4878,1900,32,16,-0.004507629684667336,-0.003154355799779296,-0.017299422363346247,-0.012322077061980963,-0.2382737811635418,0.011052631578947368,0.05105263157894737,0.0570485060828816,41.0,0.48608719483654494,-0.024777437264119514,experience,tf,2
1,time_only_ridge,Z,4878,1900,32,16,0.05642609806091059,0.05306150205433369,0.1375326825634693,0.1512138545513153,0.016323816017425608,0.022105263157894735,0.11368421052631579,0.08937214540982752,30.0,0.5973589810033948,0.15785357324179128,experience,tf,2
1,time_residual_eeg_ridge,Z_time_resid,4878,1900,32,16,0.01987990800080297,0.021821982227265835,0.014377922318377196,0.02169918641448021,-0.20428752397232985,0.01263157894736842,0.07578947368421053,0.06696046132590848,38.0,0.5157155527529275,0.020263698709393062,experience,tf,2
1,time_residual_shifted_null,Z_time_resid,4878,1900,32,16,-0.0011201733223060728,0.00035383841895963997,0.00743593881521328,-0.0029057638021185994,-0.20512808729910725,0.01263157894736842,0.05894736842105263,0.06053738358349082,40.0,0.49953604968153814,-0.0018868741332349656,experience,tf,2
2,real_eeg_ridge,Z,4921,1812,32,16,0.03541011941706529,0.027316387742757797,0.04748873696640481,0.05791051685810089,-0.18819975423265967,0.01434878587196468,0.08167770419426049,0.07056464118960641,34.0,0.536357787426362,0.05536306862875917,experience,tf,2
2,shifted_null_ridge,Z,4921,1812,32,16,-0.00022832796958027757,0.0014516699011437595,-0.014468856931243682,-0.024962276220321655,-0.23501624549917088,0.016556291390728478,0.06622516556291391,0.06495498969053647,40.5,0.48749894401726085,-0.006698807836659797,experience,tf,2
2,time_only_ridge,Z,4921,1812,32,16,0.04555819149936724,0.038200533017516136,0.11539465462419585,0.1434054970741272,0.01021158802002764,0.024282560706401765,0.10485651214128035,0.08783951344017912,30.0,0.5887979889025621,0.12848270921863345,experience,tf,2
2,time_residual_eeg_ridge,Z_time_resid,4921,1812,32,16,0.027889706481801113,0.022865083068609238,0.027896425816065426,0.030688732862472534,-0.19167890694961676,0.017108167770419427,0.0772626931567329,0.07067393839424983,36.0,0.5251099703254658,0.030110589856242088,experience,tf,2
2,time_residual_shifted_null,Z_time_resid,4921,1812,32,16,0.00022673254716210067,0.007198781706392765,-0.003212543313501883,0.0034318065736442804,-0.2562536968683602,0.012141280353200883,0.06622516556291391,0.06414628863924905,39.0,0.5004872825072295,-0.000519531053934613,experience,tf,2
3,real_eeg_ridge,Z,4874,1844,32,16,0.011976023604802322,0.016812325920909643,0.03620818728037378,0.052841005846858025,-0.21510424842934972,0.0113882863340564,0.07212581344902386,0.06738865927139774,35.0,0.5353486972912023,0.047338722710374544,experience,tf,2
3,shifted_null_ridge,Z,4874,1844,32,16,-0.0005920712119404925,-0.004108102701138705,0.0041498328952838835,-0.000490860576974228,-0.23189445564299893,0.013557483731019523,0.06453362255965293,0.0639744935536877,41.0,0.49849854275427846,-0.007649233781910752,experience,tf,2
3,time_only_ridge,Z,4874,1844,32,16,0.0522886811340868,0.03460509330034256,0.11437554994811165,0.126551553606987,0.010331829232156697,0.020065075921908895,0.10249457700650759,0.0833203539382456,30.0,0.5823870337536123,0.11707578695093608,experience,tf,2
3,time_residual_eeg_ridge,Z_time_resid,4874,1844,32,16,0.006632075528614223,0.01259530708193779,0.018502506032923728,0.04280594922602177,-0.21727782410846475,0.014642082429501085,0.07212581344902386,0.06669895601166043,36.0,0.5239400983070076,0.024747321327435467,experience,tf,2
3,time_residual_shifted_null,Z_time_resid,4874,1844,32,16,-0.007683181476750178,-0.004539447487331927,-0.002634412123593501,-0.009627495892345905,-0.2842168161051115,0.009219088937093275,0.05802603036876356,0.05811290570124564,41.0,0.5002020520491497,-0.009199210494590786,experience,tf,2
1,real_eeg_ridge,Z,4864,1897,32,16,0.0290280150104536,0.025311953388154507,0.03436815555216453,0.05963297188282013,-0.20569209439995828,0.01686874011597259,0.07327358987875593,0.07086808225335471,36.0,0.5342248658627782,0.045942950449849675,experience,tf,3
1,shifted_null_ridge,Z,4864,1897,32,16,-0.0005235421704128385,0.005249618552625179,-0.017632910951554368,-0.022179726511240005,-0.24809919027454752,0.0158144438587243,0.05376910911966262,0.061547383948873276,41.0,0.48628243427990686,-0.02381285151160319,experience,tf,3
1,time_only_ridge,Z,4864,1897,32,16,0.056227804292575456,0.0530695877969265,0.13855997434384057,0.15005740523338318,0.01660504782044603,0.02161307327358988,0.11228255139694254,0.08906322710797211,30.0,0.5980742771244855,0.15844111422541293,experience,tf,3
1,time_residual_eeg_ridge,Z_time_resid,4864,1897,32,16,0.021030332090958836,0.01858191192150116,0.014514021409511503,0.02577073499560356,-0.216801440354494,0.010015814443858724,0.07063784923563521,0.06384272197902183,38.0,0.5196595069119165,0.02116082378040444,experience,tf,3
1,time_residual_shifted_null,Z_time_resid,4864,1897,32,16,0.0034796000509231817,0.0004409959656186402,0.01764065774789612,0.01787598617374897,-0.1984269385135231,0.011597258829731154,0.06220347917764892,0.0609536012594476,40.0,0.5079934472037795,0.010024964929167985,experience,tf,3
2,real_eeg_ridge,Z,4910,1806,32,16,0.037847711755603086,0.03352036140859127,0.045200171590320394,0.05790361575782299,-0.18091693640695672,0.01107419712070875,0.07364341085271318,0.06814389134617843,34.0,0.5371354395182775,0.05564666141653623,experience,tf,3
2,shifted_null_ridge,Z,4910,1806,32,16,-0.0026829202711269318,-0.0013391757966019213,-0.021653291991552654,-0.02308961469680071,-0.25968920665368955,0.010520487264673311,0.06090808416389812,0.06025814688712624,41.0,0.4830075224595558,-0.007204808114702577,experience,tf,3
2,time_only_ridge,Z,4910,1806,32,16,0.04588811796929804,0.039455559104681015,0.11275696599460748,0.14241674542427063,0.008896196877373974,0.02159468438538206,0.10575858250276855,0.0867530117933459,29.0,0.588461140573276,0.12661345201878857,experience,tf,3
2,time_residual_eeg_ridge,Z_time_resid,4910,1806,32,16,0.030454154755716445,0.02859235741198063,0.02673195878705198,0.030140883289277554,-0.18433516470887623,0.013842746400885935,0.06755260243632337,0.06719752422334425,36.0,0.5223733805152854,0.031946710514272385,experience,tf,3
2,time_residual_shifted_null,Z_time_resid,4910,1806,32,16,-0.0034512795391492546,-0.0010363282344769686,0.0009903733965257236,0.012094107922166586,-0.2527919452330847,0.01273532668881506,0.06312292358803986,0.06284718639179034,39.0,0.5010192274970855,0.004253819006747292,experience,tf,3
3,real_eeg_ridge,Z,4862,1839,32,16,0.015205809213512111,0.014417246449738741,0.025050101672851086,0.023759545758366585,-0.22810858754538388,0.010875475802066341,0.0636215334420881,0.06458096231419726,37.0,0.5245878617915612,0.03891098108662969,experience,tf,3
3,shifted_null_ridge,Z,4862,1839,32,16,-0.002347857938730158,-0.004216521745547652,-0.0020469938842293907,0.006855749059468508,-0.2591090561794147,0.009787928221859706,0.057640021750951606,0.0588595055776347,40.0,0.4964683718029976,-0.018286681666124724,experience,tf,3
3,time_only_ridge,Z,4862,1839,32,16,0.05200178977975156,0.033009644597768784,0.11399596586926554,0.1208343431353569,0.01017895517107803,0.02011963023382273,0.10386079390973355,0.08430654879327036,31.0,0.5809402845530907,0.1150243367381889,experience,tf,3
3,time_residual_eeg_ridge,Z_time_resid,4862,1839,32,16,0.009817424237553496,0.012014082167297602,0.006160379024107281,-0.0011749949771910906,-0.22931848323523085,0.010331702011963024,0.06199021207177814,0.06201853462807967,39.0,0.511989307756388,0.016315235884666827,experience,tf,3
3,time_residual_shifted_null,Z_time_resid,4862,1839,32,16,-0.009726274418426328,-0.009151783771812916,0.0010203895718637903,0.002153470879420638,-0.27894928963752763,0.013594344752582926,0.06307775965198477,0.06300010914530677,40.0,0.5005583058901956,-0.004885666488802398,experience,tf,3
1,real_eeg_ridge,Z,4850,1894,32,16,0.029313316389561805,0.029011082835495472,0.0323021260881631,0.04732942581176758,-0.21594312510606328,0.015311510031678986,0.073389651531151,0.07039037832081074,37.0,0.5323225831225843,0.044723236870017224,experience,tf,4
1,shifted_null_ridge,Z,4850,1894,32,16,-0.0034200854279333726,-0.0031189670553430915,-0.012259133388634677,-0.014423327054828405,-0.25386041942320214,0.013199577613516367,0.05966209081309398,0.06228478619660468,41.0,0.48959638455974336,-0.022304096613081026,experience,tf,4
1,time_only_ridge,Z,4850,1894,32,16,0.05543349882645998,0.0477218646556139,0.14077489139875934,0.1535884365439415,0.01716954571660334,0.023231256599788808,0.11246040126715945,0.09030101832023668,29.0,0.6021699116964772,0.1600502663418215,experience,tf,4
1,time_residual_eeg_ridge,Z_time_resid,4850,1894,32,16,0.021156405986403115,0.026315542869269848,0.01209419294741685,0.027628012001514435,-0.22552858861220781,0.012143611404435059,0.06863780359028511,0.06536708659102601,38.0,0.5203383192558078,0.01918505083999847,experience,tf,4
1,time_residual_shifted_null,Z_time_resid,4850,1894,32,16,0.004190293280089463,0.005892885848879814,0.013857491362815106,0.017421924509108067,-0.19287470799830908,0.013199577613516367,0.056494192185850056,0.060532643630655546,39.0,0.504926081423992,0.004582253632106815,experience,tf,4
2,real_eeg_ridge,Z,4899,1800,32,16,0.03851165909145493,0.03786532208323479,0.04849778341287422,0.0532706193625927,-0.1843544012554006,0.015,0.08055555555555556,0.07211065595971373,35.0,0.5380818375551139,0.05710999050079379,experience,tf,4
2,shifted_null_ridge,Z,4899,1800,32,16,-0.0033657174526524614,0.00018970896780956537,-0.025643814092472895,-0.039736127480864525,-0.26181628120015943,0.013888888888888888,0.06277777777777778,0.06325969976368831,41.5,0.4819676381205557,-0.010504430228680217,experience,tf,4
2,time_only_ridge,Z,4899,1800,32,16,0.045998621797480155,0.03551215399056673,0.11234143789994075,0.1410626322031021,0.008072324119077767,0.02277777777777778,0.10666666666666667,0.08744175480014449,30.0,0.5879380984521518,0.12509885166110554,experience,tf,4
2,time_residual_eeg_ridge,Z_time_resid,4899,1800,32,16,0.030531406262525707,0.03360369987785816,0.02835196492084328,0.032550813630223274,-0.18833823084428825,0.015,0.07055555555555555,0.06865628510639091,36.0,0.5240731314151643,0.03291984562901119,experience,tf,4
2,time_residual_shifted_null,Z_time_resid,4899,1800,32,16,-0.004870037742875866,-0.006766603793948889,0.012870974459673461,0.013603461906313896,-0.2516148648268208,0.018333333333333333,0.06222222222222222,0.06606974356074381,39.0,0.5057038979139589,0.013207339682296976,experience,tf,4
3,real_eeg_ridge,Z,4850,1834,32,16,0.01795538651640527,0.019986567087471485,0.018673160644935894,0.0260113338008523,-0.25258973078527425,0.014176663031624863,0.064340239912759,0.06686446400470714,37.0,0.5217628585281449,0.0323727280605853,experience,tf,4
3,shifted_null_ridge,Z,4850,1834,32,16,0.000158595314132981,0.0035010376013815403,0.0011710494290799285,0.004486778983846307,-0.24446085756447355,0.007633587786259542,0.059432933478735,0.05734319344143509,40.0,0.4965682825422856,-0.011937998623553764,experience,tf,4
3,time_only_ridge,Z,4850,1834,32,16,0.05080903003545245,0.031638131476938725,0.11296012514139081,0.12271121516823769,0.010195193860228158,0.019629225736095966,0.10141766630316248,0.08340774925022672,31.0,0.5808552806619611,0.11456539042839081,experience,tf,4
3,time_residual_eeg_ridge,Z_time_resid,4850,1834,32,16,0.012270154220459517,0.01835029013454914,0.0011327581392326154,0.00793846184387803,-0.254214977080216,0.014176663031624863,0.06270447110141766,0.0640483074509495,38.0,0.5116417517221222,0.011043904726920491,experience,tf,4
3,time_residual_shifted_null,Z_time_resid,4850,1834,32,16,-0.01185799810627941,-0.010905821807682514,-0.003411260136537586,-0.00760050187818706,-0.27826913623303384,0.010359869138495093,0.06924754634678298,0.06093212900461434,40.0,0.4956180626709686,-0.008608972693623831,experience,tf,4
1,real_eeg_ridge,Z,4836,1891,32,16,0.027844955227919854,0.02696425374597311,0.01675698694992705,0.02405931055545807,-0.22575135953202263,0.014806980433632998,0.07667900581702802,0.06795403428040386,38.0,0.519770380103155,0.02804770888352498,experience,tf,5
1,shifted_null_ridge,Z,4836,1891,32,16,-0.0034816906483285948,0.0008641248909952992,-0.02247549938078931,-0.03728236258029938,-0.2652676023896212,0.011634056054997356,0.0597567424643046,0.060367687876655425,42.0,0.4837301318152754,-0.03306634853130014,experience,tf,5
1,time_only_ridge,Z,4836,1891,32,16,0.05484466516645625,0.05184431001543999,0.14000727358447448,0.15793028473854065,0.0167838437192801,0.022739291380222106,0.11422527763088314,0.09118595490823517,29.0,0.6029976589084552,0.158800432129898,experience,tf,5
1,time_residual_eeg_ridge,Z_time_resid,4836,1891,32,16,0.019935451775381807,0.024599081836640835,-0.0033272837270301187,0.0028945468366146088,-0.23442552676329265,0.013749338974087784,0.06874669487043893,0.06412154112291689,39.0,0.5069698023512734,0.0019195967979358083,experience,tf,5
1,time_residual_shifted_null,Z_time_resid,4836,1891,32,16,0.005981507945705289,0.004619257291778922,0.015108215138704617,0.009868266060948372,-0.18692855964432842,0.01269169751454257,0.060285563194077206,0.061319474807979814,39.0,0.5079099117373957,0.004719877802060364,experience,tf,5
2,real_eeg_ridge,Z,4888,1794,32,16,0.03972519219314563,0.03045546915382147,0.058628332568137875,0.0727224200963974,-0.17743438459455763,0.021181716833890748,0.08918617614269789,0.07855662116377952,35.0,0.5430718983295728,0.06293762194663488,experience,tf,5
2,shifted_null_ridge,Z,4888,1794,32,16,-0.003005489917995874,-0.015130394138395786,-0.02346413765219949,-0.0320010781288147,-0.2543509962920645,0.014492753623188406,0.06465997770345597,0.06317903067435306,41.0,0.4813750541296212,-0.008938380749111794,experience,tf,5
2,time_only_ridge,Z,4888,1794,32,16,0.04579401978025999,0.03302691411226988,0.11113814161489038,0.14113542437553406,0.007424443104044887,0.023968784838350056,0.10535117056856187,0.08831555488934986,30.0,0.588444850586506,0.12294413369051087,experience,tf,5
2,time_residual_eeg_ridge,Z_time_resid,4888,1794,32,16,0.03153940684569534,0.027542946860194206,0.03435677619730744,0.045474300161004066,-0.18143930352964577,0.017837235228539576,0.07971014492753623,0.0731002294195867,36.0,0.5259302126301207,0.035523445365207316,experience,tf,5
2,time_residual_shifted_null,Z_time_resid,4888,1794,32,16,-0.008460786804789677,-0.014936239924281836,0.0194881161743853,0.03714479319751263,-0.23290976629624294,0.008361204013377926,0.057971014492753624,0.05980530244256018,38.0,0.5101230637043833,0.010878905169368963,experience,tf,5
3,real_eeg_ridge,Z,4838,1829,32,16,0.0180830828321632,0.01796310767531395,0.02161283458625957,0.029967928305268288,-0.26513944396889366,0.015855658829961726,0.06943685073810825,0.06805918278880732,36.0,0.5238379013527278,0.030483405160220644,experience,tf,5
3,shifted_null_ridge,Z,4838,1829,32,16,-0.004045459758344805,-0.005550317233428359,0.008826575644328673,0.013925252482295036,-0.24984951365516794,0.009841443411700382,0.056314926189174414,0.059137472232594565,40.0,0.49758070778757324,-3.1328148019140376e-06,experience,tf,5
3,time_only_ridge,Z,4838,1829,32,16,0.050421110485331155,0.032573508098721504,0.11169179247581731,0.12370694428682327,0.009807424453170621,0.02241662110442865,0.09786768726079825,0.08399797343006271,31.0,0.5794293322182597,0.11099841525288902,experience,tf,5
3,time_residual_eeg_ridge,Z_time_resid,4838,1829,32,16,0.012685999958193861,0.016500108875334263,0.004329558360490645,0.018313782289624214,-0.2638490850160373,0.014215418261344996,0.06396938217605248,0.06462244389443006,38.0,0.511717317352034,0.011524421944925216,experience,tf,5
3,time_residual_shifted_null,Z_time_resid,4838,1829,32,16,-0.011731213198117985,-0.013248249422758818,-0.008007106280061628,-0.0030558696016669273,-0.26903028567190335,0.010934937124111536,0.06068890103881903,0.06094324919889667,40.0,0.4915941465830636,-0.017433171448040057,experience,tf,5
1,real_eeg_ridge,Z,4822,1888,32,16,0.027974348100542556,0.031066090799868107,0.020818154004700773,0.02437890600413084,-0.2086496993780831,0.010063559322033898,0.0704449152542373,0.06404142041492317,38.0,0.5190177762705276,0.031857804762251064,experience,tf,6
1,shifted_null_ridge,Z,4822,1888,32,16,-0.0026559939833532553,0.0031860024319030344,-0.01389402718413394,-0.03615439496934414,-0.25954859815051967,0.01059322033898305,0.055614406779661014,0.05753986438640059,41.0,0.4893284199970441,-0.022841752380345703,experience,tf,6
1,time_only_ridge,Z,4822,1888,32,16,0.05540366880930492,0.03973248042166233,0.1366803391742135,0.15337983518838882,0.0163549425076136,0.023305084745762712,0.10805084745762712,0.0910610307430405,30.0,0.6018388808405025,0.15670111268441347,experience,tf,6
1,time_residual_eeg_ridge,Z_time_resid,4822,1888,32,16,0.019539168948540464,0.022662987932562828,0.004774179041305615,0.011236798949539661,-0.2153233237547474,0.011122881355932203,0.0704449152542373,0.06281816082969312,39.0,0.5106371456096974,0.009677619527656325,experience,tf,6
1,time_residual_shifted_null,Z_time_resid,4822,1888,32,16,0.009133333016507095,0.010968274902552366,0.011115639725191567,0.023004365153610706,-0.18590175413392251,0.019067796610169493,0.0725635593220339,0.06752903973564664,40.0,0.5043212716527751,0.00028520065624497724,experience,tf,6
2,real_eeg_ridge,Z,4877,1788,32,16,0.042979217589163454,0.036027127876877785,0.06589052820464618,0.06768948584794998,-0.15969185310345946,0.018456375838926176,0.09172259507829977,0.07941085073096911,34.0,0.5468058951391749,0.06431092823473142,experience,tf,6
2,shifted_null_ridge,Z,4877,1788,32,16,0.0018023423399426974,-0.0040549683617427945,-0.014035341369914791,-0.0199271347373724,-0.24534738290746905,0.012863534675615212,0.07158836689038031,0.06376274697365608,40.0,0.4916550062378833,-0.0031216423285830644,experience,tf,6
2,time_only_ridge,Z,4877,1788,32,16,0.04583578985693748,0.02787371352314949,0.10896630665922581,0.13971679657697678,0.006552500781032422,0.024608501118568233,0.10514541387024609,0.08893063551168337,30.0,0.5878495905744482,0.11991705140084087,experience,tf,6
2,time_residual_eeg_ridge,Z_time_resid,4877,1788,32,16,0.03418727542793931,0.029630405828356743,0.041585133506310164,0.044451816007494926,-0.1635427207176079,0.017337807606263984,0.08333333333333333,0.07367703059783863,36.0,0.5293872605248293,0.037574053103474926,experience,tf,6
2,time_residual_shifted_null,Z_time_resid,4877,1788,32,16,-0.0018599258874019142,-0.0058747094590216875,0.035516287949234684,0.051886534318327904,-0.20847590377584124,0.017897091722595078,0.07550335570469799,0.06977218484655576,36.0,0.523111675644032,0.025001747153843054,experience,tf,6
3,real_eeg_ridge,Z,4826,1824,32,16,0.01707712390634697,0.02137946430593729,0.03620118025318924,0.05382226221263409,-0.26501686669909064,0.01918859649122807,0.07236842105263158,0.07144656846303955,35.0,0.532703826436422,0.04269929553617697,experience,tf,6
3,shifted_null_ridge,Z,4826,1824,32,16,-0.0028203027322888374,0.00282984075602144,0.014640028903123062,0.024936494417488575,-0.24750300294029293,0.00932017543859649,0.06304824561403509,0.060902913366194626,39.0,0.506677750660089,0.00858272489901304,experience,tf,6
3,time_only_ridge,Z,4826,1824,32,16,0.05074194658845954,0.03286669123917818,0.1092601012436609,0.1176488921046257,0.009106112102200581,0.021929824561403508,0.10307017543859649,0.08382572812031074,31.0,0.5772627958170825,0.10827308860885658,experience,tf,6
3,time_residual_eeg_ridge,Z_time_resid,4826,1824,32,16,0.011625651073700283,0.016165662556886673,0.020219066307905258,0.03553928807377815,-0.25993178333847466,0.013157894736842105,0.06962719298245613,0.06648968164172138,37.0,0.52220011315226,0.025942525645157977,experience,tf,6
3,time_residual_shifted_null,Z_time_resid,4826,1824,32,16,-0.00936904445188702,-0.017444152384996414,-0.006941967764800083,-0.01631244085729122,-0.26209895806217753,0.013157894736842105,0.06030701754385965,0.06366859890328094,40.0,0.49375160334962365,-0.011248823016496564,experience,tf,6
1,real_eeg_ridge,Z,4801,1827,32,16,0.03620944748945476,0.032318757846951485,0.03269993692638274,0.034767843782901764,-0.18575984915536115,0.012588943623426382,0.07443897099069513,0.06801513729890181,36.0,0.5285788851446342,0.04103483519043357,experience,tf,7
1,shifted_null_ridge,Z,4801,1827,32,16,-0.016877613285032567,-0.023567382246255875,-0.016750609132836925,-0.01081936713308096,-0.2799752997488094,0.013136288998357963,0.05856595511767926,0.06032926397565808,39.0,0.4919507177955775,-0.023981088197436495,experience,tf,7
1,time_only_ridge,Z,4801,1827,32,16,0.048769482964416966,0.038018032908439636,0.13830044486011112,0.1580248326063156,0.01666233900396752,0.022988505747126436,0.120415982484948,0.09438475846313751,29.0,0.6036294252787081,0.1578343000782416,experience,tf,7
1,time_residual_eeg_ridge,Z_time_resid,4801,1827,32,16,0.027554968582990114,0.019615900702774525,0.01821126426342257,0.01909279264509678,-0.19085046792930105,0.013136288998357963,0.06841817186644773,0.06644123122462804,37.0,0.5152443756071284,0.0209406302856648,experience,tf,7
1,time_residual_shifted_null,Z_time_resid,4801,1827,32,16,0.016676360054589168,0.017140247859060764,0.03081091782268668,0.04595496132969856,-0.18861311928541147,0.014778325123152709,0.07443897099069513,0.06937233433640097,36.0,0.5276124113119977,0.02501893250071772,experience,tf,7
2,real_eeg_ridge,Z,4955,1718,32,16,0.03516102166395285,0.03222868591547012,0.05299916636749119,0.0513001624494791,-0.20837212149683837,0.023282887077997673,0.08963911525029103,0.08156929124781451,34.0,0.5367151492079807,0.049706455581969226,experience,tf,7
2,shifted_null_ridge,Z,4955,1718,32,16,0.007338107039686292,0.0057687414810061455,-0.00853164049694939,-0.014814969152212143,-0.27098592136610633,0.017462165308498253,0.07566938300349244,0.06949350099527545,39.0,0.49148549336301217,-0.012091423974552984,experience,tf,7
2,time_only_ridge,Z,4955,1718,32,16,0.038131919884108356,0.020832102745771408,0.11226611750046604,0.1485881432890892,0.002080531657906448,0.02852153667054715,0.11117578579743888,0.0947480630106841,28.0,0.5879954958969418,0.11958259306899958,experience,tf,7
2,time_residual_eeg_ridge,Z_time_resid,4955,1718,32,16,0.026236366647026443,0.02667897380888462,0.03604147100468232,0.047698406502604485,-0.20669012080801874,0.013969732246798603,0.08556461001164144,0.07316073590271255,34.0,0.5273406792897488,0.02948305880598737,experience,tf,7
2,time_residual_shifted_null,Z_time_resid,4955,1718,32,16,0.002366340849903281,-0.0003051874264201615,0.02902591287735458,0.015078095719218254,-0.18863515925016694,0.018044237485448197,0.08032596041909197,0.07434890146309756,37.0,0.5138706200326325,0.02695569301776923,experience,tf,7
3,real_eeg_ridge,Z,4804,1794,32,16,0.020810025072933058,0.021108733490109444,0.032732741671747764,0.04194839671254158,-0.18189286319215836,0.016164994425863992,0.07915273132664437,0.0727212115414642,36.0,0.5329240746527325,0.03798451192474797,experience,tf,7
3,shifted_null_ridge,Z,4804,1794,32,16,-0.0007915724527265411,0.003226189990527928,0.009266748947137863,0.019818314351141453,-0.23178856534770853,0.00947603121516165,0.06020066889632107,0.060946758824974426,40.0,0.4981134257479781,0.00438079901261764,experience,tf,7
3,time_only_ridge,Z,4804,1794,32,16,0.05099697622063104,0.029215584509074688,0.12687283865606827,0.13525551557540894,0.014805507073474278,0.02564102564102564,0.10925306577480491,0.09270555955073664,29.0,0.5926020605261463,0.12994490411619367,experience,tf,7
3,time_residual_eeg_ridge,Z_time_resid,4804,1794,32,16,0.010957501797747682,0.017851446755230427,0.014226097197825506,0.013649860862642527,-0.18496364670072918,0.015050167224080268,0.06911928651059086,0.06818666736928183,38.0,0.5165085340992002,0.01687067349912465,experience,tf,7
3,time_residual_shifted_null,Z_time_resid,4804,1794,32,16,-4.841494592255913e-05,0.005652624822687358,-0.012004651677935699,-0.01849363185465336,-0.21391835524823066,0.015050167224080268,0.06521739130434782,0.06545532358191253,40.0,0.4914681410323076,-0.016590173139097105,experience,tf,7
1,real_eeg_ridge,Z,4788,1824,32,16,0.035682988602275145,0.025303347036242485,0.029132681763385654,0.024047208949923515,-0.18560877949499632,0.015350877192982455,0.07894736842105263,0.06981694156605729,36.0,0.5264937635434844,0.037579392154186396,experience,tf,8
1,shifted_null_ridge,Z,4788,1824,32,16,-0.013020613117987523,-0.005415605381131172,-0.01847124642701378,-0.020781737752258778,-0.2905795130767257,0.00932017543859649,0.05537280701754386,0.05916455229695446,39.0,0.4937145250608458,-0.02433272478216586,experience,tf,8
1,time_only_ridge,Z,4788,1824,32,16,0.04931356631277595,0.038607282564044,0.13771463538355339,0.14795104414224625,0.016536887965197367,0.023574561403508772,0.11513157894736842,0.09351071662175987,29.0,0.601303662133024,0.15734360539767486,experience,tf,8
1,time_residual_eeg_ridge,Z_time_resid,4788,1824,32,16,0.027099019802335533,0.0167042538523674,0.013015673093138858,0.017358585260808468,-0.19103372351128955,0.01206140350877193,0.07182017543859649,0.06477757000912338,38.0,0.5099323265417404,0.014882127814677,experience,tf,8
1,time_residual_shifted_null,Z_time_resid,4788,1824,32,16,0.015558506448542175,0.017145813442766666,0.03424146108836156,0.039979949593544006,-0.17895941674683025,0.015899122807017545,0.07785087719298246,0.07139673553703967,35.0,0.5298340058857633,0.029501576734992863,experience,tf,8
2,real_eeg_ridge,Z,4945,1712,32,16,0.03351828503946308,0.029933814890682697,0.04678127364436435,0.04919694364070892,-0.22147017368923994,0.02219626168224299,0.0905373831775701,0.0803097425379892,34.0,0.5340806311030535,0.042759449340628634,experience,tf,8
2,shifted_null_ridge,Z,4945,1712,32,16,0.004721314395283116,-0.0050004462245851755,-0.0070441475624741364,-0.005565926432609558,-0.26123958828130545,0.016355140186915886,0.06775700934579439,0.06576285954638646,40.0,0.4885230241077507,-0.015429701112016374,experience,tf,8
2,time_only_ridge,Z,4945,1712,32,16,0.03793735357612604,0.023543212562799454,0.10991306624735138,0.14374887943267822,0.000989131335969673,0.028037383177570093,0.11273364485981309,0.09502008161776414,28.0,0.5839928835668723,0.1195603494531187,experience,tf,8
2,time_residual_eeg_ridge,Z_time_resid,4945,1712,32,16,0.02484058969275793,0.023322952911257744,0.028022649309307687,0.026530809700489044,-0.2209187417695706,0.018107476635514017,0.07885514018691589,0.07437062100650911,36.0,0.518635325396712,0.02004854120098713,experience,tf,8
2,time_residual_shifted_null,Z_time_resid,4945,1712,32,16,0.005620693304081215,0.0026888253050856292,0.033164877889724595,0.021163061261177063,-0.1921778266726657,0.014602803738317757,0.07827102803738317,0.07018001289231836,35.5,0.5161029083691756,0.027144995062432287,experience,tf,8
3,real_eeg_ridge,Z,4793,1789,32,16,0.022744367583072744,0.015687421429902315,0.038570034497227554,0.05084812268614769,-0.18670452618431077,0.017887087758524316,0.08719955282280603,0.07542214966161336,36.0,0.5342274941442766,0.03949081123609872,experience,tf,8
3,shifted_null_ridge,Z,4793,1789,32,16,0.002014325076743262,0.007031075423583388,0.016372542508260663,0.02866111323237419,-0.2368655884404962,0.015651201788708775,0.05925097820011179,0.06343005880010892,38.0,0.5022552991785353,0.004234636168450964,experience,tf,8
3,time_only_ridge,Z,4793,1789,32,16,0.05111980749643408,0.02542722411453724,0.12538788000650364,0.1337203085422516,0.015071965498337114,0.026830631637786474,0.10899944102850755,0.09246915889488265,30.0,0.5905925182245957,0.13142833276585608,experience,tf,8
3,time_residual_eeg_ridge,Z_time_resid,4793,1789,32,16,0.013538388171582483,0.01200493797659874,0.018377233068178272,0.025715559720993042,-0.18815836118233142,0.013415315818893237,0.0737842370039128,0.06947743353401746,38.0,0.5205388032273521,0.016508582855184643,experience,tf,8
3,time_residual_shifted_null,Z_time_resid,4793,1789,32,16,0.0016973902311292477,0.0038060025544837117,-0.005907128998854074,-0.004341675899922848,-0.2207752276697752,0.010061486864169928,0.07154835103409726,0.06330294068658651,40.0,0.4970049298726137,-0.0036152789346535646,experience,tf,8
1,real_eeg_ridge,Z,3617,1046,32,16,0.0612048308357771,0.04848688468337059,0.07495697014113148,0.07310451939702034,-0.2368022756320456,0.0248565965583174,0.121414913957935,0.09757003595664317,26.0,0.562194603781602,0.07083086990075665,xp2,tf,-8
1,shifted_null_ridge,Z,3617,1046,32,16,0.01298681041225791,0.015019751153886318,0.018998740159341315,0.02149810642004013,-0.2869024143142249,0.014340344168260038,0.0869980879541109,0.077836192661868,30.0,0.5118668244863273,0.01776053484953485,xp2,tf,-8
1,time_only_ridge,Z,3617,1046,32,16,0.01613769607138238,0.010104539105668664,0.04299268758302398,0.056586431339383125,-0.0008068349159127131,0.0248565965583174,0.0965583173996176,0.08885794928922414,29.0,0.5280509271905066,0.03756581990729901,xp2,tf,-8
1,time_residual_eeg_ridge,Z_time_resid,3617,1046,32,16,0.058393892424646765,0.04935435950756073,0.07083433237148606,0.07668624818325043,-0.23095593103654188,0.020076481835564052,0.124282982791587,0.09357074577661507,26.0,0.5584463868402684,0.06565141299593921,xp2,tf,-8
1,time_residual_shifted_null,Z_time_resid,3617,1046,32,16,0.006493412508461915,0.004082887026015669,0.022191619747062206,0.03204886615276337,-0.27110696228691955,0.021032504780114723,0.09273422562141491,0.08528747232956813,30.0,0.5213663540623388,0.022801742522993565,xp2,tf,-8
2,real_eeg_ridge,Z,3767,941,32,16,0.04775696303113364,0.04155438765883446,0.04515111359471196,0.040971431881189346,-0.2601971126711784,0.020191285866099893,0.11583421891604676,0.09643616287724485,25.0,0.5413018909299462,0.04496105707759291,xp2,tf,-8
2,shifted_null_ridge,Z,3767,941,32,16,-0.0023856465486460365,-0.007784815854392946,0.005417029176688136,0.008767087012529373,-0.3142398669059263,0.021253985122210415,0.09351753453772582,0.08414789016899932,29.0,0.49718300355919914,0.002101629781454067,xp2,tf,-8
2,time_only_ridge,Z,3767,941,32,16,0.014308890429674648,0.0071783063467592,0.06863447263134534,0.06592706590890884,0.0040246917338354615,0.01700318809776833,0.08820403825717323,0.08687942287597698,25.0,0.5401548504630334,0.06689253447548195,xp2,tf,-8
2,time_residual_eeg_ridge,Z_time_resid,3767,941,32,16,0.04659012566844467,0.04325466603040695,0.045297491292602556,0.05504811555147171,-0.25638549436750924,0.021253985122210415,0.10414452709883103,0.09334028216671278,25.0,0.540146416341953,0.041642022448460526,xp2,tf,-8
2,time_residual_shifted_null,Z_time_resid,3767,941,32,16,0.011774552902352298,0.01076346542686224,0.0013708912197269863,0.0074985739775002,-0.27702808776707033,0.018065887353878853,0.08076514346439957,0.08239333326587503,27.0,0.5049339608319418,0.005650580113122019,xp2,tf,-8
3,real_eeg_ridge,Z,3668,1025,32,16,0.06116588235681775,0.05520549789071083,0.05364171514710661,0.05384129658341408,-0.2564415203640191,0.03609756097560975,0.1151219512195122,0.10333413850959756,27.0,0.5528222996515679,0.056383212259566384,xp2,tf,-8
3,shifted_null_ridge,Z,3668,1025,32,16,0.006187958950249595,0.005524538108147681,0.004320542196471318,0.0028547383844852448,-0.3355698348134455,0.0175609756097561,0.08195121951219513,0.07753382183277997,32.0,0.49315524583817266,-0.00906811696872566,xp2,tf,-8
3,time_only_ridge,Z,3668,1025,32,16,0.003161696693041449,-0.00181142157089198,0.06127265706967503,0.07099662721157074,0.00020359196148334036,0.021463414634146343,0.09170731707317073,0.08829335287313861,27.0,0.5349283778552071,0.039220443895499356,xp2,tf,-8
3,time_residual_eeg_ridge,Z_time_resid,3668,1025,32,16,0.06031026056734845,0.0566110834479332,0.05420084767889731,0.04548248276114464,-0.2498485908391781,0.03024390243902439,0.10439024390243902,0.09516750351898046,28.0,0.5396902826171119,0.043473027571133416,xp2,tf,-8
3,time_residual_shifted_null,Z_time_resid,3668,1025,32,16,-0.004011044162325561,0.0033608449157327414,0.014934600674797122,0.010127403773367405,-0.3320657942279901,0.023414634146341463,0.08780487804878048,0.08685413332638826,29.0,0.5143089430894309,0.007880971276617563,xp2,tf,-8
1,real_eeg_ridge,Z,3632,1048,32,16,0.0594744540649117,0.054395340383052826,0.06769523443193184,0.07038644701242447,-0.24502517014300418,0.020038167938931296,0.11259541984732824,0.09260188794639067,26.0,0.5588542150986675,0.06171488003870986,xp2,tf,-7
1,shifted_null_ridge,Z,3632,1048,32,16,0.01910539058735594,0.020030458457767963,0.022390320117960463,0.018410908058285713,-0.2908872422667814,0.025763358778625955,0.08778625954198473,0.0854912000588015,30.0,0.513149904615376,0.021125708945455807,xp2,tf,-7
1,time_only_ridge,Z,3632,1048,32,16,0.015266712298398488,0.010993892792612314,0.04190859675670344,0.05787438340485096,-0.001224315437663659,0.02480916030534351,0.0982824427480916,0.08966178187043496,29.0,0.5275879243347733,0.03586014293761667,xp2,tf,-7
1,time_residual_eeg_ridge,Z_time_resid,3632,1048,32,16,0.057074636744800955,0.05624823644757271,0.06485945730096214,0.0800929069519043,-0.23637869026152658,0.019083969465648856,0.11641221374045801,0.09086553555712086,26.0,0.5509863925450647,0.057450067624766,xp2,tf,-7
1,time_residual_shifted_null,Z_time_resid,3632,1048,32,16,0.008533743863154086,-0.0013187715376261622,0.023886639929480074,0.0395332295447588,-0.27222403655053506,0.015267175572519083,0.09923664122137404,0.07947563938407012,30.0,0.5211695394768358,0.021781224991374533,xp2,tf,-7
2,real_eeg_ridge,Z,3777,948,32,16,0.04715567989478586,0.04142619110643864,0.043586730636520715,0.06207422912120819,-0.2561407809258214,0.022151898734177215,0.12025316455696203,0.09644261512195036,24.5,0.5457698436061696,0.04561155777270164,xp2,tf,-7
2,shifted_null_ridge,Z,3777,948,32,16,0.0003783190031754202,0.0035868892446160316,0.0066531367633980015,0.011831318959593773,-0.3174873082544918,0.015822784810126583,0.0759493670886076,0.07528846733919967,27.5,0.49894359012698725,-0.0005439324252555467,xp2,tf,-7
2,time_only_ridge,Z,3777,948,32,16,0.014723845060871099,0.00880546891130507,0.06807063751876598,0.06591576710343361,0.003368295554272316,0.014767932489451477,0.08649789029535865,0.08507698372323937,25.0,0.5407482948695784,0.06502254777228157,xp2,tf,-7
2,time_residual_eeg_ridge,Z_time_resid,3777,948,32,16,0.0461458929348737,0.043490611016750336,0.04923368582623826,0.06542054563760757,-0.2512017166058804,0.022151898734177215,0.11075949367088607,0.09440054836300722,25.0,0.5427731129085265,0.045825019909131015,xp2,tf,-7
2,time_residual_shifted_null,Z_time_resid,3777,948,32,16,0.0050115498142986326,0.005585853010416031,-0.0012648403071081227,-0.003860051278024912,-0.2685675528192353,0.016877637130801686,0.08438818565400844,0.08060946207967995,29.0,0.49829876345919916,0.0019533722200347197,xp2,tf,-7
3,real_eeg_ridge,Z,3682,1028,32,16,0.05638709740014747,0.05165046267211437,0.05727010438635905,0.06784787029027939,-0.2462711536631561,0.027237354085603113,0.122568093385214,0.09946603293177929,27.0,0.5551354255091474,0.060159590974662405,xp2,tf,-7
3,shifted_null_ridge,Z,3682,1028,32,16,0.005891170152608538,0.007715117186307907,0.011768206908482414,0.0050302366726100445,-0.3278699863810264,0.016536964980544747,0.07490272373540856,0.07562911406253581,31.0,0.49636677281234337,-0.002596867151194434,xp2,tf,-7
3,time_only_ridge,Z,3682,1028,32,16,0.0038788583551649936,0.0033980392618104815,0.06261959223492082,0.07202368974685669,0.0003389906815932653,0.021400778210116732,0.08657587548638132,0.08653719879451233,27.0,0.5343314474162361,0.038984236050083554,xp2,tf,-7
3,time_residual_eeg_ridge,Z_time_resid,3682,1028,32,16,0.05558071240375284,0.04839376546442509,0.06106779040776217,0.06853994354605675,-0.23830044851273202,0.019455252918287938,0.10408560311284047,0.09058114698220009,27.0,0.5439459619398086,0.05106653027653574,xp2,tf,-7
3,time_residual_shifted_null,Z_time_resid,3682,1028,32,16,-0.009728784527396783,-0.005756146274507046,0.009451450029166563,0.001715379359666258,-0.34507756328812067,0.017509727626459144,0.09533073929961089,0.0831823974270297,29.0,0.5075303822249799,0.0034738878543725156,xp2,tf,-7
1,real_eeg_ridge,Z,3647,1050,32,16,0.05756007375930494,0.04894244857132435,0.05718435361011264,0.060548631474375725,-0.24601887134392264,0.029523809523809525,0.11238095238095239,0.09779116203478835,27.5,0.5443880986738129,0.051753833622709564,xp2,tf,-6
1,shifted_null_ridge,Z,3647,1050,32,16,0.019066874378040666,0.015774119179695845,0.02064883700416734,0.01639378070831299,-0.2902037328423288,0.017142857142857144,0.08190476190476191,0.07922195634698369,31.0,0.513347076204219,0.020371029575218833,xp2,tf,-6
1,time_only_ridge,Z,3647,1050,32,16,0.014496009663844234,0.015832525677978992,0.04263526561240377,0.055047666653990746,-0.0014110693751276937,0.023809523809523808,0.0980952380952381,0.08857508402754924,30.0,0.5257826564969422,0.03460331881259189,xp2,tf,-6
1,time_residual_eeg_ridge,Z_time_resid,3647,1050,32,16,0.055312056403636234,0.0509570874273777,0.05766081889985972,0.06111275218427181,-0.23606253546686662,0.02857142857142857,0.10857142857142857,0.09782026699675285,28.0,0.5404703497560641,0.04969911976007955,xp2,tf,-6
1,time_residual_shifted_null,Z_time_resid,3647,1050,32,16,0.009488950348895742,0.0057846661657094955,0.018433505051559353,0.03060805704444647,-0.2818014693423532,0.010476190476190476,0.08095238095238096,0.07433057767020132,30.0,0.5124025974025974,0.017188914828067586,xp2,tf,-6
2,real_eeg_ridge,Z,3787,955,32,16,0.04166546551641659,0.029402506537735462,0.03243843349632722,0.046922653913497925,-0.2608644068076047,0.018848167539267015,0.10575916230366492,0.08914201619894768,25.0,0.5339350876000091,0.036270231580513755,xp2,tf,-6
2,shifted_null_ridge,Z,3787,955,32,16,0.0028028320703015197,0.0036118104471825063,0.012413852168820037,0.025626739487051964,-0.3017058335500524,0.012565445026178011,0.08691099476439791,0.07902862919740491,27.0,0.5054992709442971,0.004679935697380004,xp2,tf,-6
2,time_only_ridge,Z,3787,955,32,16,0.014874956370476866,0.0008369067800231278,0.06831373943808518,0.06616823375225067,0.0035188186607605365,0.01780104712041885,0.08795811518324607,0.08766965258863295,26.0,0.5413533238140568,0.06441674779687415,xp2,tf,-6
2,time_residual_eeg_ridge,Z_time_resid,3787,955,32,16,0.04064599168486893,0.03763228468596935,0.04148340473286454,0.06050296127796173,-0.25527571086157264,0.02198952879581152,0.09738219895287958,0.09001662660784837,26.0,0.5402842939492154,0.0385460690939092,xp2,tf,-6
2,time_residual_shifted_null,Z_time_resid,3787,955,32,16,0.005951554252533242,0.009449002798646688,0.00403586262030221,0.007786035072058439,-0.2644272958775371,0.015706806282722512,0.08586387434554973,0.08129305383873285,27.0,0.5067152451969206,0.005037767365551152,xp2,tf,-6
3,real_eeg_ridge,Z,3696,1031,32,16,0.056892864166002255,0.04849892668426037,0.05899662981003739,0.0441594198346138,-0.22774483899269837,0.028128031037827354,0.12609117361784675,0.1009049046527457,27.0,0.553489376234284,0.05849932483703047,xp2,tf,-6
3,shifted_null_ridge,Z,3696,1031,32,16,0.0045399949076454504,0.006626257090829313,0.001887629630412657,0.008511527441442013,-0.3367757695061937,0.020368574199806012,0.08147429679922405,0.07921557093775533,31.0,0.49241619464703845,-0.011142417041019311,xp2,tf,-6
3,time_only_ridge,Z,3696,1031,32,16,0.003665689300532904,0.0002941745588032063,0.05997123769120874,0.07160349935293198,0.0002056482409236171,0.023278370514064017,0.08729388942774007,0.08771510339849437,28.0,0.5354746019149511,0.03764025007835209,xp2,tf,-6
3,time_residual_eeg_ridge,Z_time_resid,3696,1031,32,16,0.05592533336675842,0.044848235324025154,0.0606377956725722,0.06273767352104187,-0.2196119501259286,0.027158098933074686,0.10281280310378274,0.09558095553464473,28.0,0.5425779899591733,0.050482859389888786,xp2,tf,-6
3,time_residual_shifted_null,Z_time_resid,3696,1031,32,16,-0.013593702778962324,-0.007849098881706595,0.0033341617096555587,0.006716182455420494,-0.33905643703923416,0.014548981571290009,0.07856450048496605,0.07493058050140025,30.0,0.4987050076768797,9.968051141540253e-05,xp2,tf,-6
1,real_eeg_ridge,Z,3662,1052,32,16,0.056843253565602936,0.047426747158169746,0.05980407817942907,0.06559103727340698,-0.24508895453453117,0.02091254752851711,0.1150190114068441,0.09200458861415571,27.0,0.5444263383426882,0.05194588390060578,xp2,tf,-5
1,shifted_null_ridge,Z,3662,1052,32,16,0.017550975564518012,0.013208492659032345,0.019635631936583926,0.012399263214319944,-0.2834156476147023,0.015209125475285171,0.10171102661596958,0.08230177964774678,30.0,0.5168899752549942,0.020411334521315744,xp2,tf,-5
1,time_only_ridge,Z,3662,1052,32,16,0.015311017581552733,0.015220670029520988,0.04184089296456681,0.05280526354908943,-0.0015271182311979992,0.024714828897338403,0.0979087452471483,0.08833493540502155,30.0,0.5239000543183052,0.03316931176680672,xp2,tf,-5
1,time_residual_eeg_ridge,Z_time_resid,3662,1052,32,16,0.05532675712311175,0.051381222903728485,0.0590262849089088,0.074545718729496,-0.2355103048132512,0.019011406844106463,0.1188212927756654,0.09139832033958406,27.0,0.543116663648983,0.050347859357377574,xp2,tf,-5
1,time_residual_shifted_null,Z_time_resid,3662,1052,32,16,0.012443016881661606,0.0107070067897439,0.020792842899117075,0.015573335345834494,-0.2729824460161945,0.019961977186311788,0.08555133079847908,0.08328060940476968,30.0,0.5226658217152513,0.023444909966651196,xp2,tf,-5
2,real_eeg_ridge,Z,3797,962,32,16,0.03594487461850804,0.03171923663467169,0.026617171959658667,0.028554233722388744,-0.2556821323477647,0.02286902286902287,0.10291060291060292,0.09168391124037541,27.0,0.528934428934429,0.03146539874322145,xp2,tf,-5
2,shifted_null_ridge,Z,3797,962,32,16,0.003093306324444711,0.007382454117760062,0.00863671644603562,0.014217423275113106,-0.27977002860441447,0.02182952182952183,0.08004158004158005,0.08099166024798701,28.0,0.5003564003564004,0.0016139001264081233,xp2,tf,-5
2,time_only_ridge,Z,3797,962,32,16,0.014331818618757097,0.003759693936444819,0.06891372386092214,0.06027420051395893,0.003114608918401429,0.02286902286902287,0.0893970893970894,0.0909806274680934,26.0,0.5396594396594397,0.06332505956585634,xp2,tf,-5
2,time_residual_eeg_ridge,Z_time_resid,3797,962,32,16,0.03494147773744771,0.040666038170456886,0.03613202271141013,0.030126214027404785,-0.2512206579833045,0.02598752598752599,0.10083160083160084,0.09092190360792826,26.0,0.5329241329241329,0.03343851721296041,xp2,tf,-5
2,time_residual_shifted_null,Z_time_resid,3797,962,32,16,0.006910973621415906,0.01009443774819374,0.008311147218563578,0.018374715000391006,-0.25795678281096146,0.018711018711018712,0.09875259875259876,0.08487532510485059,28.0,0.511081411081411,0.010626271406886463,xp2,tf,-5
3,real_eeg_ridge,Z,3710,1034,32,16,0.05838651701560593,0.04764140024781227,0.06122651490631893,0.04531352408230305,-0.21537877670465466,0.025145067698259187,0.1218568665377176,0.09721305556820965,27.0,0.5556476620306409,0.059997304344928504,xp2,tf,-5
3,shifted_null_ridge,Z,3710,1034,32,16,-0.0025596465638955124,0.008536923443898559,-0.002962858160531607,0.013727793470025063,-0.34391970714831643,0.008704061895551257,0.06479690522243714,0.06839753319628719,31.0,0.4920911240060177,-0.015239460917059636,xp2,tf,-5
3,time_only_ridge,Z,3710,1034,32,16,0.004257660242728889,-0.0006322786211967468,0.05941629920793068,0.07108615338802338,0.00026106838528894283,0.02127659574468085,0.09090909090909091,0.08659660327213171,28.0,0.5343772067176322,0.037538244095069534,xp2,tf,-5
3,time_residual_eeg_ridge,Z_time_resid,3710,1034,32,16,0.05799036975076888,0.046104805544018745,0.06258483782945524,0.051938869059085846,-0.20684720582297755,0.02804642166344294,0.10541586073500966,0.09605478895966313,27.0,0.544063737680759,0.05220145986652477,xp2,tf,-5
3,time_residual_shifted_null,Z_time_resid,3710,1034,32,16,-0.014121151019935496,-0.018597510643303394,0.01879004729841093,0.0301083754748106,-0.3286129951173473,0.024177949709864602,0.1102514506769826,0.09138646677703849,29.5,0.516812501918885,0.01588714674985217,xp2,tf,-5
1,real_eeg_ridge,Z,3677,1054,32,16,0.05329340836033225,0.05637365207076073,0.05591820439810209,0.05867438390851021,-0.2545542437027495,0.019924098671726755,0.11195445920303605,0.08909818292637256,28.0,0.5416213236112584,0.04816950123750572,xp2,tf,-4
1,shifted_null_ridge,Z,3677,1054,32,16,0.022199832535989117,0.017217350658029318,0.01738399832009778,0.03655263967812061,-0.2841658788410959,0.015180265654648957,0.08918406072106262,0.08151156270287263,29.0,0.5209461998918316,0.019962131243888716,xp2,tf,-4
1,time_only_ridge,Z,3677,1054,32,16,0.015745505783343106,0.01352908881381154,0.04167441946126417,0.055987948551774025,-0.0015327159228470943,0.023719165085388995,0.09867172675521822,0.08784399912329743,30.0,0.524508494374842,0.03275887463412893,xp2,tf,-4
1,time_residual_eeg_ridge,Z_time_resid,3677,1054,32,16,0.05251906409102958,0.055305078625679016,0.053521511759236765,0.06467027217149734,-0.2445253481757952,0.020872865275142316,0.1015180265654649,0.08823042850139833,28.0,0.540432582570195,0.04478127364623708,xp2,tf,-4
1,time_residual_shifted_null,Z_time_resid,3677,1054,32,16,0.015312173045458621,0.0065745459869503975,0.016546982670694026,0.017122474499046803,-0.27126867192020265,0.020872865275142316,0.09487666034155598,0.08384208910335246,30.0,0.5169474989621843,0.01909360081994424,xp2,tf,-4
2,real_eeg_ridge,Z,3807,969,32,16,0.041086594203079585,0.034979768097400665,0.03153868346757153,0.03669390454888344,-0.24301118909794672,0.02476780185758514,0.1001031991744066,0.0927639298660456,26.0,0.5341493831196349,0.033775677853343705,xp2,tf,-4
2,shifted_null_ridge,Z,3807,969,32,16,0.0005590202781604603,0.013275796547532082,0.0064449362665000565,-0.002849483396857977,-0.2846029450745664,0.0196078431372549,0.08771929824561403,0.08342717871014305,30.0,0.5007132779376688,0.0015653253543502735,xp2,tf,-4
2,time_only_ridge,Z,3807,969,32,16,0.010996986122336239,0.003497666330076754,0.06623510425179664,0.05711844563484192,0.002409530050681563,0.021671826625386997,0.08771929824561403,0.08832080018899396,26.0,0.5361624436197058,0.05789178821401108,xp2,tf,-4
2,time_residual_eeg_ridge,Z_time_resid,3807,969,32,16,0.040279824497702066,0.042495669797062874,0.03852888296524801,0.050815604627132416,-0.23635028149980086,0.02786377708978328,0.08359133126934984,0.09241466840891556,26.0,0.5340514542964402,0.03498557919509849,xp2,tf,-4
2,time_residual_shifted_null,Z_time_resid,3807,969,32,16,0.0035763653704634635,0.005823364248499274,0.011563050447905902,0.017884980887174606,-0.25017048503149564,0.016511867905056758,0.10526315789473684,0.08497015294136334,28.0,0.5129490392648288,0.014395625026816985,xp2,tf,-4
3,real_eeg_ridge,Z,3724,1037,32,16,0.059063132233859506,0.04977122135460377,0.06680898701392944,0.06291797012090683,-0.20775264743535127,0.023143683702989394,0.12054001928640308,0.09738596505286884,27.0,0.5590032163970364,0.06282405125322636,xp2,tf,-4
3,shifted_null_ridge,Z,3724,1037,32,16,-0.0097647937527654,-0.010739853139966726,-0.011638332297419276,-0.006098523270338774,-0.3410110891762739,0.015429122468659595,0.06846673095467695,0.06813342934267937,33.0,0.4754733920177717,-0.02223399716448029,xp2,tf,-4
3,time_only_ridge,Z,3724,1037,32,16,0.0046586549215135165,0.0038237111875787377,0.0567507669655202,0.07027023285627365,7.891678756599685e-05,0.020250723240115717,0.08293153326904533,0.08511447660976357,28.0,0.5324088770694783,0.036295636226036605,xp2,tf,-4
3,time_residual_eeg_ridge,Z_time_resid,3724,1037,32,16,0.05876751942560077,0.045994957908988,0.06900201093787961,0.06937024742364883,-0.19883228093402927,0.023143683702989394,0.10607521697203472,0.09271286680116007,26.0,0.5500963987400614,0.05889418100215587,xp2,tf,-4
3,time_residual_shifted_null,Z_time_resid,3724,1037,32,16,-0.01805173868899601,-0.013459836365655065,-0.004352637656654632,-0.010404769331216812,-0.345839017181955,0.017357762777242044,0.08389585342333655,0.0778753762109109,32.0,0.49074245996806903,-0.008192954714492856,xp2,tf,-4
1,real_eeg_ridge,Z,3692,1056,32,16,0.05370282968215179,0.05115961469709873,0.061389422883208186,0.06138923205435276,-0.26018489458809335,0.021780303030303032,0.1259469696969697,0.09352313188380967,28.0,0.5417648496105943,0.050024015453079405,xp2,tf,-3
1,shifted_null_ridge,Z,3692,1056,32,16,0.02288670623966027,0.020858154632151127,0.016544373515071955,0.013051886111497879,-0.2868302622724599,0.021780303030303032,0.09090909090909091,0.08281401277670787,31.0,0.5180477520903053,0.020234832379591325,xp2,tf,-3
1,time_only_ridge,Z,3692,1056,32,16,0.015983161277290492,0.012453255709260702,0.04235002013782915,0.052054399624466896,-0.0013426149180382208,0.022727272727272728,0.0946969696969697,0.08609594304535712,30.0,0.5207450646280434,0.031490059829333776,xp2,tf,-3
1,time_residual_eeg_ridge,Z_time_resid,3692,1056,32,16,0.05343640731734922,0.05626358836889267,0.05137544926236098,0.05847012251615524,-0.24938945521773093,0.022727272727272728,0.10037878787878787,0.0891739957350322,28.0,0.5345843823237441,0.04201330168272811,xp2,tf,-3
1,time_residual_shifted_null,Z_time_resid,3692,1056,32,16,0.011294613788777497,0.01126782363280654,0.006484966933867602,0.01254981616511941,-0.2871957054938694,0.017045454545454544,0.08522727272727272,0.07782576212296818,30.0,0.5112996735337161,0.009690480515980707,xp2,tf,-3
2,real_eeg_ridge,Z,3817,976,32,16,0.04071598302107304,0.04293882101774216,0.03487639669300301,0.043279753997921944,-0.23773024023922007,0.025614754098360656,0.10553278688524591,0.09366683597312156,26.0,0.5348253386926216,0.036098205627513015,xp2,tf,-3
2,shifted_null_ridge,Z,3817,976,32,16,-0.006562266073160572,-0.00044465629616752267,0.00597045079413248,0.013419853057712317,-0.293796272827453,0.015368852459016393,0.08299180327868852,0.0788929828826921,29.0,0.49740132653456687,0.0003527579220509904,xp2,tf,-3
2,time_only_ridge,Z,3817,976,32,16,0.012648542693568743,0.011145387776196003,0.0656571784768999,0.05586593598127365,0.002333550847938737,0.014344262295081968,0.0860655737704918,0.08126962218195737,27.0,0.5332460649647605,0.055262718901027644,xp2,tf,-3
2,time_residual_eeg_ridge,Z_time_resid,3817,976,32,16,0.03982022606942337,0.045281173661351204,0.03956715948850645,0.039198366925120354,-0.2312920193896788,0.02459016393442623,0.10245901639344263,0.09254107213108528,26.0,0.5349585596359226,0.03628649228378644,xp2,tf,-3
2,time_residual_shifted_null,Z_time_resid,3817,976,32,16,0.008239005717769032,0.00792901637032628,0.01721091338099466,0.010607483331114054,-0.2456229306016482,0.020491803278688523,0.09016393442622951,0.08594580625636306,28.0,0.5170467442877628,0.02263772746799003,xp2,tf,-3
3,real_eeg_ridge,Z,3738,1040,32,16,0.059819316669745604,0.0553376991301775,0.07129226596007357,0.06619168445467949,-0.19617103579455097,0.02403846153846154,0.12884615384615383,0.1005171760442929,27.0,0.5608461278674044,0.06340541488536915,xp2,tf,-3
3,shifted_null_ridge,Z,3738,1040,32,16,-0.00894462424730591,-0.010960537940263748,-0.007335857269887268,0.004392421920783818,-0.34123962276785913,0.014423076923076924,0.07692307692307693,0.07328188917379778,32.0,0.49169361961915153,-0.015307840413058875,xp2,tf,-3
3,time_only_ridge,Z,3738,1040,32,16,0.004380923579446971,0.007601943798363209,0.05597070880892436,0.06367489695549011,-0.00018160440318970572,0.01826923076923077,0.08365384615384615,0.08295681454199214,28.0,0.5314703322682045,0.0364964681056725,xp2,tf,-3
3,time_residual_eeg_ridge,Z_time_resid,3738,1040,32,16,0.059480935076862806,0.05070315860211849,0.06682689104418386,0.05755015276372433,-0.1889923872131054,0.020192307692307693,0.11057692307692307,0.09126606036588772,27.0,0.5486819032031799,0.05718226272410887,xp2,tf,-3
3,time_residual_shifted_null,Z_time_resid,3738,1040,32,16,-0.01682439077762865,-0.01345502957701683,-0.007312227253658841,-0.014422721229493618,-0.34778934048118626,0.0125,0.07403846153846154,0.07206456233365627,32.0,0.4893945002987557,-0.011650639297518918,xp2,tf,-3
1,real_eeg_ridge,Z,3707,1058,32,16,0.04774819332669722,0.05307041108608246,0.05548422602996154,0.05499500408768654,-0.27437926113889977,0.026465028355387523,0.10491493383742911,0.09248827080567866,28.0,0.539142437063042,0.04359937181609989,xp2,tf,-2
1,shifted_null_ridge,Z,3707,1058,32,16,0.010612665937514976,0.010256883222609758,-0.0016098728494831785,-0.003491561859846115,-0.31133802612050854,0.01890359168241966,0.07183364839319471,0.07543224018399673,30.0,0.5021547844090377,0.0037043414127160075,xp2,tf,-2
1,time_only_ridge,Z,3707,1058,32,16,0.016744104228564538,0.016092240810394287,0.044607019914268596,0.05421427823603153,-0.0011577739967993939,0.017958412098298678,0.09073724007561437,0.08283452075625317,31.0,0.5184394409937889,0.030749869342403535,xp2,tf,-2
1,time_residual_eeg_ridge,Z_time_resid,3707,1058,32,16,0.04793794580109534,0.05304201878607273,0.04292275175539063,0.04878950119018555,-0.2642471094711072,0.017958412098298678,0.10207939508506617,0.08556756519121698,29.0,0.5280665826507036,0.03396199015539719,xp2,tf,-2
1,time_residual_shifted_null,Z_time_resid,3707,1058,32,16,0.005056234691437567,0.004915451863780618,0.0020298510138232876,-0.0005106085573061137,-0.2904146155786713,0.015122873345935728,0.08601134215500945,0.07625580446479066,31.0,0.5045777447715066,0.005528079310421453,xp2,tf,-2
2,real_eeg_ridge,Z,3827,983,32,16,0.03528885268315207,0.04611606523394585,0.03356561846685009,0.038989536464214325,-0.23565782401392177,0.021363173957273652,0.08748728382502544,0.0850405569671373,26.0,0.5292986726735455,0.031708357274192606,xp2,tf,-2
2,shifted_null_ridge,Z,3827,983,32,16,0.001688897930762323,-0.003967015305534005,-0.0005998134411175546,0.0060263583436608315,-0.2914797456528022,0.01017293997965412,0.08748728382502544,0.07452621560078376,30.0,0.49340878263818244,-0.00842426357580789,xp2,tf,-2
2,time_only_ridge,Z,3827,983,32,16,0.009650097996200202,0.00800016475841403,0.0662819123537215,0.05514474958181381,0.0025902157217935207,0.015259409969481181,0.07934893184130214,0.08020453986050483,27.0,0.5339380580987906,0.05392367934275411,xp2,tf,-2
2,time_residual_eeg_ridge,Z_time_resid,3827,983,32,16,0.03412496840246604,0.04002095013856888,0.03263602077934677,0.0407191663980484,-0.2297899933184202,0.021363173957273652,0.08138351983723296,0.08309494829242903,27.0,0.5254535435740928,0.02863399295533056,xp2,tf,-2
2,time_residual_shifted_null,Z_time_resid,3827,983,32,16,0.006705820029310416,0.00517633743584156,0.02151153239175274,0.017222177237272263,-0.2467213478834891,0.021363173957273652,0.11190233977619532,0.09290960680677121,28.0,0.5229870093171212,0.025708986482917782,xp2,tf,-2
3,real_eeg_ridge,Z,3752,1043,32,16,0.05766341555863619,0.05051070265471935,0.07318585849935096,0.07537169754505157,-0.1918351072265192,0.026845637583892617,0.12080536912751678,0.09859637965911901,27.0,0.5574902220395989,0.060342444589416615,xp2,tf,-2
3,shifted_null_ridge,Z,3752,1043,32,16,-0.011881068665388739,-0.009316510986536741,0.003760768506335921,0.01214782614260912,-0.3369323705425491,0.015340364333652923,0.06903163950143816,0.0731809138129015,31.0,0.4966271743596768,-0.008165920116849261,xp2,tf,-2
3,time_only_ridge,Z,3752,1043,32,16,0.0022950177517486736,-0.0024243739899247885,0.061733732022316495,0.06984195113182068,-0.0002688403465926914,0.01725790987535954,0.0862895493767977,0.08278908472244682,29.0,0.5303763563590984,0.03879758060053552,xp2,tf,-2
3,time_residual_eeg_ridge,Z_time_resid,3752,1043,32,16,0.05734285015932983,0.05001802183687687,0.0671359505004636,0.06289729475975037,-0.18331209100114365,0.023010546500479387,0.10450623202301054,0.09032271774429299,28.0,0.5488194159095406,0.05755289131136246,xp2,tf,-2
3,time_residual_shifted_null,Z_time_resid,3752,1043,32,16,-0.013668131951817486,-0.021911991760134697,-0.01359775283706668,-0.013846739195287228,-0.3460066598489695,0.011505273250239693,0.06423777564717162,0.06876225083511,32.0,0.4880914334413855,-0.016613695899253458,xp2,tf,-2
1,real_eeg_ridge,Z,3722,1060,32,16,0.044215600843017455,0.04049109295010567,0.05845594562599114,0.06388424336910248,-0.2745092421909785,0.016981132075471698,0.1018867924528302,0.0857760711067444,28.0,0.5398943225088778,0.04525728816695411,xp2,tf,-1
1,shifted_null_ridge,Z,3722,1060,32,16,0.006208799204614479,0.004104264895431697,-0.007185710854674602,-0.014535678084939718,-0.32391508332911334,0.018867924528301886,0.07830188679245283,0.07831877606151591,32.0,0.497144140675138,8.910515787250905e-05,xp2,tf,-1
1,time_only_ridge,Z,3722,1060,32,16,0.015766770477057435,0.01660046074539423,0.043913692685552785,0.05200880765914917,-0.0009590105940056048,0.017924528301886792,0.09150943396226414,0.08040775045395875,32.0,0.5154922346297011,0.02927638010115092,xp2,tf,-1
1,time_residual_eeg_ridge,Z_time_resid,3722,1060,32,16,0.04489162388290424,0.0377636794000864,0.04582311887917864,0.05786456726491451,-0.2664975801385059,0.016037735849056604,0.09433962264150944,0.08229987505554369,29.0,0.5342189706071108,0.03736982196013426,xp2,tf,-1
1,time_residual_shifted_null,Z_time_resid,3722,1060,32,16,0.009380635478009935,0.008907916955649853,0.00502820143252084,-0.0028761110734194517,-0.27905688710888454,0.016981132075471698,0.08113207547169811,0.07798504095345297,32.0,0.5069225174346469,0.01074935519292383,xp2,tf,-1
2,real_eeg_ridge,Z,3837,990,32,16,0.033284523334259575,0.03767034597694874,0.03617985033411932,0.039422111585736275,-0.22804900569115683,0.024242424242424242,0.09090909090909091,0.08712101037925456,26.5,0.5326919993586661,0.033988683771485693,xp2,tf,-1
2,shifted_null_ridge,Z,3837,990,32,16,-0.0012203222213429399,0.0058061801828444,-0.008537872382036923,-0.015631431248039007,-0.2895013753425557,0.014141414141414142,0.07171717171717172,0.07211337015490552,31.0,0.4821319773700726,-0.015592742945950295,xp2,tf,-1
2,time_only_ridge,Z,3837,990,32,16,0.007871249779782374,0.0045211548276711255,0.06701223030909802,0.056319233030080795,0.003112687792527158,0.015151515151515152,0.08282828282828283,0.07960142887557049,27.0,0.5334616001282667,0.05458469052118246,xp2,tf,-1
2,time_residual_eeg_ridge,Z_time_resid,3837,990,32,16,0.031074842139787506,0.039222653955221176,0.02867850874209038,0.03157753497362137,-0.22772820521685344,0.022222222222222223,0.09292929292929293,0.08589481417535993,27.0,0.5236720951006666,0.02596469324167524,xp2,tf,-1
2,time_residual_shifted_null,Z_time_resid,3837,990,32,16,0.00534714181048912,0.003868152154609561,0.016880504145111178,0.010256663430482149,-0.24478522562743854,0.01818181818181818,0.10202020202020202,0.08667439710628322,28.0,0.5189983737602785,0.02082368657044655,xp2,tf,-1
3,real_eeg_ridge,Z,3766,1046,32,16,0.056698564747875935,0.04933276027441025,0.07602359280039166,0.07874174416065216,-0.19201177309389683,0.030592734225621414,0.12332695984703633,0.09996677948383144,27.0,0.5538364485373499,0.06294670195241317,xp2,tf,-1
3,shifted_null_ridge,Z,3766,1046,32,16,-0.008462825848255306,-0.0037574463058263063,0.00430176800267591,0.0043059217277914286,-0.33221515232516685,0.019120458891013385,0.0841300191204589,0.07870447462798424,32.0,0.4973292057422076,-0.008747905262986147,xp2,tf,-1
3,time_only_ridge,Z,3766,1046,32,16,0.0008361420946130238,-0.003089168756559957,0.06228562089198102,0.06728196516633034,-0.0003905451061991805,0.018164435946462717,0.08795411089866156,0.08307655955403677,30.0,0.5267057747254414,0.03953558144963487,xp2,tf,-1
3,time_residual_eeg_ridge,Z_time_resid,3766,1046,32,16,0.05616135006857803,0.04934277385473251,0.06887416218477958,0.07005777582526207,-0.18468769520370842,0.02390057361376673,0.10516252390057361,0.09372885342975516,26.0,0.5532771425970007,0.06116876070194161,xp2,tf,-1
3,time_residual_shifted_null,Z_time_resid,3766,1046,32,16,-0.012831294541683747,-0.014518496114760637,-0.005259364879943086,0.0030357317300513387,-0.3327061315931925,0.014340344168260038,0.0621414913957935,0.07074479177412446,32.0,0.49326231448602387,-0.008767704425172981,xp2,tf,-1
1,real_eeg_ridge,Z,3737,1062,32,16,0.038525160307472106,0.034515682607889175,0.0592036624296008,0.06686826795339584,-0.28674664151057616,0.015065913370998116,0.09416195856873823,0.0834547907399172,28.0,0.5428137984635161,0.046381141807086766,xp2,tf,0
1,shifted_null_ridge,Z,3737,1062,32,16,0.0024224580897680426,6.52628586976789e-05,-0.01643122223128391,-0.01149400556460023,-0.33674215175377964,0.014124293785310734,0.0743879472693032,0.07275965687725425,32.0,0.4930161719427256,-0.00684201687523702,xp2,tf,0
1,time_only_ridge,Z,3737,1062,32,16,0.015176956691902888,0.014488586690276861,0.04377817242059255,0.050678083673119545,-0.0007169485796729713,0.01977401129943503,0.09322033898305085,0.08165728737551907,31.0,0.5162395001943025,0.02892548899085232,xp2,tf,0
1,time_residual_eeg_ridge,Z_time_resid,3737,1062,32,16,0.03967101066882606,0.038333646953105927,0.04440445372555931,0.05662689544260502,-0.27948950329423305,0.0160075329566855,0.09133709981167608,0.0821309550296115,29.0,0.536271784294383,0.03856191792773137,xp2,tf,0
1,time_residual_shifted_null,Z_time_resid,3737,1062,32,16,0.006558418115673703,0.005394444800913334,-0.003900167924262541,-0.016053559258580208,-0.2790028769951931,0.0160075329566855,0.07815442561205273,0.0742243047193958,33.0,0.49726093324963383,0.0024463619262008805,xp2,tf,0
2,real_eeg_ridge,Z,3847,997,32,16,0.028392337189870887,0.03000856190919876,0.034871333646614884,0.038484446704387665,-0.22859632888433645,0.012036108324974924,0.08224674022066199,0.07643313074091242,27.0,0.5283329353138781,0.03127065298154199,xp2,tf,0
2,shifted_null_ridge,Z,3847,997,32,16,0.001912141024149605,0.007683091098442674,-0.0012870477188445114,0.011120776645839214,-0.28332310292102925,0.015045135406218655,0.08726178535606821,0.0771949561801022,31.0,0.4968409991880403,-0.00822726885678963,xp2,tf,0
2,time_only_ridge,Z,3847,997,32,16,0.005308021020027809,0.005153776612132788,0.0690788458264894,0.059243492782115936,0.0032709971508918523,0.013039117352056168,0.08224674022066199,0.078547373592365,27.0,0.5362003470729649,0.056096002324631564,xp2,tf,0
2,time_residual_eeg_ridge,Z_time_resid,3847,997,32,16,0.025945401521312306,0.02940486278384924,0.02216685546089817,0.033973634243011475,-0.2320193904769594,0.013039117352056168,0.08625877632898696,0.0795719118784795,28.0,0.5220079285475475,0.020518217147658096,xp2,tf,0
2,time_residual_shifted_null,Z_time_resid,3847,997,32,16,0.005645817785989493,0.008764232508838177,0.016760381914342686,0.03305288031697273,-0.24812460427775607,0.023069207622868605,0.08726178535606821,0.086861834056087,27.0,0.5239623632803171,0.021713859268595297,xp2,tf,0
3,real_eeg_ridge,Z,3780,1049,32,16,0.0547770783764463,0.04055474326014519,0.07426162608902505,0.07379301637411118,-0.1937420012098312,0.02478551000953289,0.11344137273593899,0.09573483023249937,27.0,0.5513377820146171,0.05977207021690728,xp2,tf,0
3,shifted_null_ridge,Z,3780,1049,32,16,-0.012792105539119802,-0.004442397505044937,-0.0012024208633415578,0.011586555279791355,-0.32418000057343677,0.016205910390848427,0.07626310772163966,0.07353197093648631,32.0,0.489467217455778,-0.013875939039288111,xp2,tf,0
3,time_only_ridge,Z,3780,1049,32,16,-0.0017682793477433734,-0.0012768004089593887,0.06583571988564105,0.06583501398563385,-3.0376104291685024e-05,0.019065776930409915,0.08960915157292659,0.0842694071589124,30.0,0.526837048133521,0.041872527500695755,xp2,tf,0
3,time_residual_eeg_ridge,Z_time_resid,3780,1049,32,16,0.05415374175936449,0.03890557587146759,0.06470606800943819,0.06452681869268417,-0.18826391517072572,0.0219256434699714,0.11534795042897998,0.09401116113245608,27.0,0.5505409535914779,0.05812208113981538,xp2,tf,0
3,time_residual_shifted_null,Z_time_resid,3780,1049,32,16,-0.019956790085416287,-0.021578233689069748,-0.008173731921881693,-0.005459217820316553,-0.324123575713964,0.01334604385128694,0.07435653002859867,0.07261162502817307,32.0,0.4935348858323119,-0.011735492838242427,xp2,tf,0
1,real_eeg_ridge,Z,3722,1060,32,16,0.036081735142943216,0.030051260255277157,0.06499404641184604,0.07829025760293007,-0.27903090283475107,0.017924528301886792,0.10754716981132076,0.08630718281884474,27.0,0.5469558892739487,0.0515069342488289,xp2,tf,1
1,shifted_null_ridge,Z,3722,1060,32,16,0.008472815414279466,2.759677590802312e-05,-0.002970282567274001,-0.010691622737795115,-0.3173745265922676,0.013207547169811321,0.08490566037735849,0.07348603705268371,32.0,0.5005348051170153,0.0029182154825968046,xp2,tf,1
1,time_only_ridge,Z,3722,1060,32,16,0.01599184999213321,0.013136819005012512,0.04286558512572673,0.03913792967796326,-0.00045613450839132597,0.017924528301886792,0.08113207547169811,0.07909821091618476,30.0,0.5181341719077568,0.031477570796483945,xp2,tf,1
1,time_residual_eeg_ridge,Z_time_resid,3722,1060,32,16,0.03676638825709233,0.032031118869781494,0.04621729787531362,0.05605730041861534,-0.27341878981181633,0.024528301886792454,0.1009433962264151,0.08905168893105139,28.0,0.5401724211697257,0.04133337130001975,xp2,tf,1
1,time_residual_shifted_null,Z_time_resid,3722,1060,32,16,0.007723131035163533,0.0014223141479305923,-0.0029361996688508814,3.3954696846194565e-05,-0.2816999105678608,0.016981132075471698,0.07264150943396226,0.07464350926126889,31.0,0.5029521242459248,0.006406017923993473,xp2,tf,1
2,real_eeg_ridge,Z,3837,990,32,16,0.029274476270074956,0.025747988373041153,0.03786697647019261,0.03595587611198425,-0.2354830861806787,0.020202020202020204,0.08080808080808081,0.08177132395709408,27.0,0.5256991685563114,0.03308715168311577,xp2,tf,1
2,shifted_null_ridge,Z,3837,990,32,16,-0.00048180850308199297,0.00034494594001444057,-0.0089525116081914,-0.01534840976819396,-0.28477088741905465,0.01919191919191919,0.08181818181818182,0.07839801493001028,31.0,0.4870839918458966,-0.01538989606081873,xp2,tf,1
2,time_only_ridge,Z,3837,990,32,16,0.007589828965137713,0.005158154992386699,0.07234780308672914,0.06296709924936295,0.004583088925182444,0.010101010101010102,0.07676767676767676,0.07539048841543863,27.0,0.5348862777434206,0.05702827596909794,xp2,tf,1
2,time_residual_eeg_ridge,Z_time_resid,3837,990,32,16,0.026247146552123013,0.02232153993099928,0.023263126009348496,0.025663020089268684,-0.242005004220462,0.01919191919191919,0.09191919191919191,0.08406599088874384,27.5,0.5221878650450079,0.019923768365469108,xp2,tf,1
2,time_residual_shifted_null,Z_time_resid,3837,990,32,16,0.004167397826677188,0.0010720985010266304,0.023822517592164177,0.033509716391563416,-0.2429151601173989,0.022222222222222223,0.10808080808080808,0.09028238487805959,28.0,0.5233697519411805,0.024412470306049136,xp2,tf,1
3,real_eeg_ridge,Z,3766,1046,32,16,0.05447793694474967,0.04455066658556461,0.07777265165300316,0.08348960801959038,-0.1894111184579832,0.0248565965583174,0.1089866156787763,0.09315898010022969,27.0,0.5503288632215154,0.06156844864443418,xp2,tf,1
3,shifted_null_ridge,Z,3766,1046,32,16,-0.02047985242006689,-0.01529349759221077,-0.002793793127880731,0.0017616573022678494,-0.33141395465810075,0.017208413001912046,0.0745697896749522,0.0752765087871965,32.0,0.48738960211235544,-0.014956663396728206,xp2,tf,1
3,time_only_ridge,Z,3766,1046,32,16,1.3450669939629734e-05,-0.004128067288547754,0.06352550028835602,0.05998728424310684,0.001579443786301038,0.018164435946462717,0.08986615678776291,0.0838924786234022,29.0,0.5291706229974461,0.04592599247369252,xp2,tf,1
3,time_residual_eeg_ridge,Z_time_resid,3766,1046,32,16,0.052865148360069725,0.04483019933104515,0.06140592777754321,0.05155083164572716,-0.18842961914565115,0.019120458891013385,0.09847036328871893,0.08850100559950064,28.0,0.5442567084195054,0.054194706848155395,xp2,tf,1
3,time_residual_shifted_null,Z_time_resid,3766,1046,32,16,-0.018408680181892123,-0.02490273118019104,-0.01162979589855195,-0.023672161623835564,-0.32414738001801346,0.016252390057361378,0.06692160611854685,0.07007926864082785,34.0,0.47933169443685697,-0.01934222861837994,xp2,tf,1
1,real_eeg_ridge,Z,3707,1058,32,16,0.03629084737076482,0.03221740573644638,0.06713909262186972,0.0702766552567482,-0.2855299111024161,0.01890359168241966,0.09735349716446125,0.08508929829720728,27.0,0.5499519908782668,0.05718747467628711,xp2,tf,2
1,shifted_null_ridge,Z,3707,1058,32,16,0.006058051343643456,0.00302418926730752,-0.005270232867259385,0.005244574276730418,-0.3231478114114592,0.006616257088846881,0.06899810964083176,0.06773008292190358,32.0,0.5011974150088516,-0.0035145611853706384,xp2,tf,2
1,time_only_ridge,Z,3707,1058,32,16,0.01458424512475176,0.00805239100009203,0.03781647422027555,0.030478467233479023,0.0006614959244788388,0.01984877126654064,0.07655954631379962,0.07923854450478329,29.0,0.5173489212950462,0.03321927837842661,xp2,tf,2
1,time_residual_eeg_ridge,Z_time_resid,3707,1058,32,16,0.03615260245715035,0.034205615520477295,0.04385616058230203,0.05266009643673897,-0.28450624804742164,0.017958412098298678,0.0888468809073724,0.08361218172920444,28.0,0.5398147523029375,0.04282812542728739,xp2,tf,2
1,time_residual_shifted_null,Z_time_resid,3707,1058,32,16,0.003064581545913825,-0.0008894091588445008,-0.006301993313024858,-0.008432349190115929,-0.29552214127302623,0.020793950850661626,0.07561436672967864,0.07799814260827041,32.0,0.5013474435142677,0.005265386775622875,xp2,tf,2
2,real_eeg_ridge,Z,3827,983,32,16,0.034850989548431244,0.0384543277323246,0.047079881819463425,0.04147635027766228,-0.24472997985794298,0.02034587995930824,0.09969481180061038,0.08703525134298296,27.0,0.5325695554586705,0.042858816414251016,xp2,tf,2
2,shifted_null_ridge,Z,3827,983,32,16,0.004200797782687005,0.0035060583613812923,0.00176636269547013,0.002327913884073496,-0.2842577404538682,0.02034587995930824,0.09766022380467955,0.08442672439837186,30.0,0.4959146764843611,-0.0042227647240064515,xp2,tf,2
2,time_only_ridge,Z,3827,983,32,16,0.0078700090671191,0.010113109136000276,0.07276486134356018,0.06799507886171341,0.004974175617063037,0.011190233977619531,0.07934893184130214,0.07627693715893125,27.0,0.5337291495099227,0.05752793590533777,xp2,tf,2
2,time_residual_eeg_ridge,Z_time_resid,3827,983,32,16,0.031448602057935204,0.033626227639615536,0.028722336069249198,0.03099854104220867,-0.2531880901193868,0.024415055951169887,0.09664292980671414,0.08796778765061776,28.0,0.5196505272166513,0.023164494097444525,xp2,tf,2
2,time_residual_shifted_null,Z_time_resid,3827,983,32,16,0.015071371642989106,0.015757499262690544,0.01689669688639993,0.024414556100964546,-0.25772544595975444,0.018311291963377416,0.10071210579857579,0.0862320309596487,29.0,0.5169004020733421,0.016251821943595448,xp2,tf,2
3,real_eeg_ridge,Z,3752,1043,32,16,0.05307357935271284,0.034175314009189606,0.08691971220373763,0.08608591556549072,-0.19020400400595605,0.024928092042186004,0.11601150527325024,0.09524536899719199,27.0,0.555687767276933,0.06745795025763152,xp2,tf,2
3,shifted_null_ridge,Z,3752,1043,32,16,-0.01806339697856174,-0.020355219021439552,0.005977096983891233,-0.006684882566332817,-0.32343461175388044,0.013422818791946308,0.08149568552253116,0.07604243990881951,32.0,0.4917115615821273,-0.006563491833103653,xp2,tf,2
3,time_only_ridge,Z,3752,1043,32,16,-0.00015759922143843141,-0.0009773590209078975,0.05800392794878644,0.052033644169569016,0.0021993957290911137,0.015340364333652923,0.07957813998082454,0.07921547050008082,29.0,0.5264471000928336,0.046520725380623865,xp2,tf,2
3,time_residual_eeg_ridge,Z_time_resid,3752,1043,32,16,0.050596419314388186,0.040337810292840004,0.0600066329975095,0.049780912697315216,-0.19272874684178065,0.020134228187919462,0.10162991371045062,0.08873979987131372,27.0,0.5420499855423154,0.051831043558409264,xp2,tf,2
3,time_residual_shifted_null,Z_time_resid,3752,1043,32,16,-0.02144752929598326,-0.014723839703947306,-0.0174042343810544,-0.034375354647636414,-0.33115170192157883,0.00862895493767977,0.061361457334611694,0.0631043854142173,34.0,0.4731058530794869,-0.02753072371306858,xp2,tf,2
1,real_eeg_ridge,Z,3692,1056,32,16,0.03494885837426409,0.03886931389570236,0.07050197948706227,0.08242133259773254,-0.28825338646201315,0.020833333333333332,0.11079545454545454,0.09151558739810417,27.0,0.5537978569893464,0.06274641267520205,xp2,tf,3
1,shifted_null_ridge,Z,3692,1056,32,16,0.009497315423686814,0.012326634023338556,0.009455898654557655,-0.001975594204850495,-0.3146804622719226,0.016098484848484848,0.08617424242424243,0.07727332220333016,31.5,0.509709557581898,0.008737318290463909,xp2,tf,3
1,time_only_ridge,Z,3692,1056,32,16,0.014172191423540426,0.003569250227883458,0.03258261492257561,0.026384000666439533,-0.0002368599050430742,0.019886363636363636,0.07575757575757576,0.07779369619488155,30.0,0.5160904894947449,0.033948042938480257,xp2,tf,3
1,time_residual_eeg_ridge,Z_time_resid,3692,1056,32,16,0.03444586352270562,0.03413625620305538,0.045578486341114374,0.05542001500725746,-0.28410648629615376,0.020833333333333332,0.11079545454545454,0.0899249377862175,28.0,0.5427482781206185,0.0464951344698711,xp2,tf,3
1,time_residual_shifted_null,Z_time_resid,3692,1056,32,16,0.009308356879046187,0.007783144013956189,-0.009438869880377544,-0.004223669064231217,-0.2937393034662912,0.016098484848484848,0.08049242424242424,0.07522261691242199,32.0,0.5006098855832898,0.004378885418780846,xp2,tf,3
2,real_eeg_ridge,Z,3817,976,32,16,0.03617008422588697,0.04404643550515175,0.05087949298870283,0.055993156507611275,-0.24722219107803656,0.018442622950819672,0.11270491803278689,0.09071981617824836,26.0,0.5417497134884647,0.046800160812663534,xp2,tf,3
2,shifted_null_ridge,Z,3817,976,32,16,0.006650983224972151,0.0011171563528478146,0.008045264274694434,0.014230126980692148,-0.28263930646685087,0.020491803278688523,0.09631147540983606,0.08535689065891641,29.0,0.5024893284833989,0.0006017802457643597,xp2,tf,3
2,time_only_ridge,Z,3817,976,32,16,0.006871648030937649,0.012479669414460659,0.06972797527701974,0.06622153893113136,0.004941854461188222,0.017418032786885244,0.08094262295081968,0.08124601507937794,26.0,0.5332882804325079,0.05958851393257242,xp2,tf,3
2,time_residual_eeg_ridge,Z_time_resid,3817,976,32,16,0.03214241506339022,0.04051504470407963,0.033993031634531316,0.030202490277588367,-0.25530189440048323,0.0194672131147541,0.09528688524590163,0.08666493611226965,27.0,0.5255476245840738,0.026602771801652006,xp2,tf,3
2,time_residual_shifted_null,Z_time_resid,3817,976,32,16,0.01353628650031169,0.015413364861160517,0.01778329469829498,0.02046897169202566,-0.25405920909836577,0.018442622950819672,0.0932377049180328,0.08661835633998334,28.0,0.514302738884183,0.016633913186393824,xp2,tf,3
3,real_eeg_ridge,Z,3738,1040,32,16,0.05135399862774648,0.03813050128519535,0.09170265441973523,0.10687645152211189,-0.1940002593167809,0.022115384615384617,0.1076923076923077,0.09352688614190637,26.0,0.5614186345569325,0.06849608691700516,xp2,tf,3
3,shifted_null_ridge,Z,3738,1040,32,16,-0.010378370817306859,-0.01017344044521451,0.001654880569899083,0.003323614480905235,-0.31794935188924756,0.01730769230769231,0.0798076923076923,0.0776700389648437,32.0,0.4925129244278181,-0.012699915752455552,xp2,tf,3
3,time_only_ridge,Z,3738,1040,32,16,-9.377809919897118e-05,0.0008718627723283134,0.05420347716788876,0.04974285326898098,0.0025072993244475983,0.01826923076923077,0.08269230769230769,0.08152776507953216,28.0,0.5278092770114047,0.04722315882970289,xp2,tf,3
3,time_residual_eeg_ridge,Z_time_resid,3738,1040,32,16,0.04822492424864322,0.03472604602575302,0.06154953764544888,0.06621577218174934,-0.19379682686384792,0.015384615384615385,0.1,0.08543131850074098,27.0,0.5450575429298834,0.05202311704832618,xp2,tf,3
3,time_residual_shifted_null,Z_time_resid,3738,1040,32,16,-0.030073558766162023,-0.02605852484703064,-0.021305845473632592,-0.02999748755246401,-0.3266113229994936,0.007692307692307693,0.052884615384615384,0.0630729679668886,33.0,0.47421803964357157,-0.029743298370579298,xp2,tf,3
1,real_eeg_ridge,Z,3677,1054,32,16,0.03963392261357512,0.03541632555425167,0.07571439990035195,0.07836708053946495,-0.27364907415822093,0.03225806451612903,0.11480075901328274,0.101589433029544,26.0,0.5602047738216372,0.0695493271126458,xp2,tf,4
1,shifted_null_ridge,Z,3677,1054,32,16,0.008242194744525477,0.009908309672027826,0.007364850852639477,0.001386149029713124,-0.30277394074162856,0.015180265654648957,0.08349146110056926,0.07734338196200914,32.0,0.5051923527709354,0.006948474845897474,xp2,tf,4
1,time_only_ridge,Z,3677,1054,32,16,0.0143626876192684,0.006708616740070283,0.026900933169383152,0.020374205894768238,-0.0010464956630518163,0.017077798861480076,0.07020872865275142,0.07471208100213426,31.0,0.5133272570365219,0.03048112601382392,xp2,tf,4
1,time_residual_eeg_ridge,Z_time_resid,3677,1054,32,16,0.0385770414104627,0.03257354628294706,0.05384667002661348,0.0497579425573349,-0.26718040331766124,0.029411764705882353,0.11290322580645161,0.09793416065301307,28.0,0.5475951483912873,0.05490617496886672,xp2,tf,4
1,time_residual_shifted_null,Z_time_resid,3677,1054,32,16,0.01682464443592835,0.01073663542047143,0.0008206315191932715,0.006260802736505866,-0.29530072888324166,0.019924098671726755,0.07969639468690702,0.07982559948955116,30.0,0.509503053208193,0.014381171930554012,xp2,tf,4
2,real_eeg_ridge,Z,3807,969,32,16,0.03763408433587756,0.04346011206507683,0.04799450171839396,0.05676194652915001,-0.2526237676242977,0.025799793601651185,0.09803921568627451,0.09636441267387223,25.0,0.5410766900200203,0.046562584676472986,xp2,tf,4
2,shifted_null_ridge,Z,3807,969,32,16,0.003915034412784735,0.006049710558727384,0.0017869719677253086,0.009329738095402718,-0.28346171758957617,0.022703818369453045,0.09700722394220847,0.08713976142234911,29.0,0.4989256317833515,-0.005548163685447721,xp2,tf,4
2,time_only_ridge,Z,3807,969,32,16,0.008185204525943846,0.012070768047124147,0.06678310199516797,0.06431075185537338,0.0042052941085384266,0.014447884416924664,0.08771929824561403,0.08059821846042735,26.0,0.5349709169200352,0.06117376900563948,xp2,tf,4
2,time_residual_eeg_ridge,Z_time_resid,3807,969,32,16,0.03417985346459318,0.04145093075931072,0.03463625582436631,0.03212976083159447,-0.257706195882901,0.023735810113519093,0.09287925696594428,0.08875994098026503,27.0,0.5235189422832444,0.026057555820914048,xp2,tf,4
2,time_residual_shifted_null,Z_time_resid,3807,969,32,16,0.018468092352122767,0.017867404967546463,0.015052807505095476,0.0045805927366018295,-0.25142253910164136,0.017543859649122806,0.08771929824561403,0.08136057826540335,28.0,0.512555543447992,0.015063073067875396,xp2,tf,4
3,real_eeg_ridge,Z,3724,1037,32,16,0.049860055980389006,0.04015459679067135,0.087618754199931,0.08012529462575912,-0.19010695254761245,0.01832208293153327,0.10896817743490839,0.09126105371650532,26.0,0.5587902540441217,0.06784187684990352,xp2,tf,4
3,shifted_null_ridge,Z,3724,1037,32,16,-0.023190311418147758,-0.022736205719411373,-0.0017665474374285515,-0.00857244711369276,-0.32748836708391615,0.017357762777242044,0.08775313404050145,0.07768003519197313,33.0,0.4924907477840269,-0.013857547161251316,xp2,tf,4
3,time_only_ridge,Z,3724,1037,32,16,-0.000251748577284161,-0.0014801874058321118,0.04830479699737849,0.043014634400606155,0.002591676682038968,0.01639344262295082,0.08389585342333655,0.0813087124969377,29.0,0.5303414784778249,0.04918999693715717,xp2,tf,4
3,time_residual_eeg_ridge,Z_time_resid,3724,1037,32,16,0.0467690498335287,0.0361812524497509,0.059678143234303795,0.059109415858983994,-0.18854865324782955,0.019286403085824494,0.10703953712632594,0.08993033740898305,27.0,0.5456165359942979,0.05078349358568924,xp2,tf,4
3,time_residual_shifted_null,Z_time_resid,3724,1037,32,16,-0.03411542543472024,-0.02977872733026743,-0.020581579945228565,-0.026328133419156075,-0.3270994277807968,0.01446480231436837,0.06075216972034716,0.06794684775104658,34.0,0.47416134427161216,-0.024005042246872138,xp2,tf,4
1,real_eeg_ridge,Z,3662,1052,32,16,0.03512172035698313,0.03606425877660513,0.0681199771473286,0.0714990459382534,-0.27589450993575415,0.026615969581749048,0.1150190114068441,0.0964381619252671,27.0,0.5518377693282636,0.06331182646987231,xp2,tf,5
1,shifted_null_ridge,Z,3662,1052,32,16,0.00904841513329302,0.008201679214835167,0.0176805944040388,0.02356639038771391,-0.2870818520891316,0.009505703422053232,0.0741444866920152,0.07221820941793328,29.0,0.519421811817249,0.01970737537937885,xp2,tf,5
1,time_only_ridge,Z,3662,1052,32,16,0.014635624604125042,0.01682578632608056,0.021648109954842253,0.014224233571439981,-0.0025155001163039703,0.01806083650190114,0.06844106463878327,0.07499794823716971,30.5,0.5097501357957632,0.02763120772413051,xp2,tf,5
1,time_residual_eeg_ridge,Z_time_resid,3662,1052,32,16,0.03414868100298918,0.031221263110637665,0.05294029521509377,0.05810032598674297,-0.26584863758033084,0.026615969581749048,0.11026615969581749,0.09559908534361197,27.0,0.5458657734323134,0.052156030520753335,xp2,tf,5
1,time_residual_shifted_null,Z_time_resid,3662,1052,32,16,0.009028490054333815,0.005861787358298898,-0.008187710138891219,0.0034124263329431415,-0.3101651998948487,0.01806083650190114,0.0779467680608365,0.07797790402394537,31.0,0.5017743979721166,0.0023606174684204146,xp2,tf,5
2,real_eeg_ridge,Z,3797,962,32,16,0.03810922886077606,0.04437620937824249,0.04449061009722613,0.0435990858823061,-0.2544703818958478,0.02494802494802495,0.10291060291060292,0.0952369262168596,26.0,0.5369402369402368,0.04318428971662398,xp2,tf,5
2,shifted_null_ridge,Z,3797,962,32,16,0.0016555175045596116,0.005793307209387422,0.0018070380593332503,0.0008943525026552379,-0.274002476989919,0.017671517671517672,0.10083160083160084,0.08628391028706087,29.0,0.49780219780219775,-0.0027865059558742043,xp2,tf,5
2,time_only_ridge,Z,3797,962,32,16,0.0065546129262656905,0.00034347764449194074,0.0628055913532114,0.059508347883820534,0.0030026880602397332,0.016632016632016633,0.09147609147609148,0.08464475821705228,26.0,0.5358380358380358,0.06208596688714875,xp2,tf,5
2,time_residual_eeg_ridge,Z_time_resid,3797,962,32,16,0.034939025856317585,0.04254850745201111,0.03837924095442114,0.03751206956803799,-0.25535790671244674,0.02079002079002079,0.104989604989605,0.08750632898944523,26.5,0.5262086262086262,0.027987309416261402,xp2,tf,5
2,time_residual_shifted_null,Z_time_resid,3797,962,32,16,0.01316502393456176,0.0048201242461800575,0.006278129704311035,0.008800762239843607,-0.26518842150923705,0.013513513513513514,0.08108108108108109,0.07730774527072165,28.0,0.5074844074844075,0.0030633340737080393,xp2,tf,5
3,real_eeg_ridge,Z,3710,1034,32,16,0.053947945445543155,0.053239841014146805,0.09553136139788304,0.09538626670837402,-0.18283846439677243,0.020309477756286266,0.10831721470019343,0.09374879721756782,25.0,0.5699855699855699,0.0747508994944509,xp2,tf,5
3,shifted_null_ridge,Z,3710,1034,32,16,-0.019186428564353264,-0.025711231864988804,-0.0050513917922005835,-0.00426450977101922,-0.3275437682555873,0.017408123791102514,0.086073500967118,0.07830756898261339,32.0,0.4922292837186455,-0.011629598246900838,xp2,tf,5
3,time_only_ridge,Z,3710,1034,32,16,-0.0002610886367619969,-0.0038048711139708757,0.038901177038088694,0.043623318895697594,0.0012949506260754307,0.015473887814313346,0.08704061895551257,0.08169815312868778,29.0,0.527889840655798,0.045389806158948186,xp2,tf,5
3,time_residual_eeg_ridge,Z_time_resid,3710,1034,32,16,0.05096492014126852,0.04990311339497566,0.07124370022194336,0.08169733732938766,-0.17847794039280895,0.025145067698259187,0.11121856866537717,0.09563900875531516,27.0,0.5568511866384206,0.060967801925076205,xp2,tf,5
3,time_residual_shifted_null,Z_time_resid,3710,1034,32,16,-0.018909254351456184,-0.006527732592076063,-0.007380384767496268,-0.0054424607660621405,-0.3014289584565557,0.010638297872340425,0.07543520309477757,0.07155213606800152,32.0,0.48963802155291514,-0.010902374044709912,xp2,tf,5
1,real_eeg_ridge,Z,3647,1050,32,16,0.032488395994732855,0.029480179771780968,0.06163664536339985,0.0624496228992939,-0.2808370562103082,0.025714285714285714,0.11047619047619048,0.09347173167714204,28.0,0.5463007627293341,0.060290892109476794,xp2,tf,6
1,shifted_null_ridge,Z,3647,1050,32,16,0.013028687289988738,0.012015958316624165,0.02154184073177887,0.025566093623638153,-0.2840603697178994,0.015238095238095238,0.10285714285714286,0.08293862957438226,30.0,0.5209193980622552,0.02250138164437791,xp2,tf,6
1,time_only_ridge,Z,3647,1050,32,16,0.015186049509679833,0.020402662456035614,0.021951732434598463,0.022088155150413513,-0.004268889680734578,0.018095238095238095,0.07523809523809524,0.07641281925144067,31.0,0.5092472342472343,0.02554274942239006,xp2,tf,6
1,time_residual_eeg_ridge,Z_time_resid,3647,1050,32,16,0.03204994303678177,0.029602115973830223,0.047046807817033756,0.043618038296699524,-0.26901919299715926,0.02666666666666667,0.1019047619047619,0.09149362334454925,28.0,0.5388191438191439,0.04720771687862198,xp2,tf,6
1,time_residual_shifted_null,Z_time_resid,3647,1050,32,16,0.006824152811532258,0.0081674475222826,-0.008344650788543125,-0.00492624007165432,-0.3188878731450435,0.013333333333333334,0.08666666666666667,0.07539650314883636,31.0,0.5035271078128222,-0.0008348197965904943,xp2,tf,6
2,real_eeg_ridge,Z,3787,955,32,16,0.039463708804760245,0.03149094991385937,0.04502609131238496,0.04630296304821968,-0.25867003886660367,0.027225130890052355,0.1130890052356021,0.09632383821118572,26.0,0.5390962731276868,0.04386913226683197,xp2,tf,6
2,shifted_null_ridge,Z,3787,955,32,16,0.007607727789945784,0.014031852129846811,0.012890752953847782,0.01567399688065052,-0.2581745847518282,0.01780104712041885,0.09109947643979058,0.08503831372804446,28.0,0.504776259226521,0.009660727444127697,xp2,tf,6
2,time_only_ridge,Z,3787,955,32,16,0.0032310836541000754,0.00047162058763206005,0.06129511927147225,0.059147074818611145,0.0018383923487469422,0.016753926701570682,0.09319371727748692,0.08615503620066046,26.0,0.5364255872109275,0.0629842067625141,xp2,tf,6
2,time_residual_eeg_ridge,Z_time_resid,3787,955,32,16,0.036821566049184185,0.0330546498298645,0.03823753664718334,0.03460371866822243,-0.25638007286523523,0.028272251308900525,0.10471204188481675,0.09398308729307793,26.0,0.5245431125012276,0.029669393456129484,xp2,tf,6
2,time_residual_shifted_null,Z_time_resid,3787,955,32,16,0.013407643647724399,0.003976354724727571,0.0034914584144710987,0.008869840763509274,-0.27324729938023684,0.018848167539267015,0.08272251308900523,0.08210981220791191,28.0,0.5051049009164194,-0.00039961256668774267,xp2,tf,6
3,real_eeg_ridge,Z,3696,1031,32,16,0.052618827641708776,0.04134923033416271,0.08754737750312294,0.09886030107736588,-0.1854189605387444,0.014548981571290009,0.1096023278370514,0.08899393453620871,25.0,0.5662216595776246,0.06904030905845736,xp2,tf,6
3,shifted_null_ridge,Z,3696,1031,32,16,-0.009210575319229974,-0.008584627415984869,-0.003679820879127209,-0.014644550159573555,-0.3264242449680155,0.014548981571290009,0.07856450048496605,0.07458164860456855,32.0,0.4946821687849815,-0.009762254880338668,xp2,tf,6
3,time_only_ridge,Z,3696,1031,32,16,-5.790760042145848e-06,-0.003114415565505624,0.03556110213652852,0.04830348864197731,-0.00010880186731720976,0.016488845780795344,0.08826382153249272,0.08274725596070462,29.0,0.5290528256095666,0.04494970929321761,xp2,tf,6
3,time_residual_eeg_ridge,Z_time_resid,3696,1031,32,16,0.05012157923192717,0.04177616909146309,0.06595313666326515,0.07187265902757645,-0.17808544540092353,0.015518913676042677,0.11057225994180407,0.08855290421187141,26.0,0.5533315698204156,0.05644038690091232,xp2,tf,6
3,time_residual_shifted_null,Z_time_resid,3696,1031,32,16,-0.004409013097756542,0.0009980599861592054,0.0039173606258943935,-0.007916693575680256,-0.27879883428405305,0.01066925315227934,0.07662463627546072,0.07078828806792702,31.0,0.49853880358245056,0.0029609923034740423,xp2,tf,6
1,real_eeg_ridge,Z,3632,1048,32,16,0.02740722090311465,0.023275149054825306,0.05464681498031371,0.061920009553432465,-0.28633633786531165,0.02480916030534351,0.10209923664122138,0.0909237443063038,27.5,0.5422485551413297,0.054651995179986035,xp2,tf,7
1,shifted_null_ridge,Z,3632,1048,32,16,0.011149043240948231,0.00927804410457611,0.01889102743073893,0.02514760009944439,-0.280724894860777,0.01717557251908397,0.08301526717557252,0.07943940662488506,30.0,0.5202241468218745,0.0198632656508091,xp2,tf,7
1,time_only_ridge,Z,3632,1048,32,16,0.013515343318431405,0.01831408590078354,0.012681298057472971,0.0069935310166329145,-0.005719818959162737,0.01812977099236641,0.07729007633587787,0.0766618017041887,32.0,0.5041792413752293,0.018383916456788354,xp2,tf,7
1,time_residual_eeg_ridge,Z_time_resid,3632,1048,32,16,0.0272479262566776,0.023722241632640362,0.04216943035948731,0.04957466199994087,-0.27430060905409004,0.02099236641221374,0.09446564885496184,0.08779680503910463,27.0,0.5351838232186182,0.043530792926579354,xp2,tf,7
1,time_residual_shifted_null,Z_time_resid,3632,1048,32,16,-0.001853772763752204,-0.0009740485256770626,-0.01637579072959977,-0.011821477208286524,-0.32479404809379364,0.019083969465648856,0.08015267175572519,0.0770080975878575,32.0,0.49545831114267114,-0.009527834690850171,xp2,tf,7
2,real_eeg_ridge,Z,3777,948,32,16,0.03299356295610778,0.02616811729967594,0.04455990444804701,0.04081093147397041,-0.25493917358062723,0.023206751054852322,0.10443037974683544,0.0935323346658516,26.0,0.5369151585666158,0.04402030860264771,xp2,tf,7
2,shifted_null_ridge,Z,3777,948,32,16,0.005283343156406772,0.010920749511569738,0.014371366455384976,0.02868114411830902,-0.26203065001573544,0.029535864978902954,0.0949367088607595,0.09169523156977227,28.0,0.5065767647457373,0.009429686340550624,xp2,tf,7
2,time_only_ridge,Z,3777,948,32,16,0.002290391315909801,0.0033946288167499006,0.05554487875664341,0.05090866982936859,0.0007897790241815361,0.016877637130801686,0.09915611814345991,0.08713673731050395,26.0,0.5375175419332028,0.059469893460897746,xp2,tf,7
2,time_residual_eeg_ridge,Z_time_resid,3777,948,32,16,0.030803268346062396,0.02217691857367754,0.039260912984543754,0.03892175294458866,-0.24920478306949678,0.022151898734177215,0.10021097046413502,0.09069916609783041,25.0,0.5290405633355295,0.03126364473806637,xp2,tf,7
2,time_residual_shifted_null,Z_time_resid,3777,948,32,16,0.006693245629321609,0.009512646589428186,-0.009278758651997407,0.0015673184534534812,-0.29821312172923675,0.012658227848101266,0.08966244725738397,0.07786174712190429,29.0,0.4933515878467306,-0.0112495253880992,xp2,tf,7
3,real_eeg_ridge,Z,3682,1028,32,16,0.048680837848223746,0.03768784739077091,0.08250198486164359,0.09296317026019096,-0.1897712668951459,0.02529182879377432,0.10505836575875487,0.0953628475798738,25.0,0.559527400378907,0.06523867566326536,xp2,tf,7
3,shifted_null_ridge,Z,3682,1028,32,16,-0.011171162859682227,-0.0057297570165246725,-0.006648289323026239,0.004285298986360431,-0.32228541995721005,0.014591439688715954,0.07879377431906615,0.07421733689086896,31.0,0.49698942708625093,-0.006305249906584318,xp2,tf,7
3,time_only_ridge,Z,3682,1028,32,16,-0.0036062359358766116,-0.0036126585910096765,0.027744299719125533,0.03404455631971359,-0.002275936038736992,0.01556420233463035,0.08657587548638132,0.08097652262558178,29.0,0.5273745247503279,0.03883669206699015,xp2,tf,7
3,time_residual_eeg_ridge,Z_time_resid,3682,1028,32,16,0.04628033420885913,0.03696427866816521,0.0634927302394547,0.07580363750457764,-0.18112885769972875,0.023346303501945526,0.11089494163424124,0.09381423026062694,26.0,0.5511481400088767,0.05644216312260682,xp2,tf,7
3,time_residual_shifted_null,Z_time_resid,3682,1028,32,16,-0.0019021777698071674,-0.002548986580222845,0.00946723983835143,0.009521476458758116,-0.27022119437289227,0.014591439688715954,0.07782101167315175,0.07528583889771558,30.0,0.5046875022442845,0.00969801046796139,xp2,tf,7
1,real_eeg_ridge,Z,3617,1046,32,16,0.02602128954458749,0.021151199005544186,0.044461995259786107,0.05202789045870304,-0.2759638800842874,0.018164435946462717,0.09751434034416825,0.08384782432109651,29.0,0.5333925157060913,0.046500879552976035,xp2,tf,8
1,shifted_null_ridge,Z,3617,1046,32,16,0.004793745731149102,0.005300811259075999,0.010616147460097765,0.016984798945486546,-0.28916977233937047,0.015296367112810707,0.08604206500956023,0.07879387673444752,30.5,0.5093781298370209,0.009517895427185315,xp2,tf,8
1,time_only_ridge,Z,3617,1046,32,16,0.012135889737692196,0.01475015701726079,0.009945913271495029,0.020125827752053738,-0.007051320766861657,0.016252390057361378,0.08317399617590822,0.07576015948474639,31.5,0.5018058211174846,0.014747652774241867,xp2,tf,8
1,time_residual_eeg_ridge,Z_time_resid,3617,1046,32,16,0.025411996422008087,0.01807255018502474,0.0361982085948649,0.03787502273917198,-0.264151997231008,0.014340344168260038,0.08891013384321224,0.07915713031148824,28.5,0.528771738140763,0.037834587639305306,xp2,tf,8
1,time_residual_shifted_null,Z_time_resid,3617,1046,32,16,0.0010233908687951043,-0.0003341014962643385,-0.013238829658107699,-0.01154650328680873,-0.3195434651393747,0.01338432122370937,0.07265774378585087,0.07469685640696055,31.0,0.4980803666272118,-0.006214539358319129,xp2,tf,8
2,real_eeg_ridge,Z,3767,941,32,16,0.032484229956025956,0.022798217833042145,0.0407534705471385,0.04094724357128143,-0.25228671365332445,0.025504782146652496,0.10839532412327312,0.09523302803219907,25.0,0.5359462240439924,0.042548543147846604,xp2,tf,8
2,shifted_null_ridge,Z,3767,941,32,16,-0.003975457402702887,0.004438912030309439,0.009158805164902676,0.012825997546315193,-0.2770229233942112,0.022316684378320937,0.0871413390010627,0.08503460838444434,28.0,0.49811075687802575,0.0018995880344523015,xp2,tf,8
2,time_only_ridge,Z,3767,941,32,16,0.0005870574677828699,0.009533039294183254,0.055847377361802175,0.04897773638367653,0.0008664602147847589,0.021253985122210415,0.10201912858660998,0.08970563923106632,25.0,0.5369414503314609,0.05865661685781622,xp2,tf,8
2,time_residual_eeg_ridge,Z_time_resid,3767,941,32,16,0.030086788809057907,0.023248557932674885,0.03808285666098442,0.05274144187569618,-0.244500412317455,0.022316684378320937,0.10414452709883103,0.09008442987249134,25.0,0.5294182143278849,0.030762091288348926,xp2,tf,8
2,time_residual_shifted_null,Z_time_resid,3767,941,32,16,0.016232523244980257,0.014863327145576477,-0.0012030559823913629,0.0008853925974108279,-0.2838943403587084,0.025504782146652496,0.09139213602550478,0.0880896054282862,28.0,0.498920432501729,-0.005287927228555316,xp2,tf,8
3,real_eeg_ridge,Z,3668,1025,32,16,0.05106080811947322,0.04064719192683697,0.0799047845260243,0.09148349612951279,-0.19894622460638534,0.03219512195121951,0.11414634146341464,0.10217243710998523,25.0,0.565110336817654,0.06771898646442753,xp2,tf,8
3,shifted_null_ridge,Z,3668,1025,32,16,0.000695396922310465,0.004698463017120957,0.0006077454207328762,0.016520628705620766,-0.32460882157771276,0.021463414634146343,0.09853658536585366,0.08379692860167862,30.0,0.5051413085559426,-0.0011459618224331546,xp2,tf,8
3,time_only_ridge,Z,3668,1025,32,16,-0.0037934020801912993,-0.005120204528793693,0.027412667270471546,0.038555048406124115,-0.0019085600694712657,0.013658536585365854,0.08878048780487804,0.07975116542631962,29.0,0.5262330623306233,0.0383560442468114,xp2,tf,8
3,time_residual_eeg_ridge,Z_time_resid,3668,1025,32,16,0.04902061211942055,0.04000350646674633,0.06550897782180094,0.0807516872882843,-0.18865120103452426,0.03024390243902439,0.12097560975609756,0.10110586629016861,25.0,0.557901664730933,0.060017979513616926,xp2,tf,8
3,time_residual_shifted_null,Z_time_resid,3668,1025,32,16,0.002471296742442064,0.0073155504651367664,0.014695665529395295,0.004832983948290348,-0.2765728785407138,0.00975609756097561,0.08,0.07300966546027986,30.0,0.5079829655439412,0.015480365028511453,xp2,tf,8
