fold,method,target_mode,n_train,n_test,y_dim,context_steps,target_corr_mean,target_corr_median,row_corr_mean,row_corr_median,r2,retrieval_top1,retrieval_top5,retrieval_mrr,retrieval_median_rank,retrieval_rank_percentile_mean,diag_minus_offdiag,dataset_name,calib_frac,n_calib_seq
1,real_eeg_ridge,calib0,12736,2863,32,16,0.0018225538183287426,0.000573285054997541,0.012227605472641604,0.0165975634008646,-0.531073296904081,0.0013971358714634998,0.012224938875305624,0.015472441633654433,198.0,0.5114638765041468,0.011395839451108896,affective,0.0,0
1,shifted_null_ridge,calib0,12736,2863,32,16,-0.00439970320132943,-0.004635361838154495,-0.00016612205191585548,0.007867696695029736,-0.5046064652212368,0.0013971358714634998,0.010129235068110374,0.014276911722406992,202.0,0.496388164067583,-0.004040741786272609,affective,0.0,0
1,time_only_ridge,calib0,12736,2863,32,16,-0.0005367684225348057,2.875101927202195e-05,0.007838996344673272,0.0037279431708157063,-1.3027592965730861e-05,0.0027942717429269995,0.012923506811037374,0.01683301941385611,208.0,0.5001754980720895,0.0028683553999907276,affective,0.0,0
1,train_mean,calib0,12736,2863,32,16,-2.881780410792906e-09,-6.5056693365761475e-09,-0.0044827775640285976,-0.011050635017454624,-6.415598545972401e-06,0.0024449877750611247,0.012224938875305624,0.016117733048088983,205.0,0.5,4.414251702262411e-19,affective,0.0,0
1,time_residual_eeg_ridge,calib0_time_resid,12736,2863,32,16,0.0018384063350822544,0.0004433067515492439,0.01068274008796215,0.013487620279192924,-0.5297822417225944,0.0013971358714634998,0.011526370939573873,0.01540077000835111,198.0,0.5114493230054858,0.011483430498136887,affective,0.0,0
1,time_residual_shifted_null,calib0_time_resid,12736,2863,32,16,-0.0004695993266068399,-0.0013881686027161777,0.009041842016676863,0.008147310465574265,-0.64064103683719,0.0034928396786587496,0.011177086971707998,0.017291481033164996,200.0,0.5082235828316657,0.009611937833026229,affective,0.0,0
1,time_residual_mean,calib0_time_resid,12736,2863,32,16,2.3540710908376283e-09,1.4044258811463095e-09,0.003315375835496497,0.0016014798311516643,-5.957299387349124e-06,0.0024449877750611247,0.012224938875305624,0.016117733048088983,205.0,0.5,4.956352788505163e-19,affective,0.0,0
2,real_eeg_ridge,calib0,12742,2861,32,16,0.007204676542642119,0.015156949404627085,0.028612095747600267,0.03908941522240639,-0.2436661394728159,0.0013981125480601187,0.016777350576721427,0.017276074924778416,195.0,0.5184042912926239,0.022759861018247434,affective,0.0,0
2,shifted_null_ridge,calib0,12742,2861,32,16,-0.006527468649437651,-0.011761920992285013,-0.01620424879567527,-0.023590469732880592,-0.1920407565161626,0.0013981125480601187,0.01048584411045089,0.014554679202222155,208.0,0.49634460685647064,-0.00378734397829959,affective,0.0,0
2,time_only_ridge,calib0,12742,2861,32,16,-9.112674035804957e-06,-0.0009407666220795363,-0.016790894980010275,-0.02809595689177513,-5.970592613735448e-05,0.0010485844110450892,0.01048584411045089,0.014414526796329954,204.0,0.4965354707250689,-0.0025085522502269536,affective,0.0,0
2,train_mean,calib0,12742,2861,32,16,-1.42829252698544e-09,-5.8756879361965275e-09,-0.009657995338315399,-0.010974402539432049,-2.6156881927086317e-06,0.002446696959105208,0.01223348479552604,0.01612728897186702,205.0,0.5,-2.458815641172483e-19,affective,0.0,0
2,time_residual_eeg_ridge,calib0_time_resid,12742,2861,32,16,0.007251560004078783,0.014758935198187828,0.02991569082644978,0.04195408895611763,-0.2452280690182984,0.0013981125480601187,0.016078294302691365,0.017240970118214426,194.0,0.5187809759731732,0.023205732742254747,affective,0.0,0
2,time_residual_shifted_null,calib0_time_resid,12742,2861,32,16,-0.003673416587844258,-0.010492116212844849,-0.010332842663792047,-0.004772738553583622,-0.2095074719028931,0.002446696959105208,0.01223348479552604,0.01553660645273571,204.0,0.4986286388628901,-0.005393644905761907,affective,0.0,0
2,time_residual_mean,calib0_time_resid,12742,2861,32,16,1.3866608820785457e-09,2.502497986611729e-09,-0.015505579899274386,-0.029207883402705193,-1.3646272691847372e-06,0.002446696959105208,0.01223348479552604,0.01612728897186702,205.0,0.5,1.169389486037937e-18,affective,0.0,0
3,real_eeg_ridge,calib0,12736,2863,32,16,0.006433345462028228,0.009829471353441477,0.01837075108564171,0.01784362643957138,-0.35321968285204575,0.0017464198393293748,0.015717778553964373,0.018138494433250663,193.0,0.5185968030243883,0.026705816399984362,affective,0.0,0
3,shifted_null_ridge,calib0,12736,2863,32,16,9.421511276741512e-05,-0.001608443504665047,0.0015094948621789449,-0.006395270116627216,-0.2115854416069094,0.0013971358714634998,0.010129235068110374,0.014579889889244526,203.0,0.5038780793490991,0.003534765908606331,affective,0.0,0
3,time_only_ridge,calib0,12736,2863,32,16,-0.00023098541078070411,0.00030196002626325935,-0.008091868897715786,-0.0015483433380723,-0.00021443018222844223,0.0027942717429269995,0.010478519035976248,0.015359422839259354,201.0,0.5020066706389157,0.0004063846346831044,affective,0.0,0
3,train_mean,calib0,12736,2863,32,16,3.5954609289845507e-09,2.305095891941278e-09,-0.008351668734153557,-0.00945244263857603,-5.714825250580091e-06,0.0024449877750611247,0.012224938875305624,0.016117733048088983,205.0,0.5,-3.717264591378872e-19,affective,0.0,0
3,time_residual_eeg_ridge,calib0_time_resid,12736,2863,32,16,0.006430399816963472,0.009656342677772045,0.020439786552175862,0.025283653289079666,-0.3520575586035144,0.0017464198393293748,0.016416346489696122,0.018416292503923654,193.0,0.5194905590598098,0.02847099948192777,affective,0.0,0
3,time_residual_shifted_null,calib0_time_resid,12736,2863,32,16,0.005047537986229145,0.005042824661359191,-0.0013699139601461153,0.002762554446235299,-0.23601325313550925,0.0031435557107928748,0.013622074746769124,0.016782876265378766,205.0,0.5015692095909268,-0.004496197483239059,affective,0.0,0
3,time_residual_mean,calib0_time_resid,12736,2863,32,16,6.328447987868913e-10,3.108190593792415e-09,-0.016278667109176578,-0.03553605079650879,-5.092582529231393e-06,0.0024449877750611247,0.012224938875305624,0.016117733048088983,205.0,0.5,4.956352788505163e-19,affective,0.0,0
1,real_eeg_ridge,calib0.1,13373,2863,32,16,0.011739435063191195,0.00955922994762659,0.014074485396426022,0.018923938274383545,-0.40492497922490633,0.0013971358714634998,0.010478519035976248,0.01544071580217418,197.0,0.5123139720435852,0.01703504490097393,affective,0.1,637
1,shifted_null_ridge,calib0.1,13373,2863,32,16,0.0041187932462207755,0.008982385508716106,0.010913218148030734,0.010006305761635303,-0.22295580023350148,0.00209570380719525,0.012923506811037374,0.016319200013675223,199.0,0.5098938108250636,0.010332969030771551,affective,0.1,637
1,time_only_ridge,calib0.1,13373,2863,32,16,0.00014527482835546834,0.0014546982129104435,0.008486108354577871,0.008262855932116508,-1.2982405076300552e-05,0.0017464198393293748,0.012224938875305624,0.01532580385168487,202.0,0.5020854307493169,0.0030039606905841185,affective,0.1,637
1,train_mean,calib0.1,13373,2863,32,16,-1.2735699746264417e-09,-7.629180620583043e-10,-0.010581689559841515,-0.006394688040018082,-7.464882918917226e-06,0.0024449877750611247,0.012224938875305624,0.016117733048088983,205.0,0.5,-1.734723475976807e-18,affective,0.1,637
1,time_residual_eeg_ridge,calib0.1_time_resid,13373,2863,32,16,0.011774469108786434,0.009558620862662792,0.013823327137276216,0.018072525039315224,-0.40408003026437456,0.0013971358714634998,0.010827803003842123,0.015665788072998038,196.0,0.5124449535315349,0.017146504769261595,affective,0.1,637
1,time_residual_shifted_null,calib0.1_time_resid,13373,2863,32,16,-0.0011544913959369296,0.001755691395374015,0.00030025367420853107,-0.003923633601516485,-0.24784668819827016,0.0038421236465246244,0.014669926650366748,0.017256053694090584,205.0,0.5006437782937135,-0.001179146421119152,affective,0.1,637
1,time_residual_mean,calib0.1_time_resid,13373,2863,32,16,6.820696341058862e-10,6.567651839040067e-10,0.0012174999313352554,0.0009998772293329239,-6.101688402093686e-06,0.0024449877750611247,0.012224938875305624,0.016117733048088983,205.0,0.5,-6.195440985631454e-20,affective,0.1,637
2,real_eeg_ridge,calib0.1,13377,2861,32,16,0.01034584821354656,0.016719255596399307,0.024763072493902125,0.03685734048485756,-0.1571019743010993,0.004194337644180357,0.0129325410695561,0.018602039413185938,196.0,0.5156494213710747,0.019628594519412648,affective,0.1,635
2,shifted_null_ridge,calib0.1,13377,2861,32,16,-0.0060745570065137144,-0.005438837688416243,-0.00806780073986385,-0.009173283353447914,-0.1674700650193197,0.0020971688220901784,0.01083537224746592,0.015444575219438955,205.0,0.5026495375597237,0.0010512622589178694,affective,0.1,635
2,time_only_ridge,calib0.1,13377,2861,32,16,-0.0005401488306233659,-0.0013881013146601617,-0.01847601028297649,-0.015623201616108418,-5.2142567177781984e-05,0.002446696959105208,0.008738203425375743,0.015251920748906243,202.0,0.49894749508717656,-0.002807491592037115,affective,0.1,635
2,train_mean,calib0.1,13377,2861,32,16,1.4502300067901915e-09,-6.638291027982746e-10,0.008619820301285731,0.018311919644474983,-4.811438602203566e-06,0.002446696959105208,0.01223348479552604,0.01612728897186702,205.0,0.5,2.2613359597554807e-18,affective,0.1,635
2,time_residual_eeg_ridge,calib0.1_time_resid,13377,2861,32,16,0.010345822569433949,0.016037078574299812,0.02514662232453692,0.03442619740962982,-0.1561820104058309,0.003844809507165327,0.0129325410695561,0.01842358962986594,196.0,0.5160463858915548,0.01993079465178787,affective,0.1,635
2,time_residual_shifted_null,calib0.1_time_resid,13377,2861,32,16,-0.0021182426644372754,0.0007843485800549388,0.026509695139428996,0.03305957838892937,-0.10794273425119738,0.0031457532331352674,0.013981125480601188,0.01753411130207473,197.0,0.5134695147689902,0.017277319186871004,affective,0.1,635
2,time_residual_mean,calib0.1_time_resid,13377,2861,32,16,3.0570140308050497e-09,2.0533278966006208e-09,0.005523383438635346,0.012088987044990063,-1.4545472446503283e-06,0.002446696959105208,0.01223348479552604,0.01612728897186702,205.0,0.5,6.195440985631454e-19,affective,0.1,635
3,real_eeg_ridge,calib0.1,13373,2863,32,16,0.011512134125950979,0.012779353186488152,0.03191912038903192,0.032874226570129395,-0.13948665567008,0.001047851903597625,0.015717778553964373,0.017770164081304985,191.0,0.5295487388109278,0.038178351817763835,affective,0.1,637
3,shifted_null_ridge,calib0.1,13373,2863,32,16,-0.005305497087647382,-0.007425457937642932,-0.0050946106509441105,-0.001450842246413231,-0.13815247321155444,0.001047851903597625,0.012224938875305624,0.015033845186013367,205.0,0.4980027463308062,-0.005701351908990885,affective,0.1,637
3,time_only_ridge,calib0.1,13373,2863,32,16,-6.9121626438573e-05,0.00061416657990776,0.0006559996039661443,0.0024811034090816975,-0.0002254801352001845,0.0024449877750611247,0.013971358714634998,0.016282992383657626,201.0,0.5020340654599249,0.0026461388078848655,affective,0.1,637
3,train_mean,calib0.1,13373,2863,32,16,1.1093168605924575e-09,2.8749657099425008e-09,-0.0035795794471824714,-0.006714448798447847,-5.37730403737946e-06,0.0024449877750611247,0.012224938875305624,0.016117733048088983,205.0,0.5,-5.575896887068309e-19,affective,0.1,637
3,time_residual_eeg_ridge,calib0.1_time_resid,13373,2863,32,16,0.011526956093803165,0.012800103053450584,0.034671251162162846,0.03694738820195198,-0.13938437938050607,0.001047851903597625,0.01606706252183025,0.01790901189371804,190.0,0.5309082068035038,0.03978591686399292,affective,0.1,637
3,time_residual_shifted_null,calib0.1_time_resid,13373,2863,32,16,0.007255887122482818,0.006257905624806881,0.011072510101269403,0.008532525971531868,-0.12232057737075408,0.0038421236465246244,0.014320642682500873,0.01739678668780211,198.0,0.5115383561737653,0.01315760626322222,affective,0.1,637
3,time_residual_mean,calib0.1_time_resid,13373,2863,32,16,8.758705612639991e-10,2.857357350727341e-09,0.017215664607817614,0.030794508755207062,-5.07065778343474e-06,0.0024449877750611247,0.012224938875305624,0.016117733048088983,205.0,0.5,9.912705577010326e-19,affective,0.1,637
1,real_eeg_ridge,calib0.2,14010,2863,32,16,0.01959763720515184,0.014741237740963697,0.01754032922356067,0.02758379466831684,-0.3767968377967681,0.001047851903597625,0.009779951100244499,0.015388567187115348,193.0,0.5149224726565442,0.022323103478327617,affective,0.2,1274
1,shifted_null_ridge,calib0.2,14010,2863,32,16,0.0029156075452192454,-0.00038592625060118735,-0.0002676864977778169,-0.0057854377664625645,-0.35036239360959875,0.0038421236465246244,0.011875654907439748,0.01704939289635613,209.0,0.49923037674727594,-0.0016333067891773302,affective,0.2,1274
1,time_only_ridge,calib0.2,14010,2863,32,16,0.0002910101529423059,0.0007315637194551528,0.010686315910969907,0.007031884044408798,-1.2720975552271696e-05,0.00209570380719525,0.011526370939573873,0.015494417796443363,204.0,0.4999803099723997,0.00237465353103684,affective,0.2,1274
1,train_mean,calib0.2,14010,2863,32,16,3.100365193334068e-10,1.010764916209439e-09,-0.00023175547134881083,0.0144656328484416,-6.874466586426209e-06,0.0024449877750611247,0.012224938875305624,0.016117733048088983,205.0,0.5000000000000001,-1.053224967557347e-18,affective,0.2,1274
1,time_residual_eeg_ridge,calib0.2_time_resid,14010,2863,32,16,0.019602303713327274,0.014496403280645609,0.019229543545922333,0.029531259089708328,-0.3768362091540556,0.0006985679357317499,0.010478519035976248,0.015337403511122871,192.0,0.5157896899591131,0.022967981941376697,affective,0.2,1274
1,time_residual_shifted_null,calib0.2_time_resid,14010,2863,32,16,-0.0074470071886025835,-0.008805268909782171,-0.01466662937245042,-0.011194643564522266,-0.208325270344623,0.0024449877750611247,0.011526370939573873,0.015505678626718183,210.0,0.487476286358064,-0.013966966348534598,affective,0.2,1274
1,time_residual_mean,calib0.2_time_resid,14010,2863,32,16,3.0261218568009934e-09,1.4926203606435706e-09,-0.002057161146757434,0.0017476393841207027,-6.039210667552197e-06,0.0024449877750611247,0.012224938875305624,0.016117733048088983,205.0,0.5,2.168404344971009e-19,affective,0.2,1274
2,real_eeg_ridge,calib0.2,14014,2861,32,16,0.015065950530697592,0.020938810892403126,0.025662154723155743,0.0343264676630497,-0.109618359967949,0.002446696959105208,0.016078294302691365,0.018869652362557623,194.0,0.5198622537397367,0.024414482038244895,affective,0.2,1272
2,shifted_null_ridge,calib0.2,14014,2861,32,16,-0.005453905316244345,-0.000995102571323514,-0.005313182748509593,-0.0028535565361380577,-0.12012684865818501,0.0013981125480601187,0.01223348479552604,0.014896557209772288,208.0,0.4903792236802156,-0.015426949346093706,affective,0.2,1272
2,time_only_ridge,calib0.2,14014,2861,32,16,-0.0007002148222454707,-0.0007534034084528685,-0.013477926023365654,-0.021530305966734886,-6.234355974421568e-05,0.0017476406850751485,0.008039147151345682,0.014880086868718917,205.0,0.49839744742164005,-0.0014750932681146555,affective,0.2,1272
2,train_mean,calib0.2,14014,2861,32,16,1.4792063566090467e-09,1.3625120476312702e-10,-0.006284972222674734,-0.004694669507443905,-2.879098673691516e-06,0.002446696959105208,0.01223348479552604,0.01612728897186702,205.0,0.49999999999999994,6.814985084194599e-19,affective,0.2,1272
2,time_residual_eeg_ridge,calib0.2_time_resid,14014,2861,32,16,0.015103825848200358,0.0214071087539196,0.026152167480992094,0.03419223055243492,-0.10946186943551184,0.0020971688220901784,0.016427822439706398,0.01852236370628508,194.0,0.5204387025453434,0.024866953189555823,affective,0.2,1272
2,time_residual_shifted_null,calib0.2_time_resid,14014,2861,32,16,0.004723057923683882,0.004980538273230195,0.028704975405384466,0.028439834713935852,-0.06638376446686656,0.0020971688220901784,0.013981125480601188,0.016788431532679268,195.0,0.5157793317763413,0.028498381474013155,affective,0.2,1272
2,time_residual_mean,calib0.2_time_resid,14014,2861,32,16,-2.9301658956347255e-09,-4.990898361256768e-09,0.0038034212565616673,0.008460567332804203,-1.4394616678625738e-06,0.002446696959105208,0.01223348479552604,0.01612728897186702,205.0,0.5,1.053224967557347e-18,affective,0.2,1272
3,real_eeg_ridge,calib0.2,14010,2863,32,16,0.01818318034565891,0.01656351052224636,0.04251927866746552,0.03245963156223297,-0.11385234049462478,0.0041914076143905,0.020258470136220747,0.021509330927069265,190.0,0.5325039551272832,0.045915544272515214,affective,0.2,1274
3,shifted_null_ridge,calib0.2,14010,2863,32,16,-0.00044941017040400766,-0.00044679176062345505,-0.005204555588553019,-0.018838023766875267,-0.10705382960408372,0.0017464198393293748,0.011177086971707998,0.014986893041704521,211.0,0.49455527932444376,-0.007203159754262435,affective,0.2,1274
3,time_only_ridge,calib0.2,14010,2863,32,16,-0.0003088741229930747,-0.000512024162162561,-0.0011706258722195566,0.003890699939802289,-0.00021048172176962865,0.0027942717429269995,0.011526370939573873,0.015961251978726047,200.0,0.5008903316827954,0.0011616194223530842,affective,0.2,1274
3,train_mean,calib0.2,14010,2863,32,16,-3.423507588529162e-09,-3.2974756258852267e-09,-0.005455769237387641,0.0005404739640653133,-5.60310138975062e-06,0.0024449877750611247,0.012224938875305624,0.016117733048088983,205.0,0.5,3.097720492815727e-19,affective,0.2,1274
3,time_residual_eeg_ridge,calib0.2_time_resid,14010,2863,32,16,0.01822761986477417,0.016639485955238342,0.045160135723066305,0.038150228559970856,-0.11365104107995871,0.0045406915822563745,0.020258470136220747,0.021831385928734934,189.0,0.5340568990432358,0.048161493449195514,affective,0.2,1274
3,time_residual_shifted_null,calib0.2_time_resid,14010,2863,32,16,0.0035207823930250015,0.005727584240958095,-0.00403023373519159,-0.003091104794293642,-0.12177411350648648,0.001047851903597625,0.008732099196646874,0.015034019743368111,206.0,0.4961694335435886,-0.004230258306518409,affective,0.2,1274
3,time_residual_mean,calib0.2_time_resid,14010,2863,32,16,-7.315744121605405e-10,-6.26020735250421e-10,-0.023901103915839574,-0.048839423805475235,-5.114824771501603e-06,0.0024449877750611247,0.012224938875305624,0.01611772870987176,205.0,0.4999991439118434,9.912705577010326e-19,affective,0.2,1274
1,real_eeg_ridge,calib0.3,14647,2863,32,16,0.027176178044101107,0.021486898884177208,0.029811029997333028,0.04994397982954979,-0.2115898046229081,0.00209570380719525,0.015019210618232623,0.01799338757074906,185.0,0.5295487388109278,0.03404669654373037,affective,0.3,1911
1,shifted_null_ridge,calib0.3,14647,2863,32,16,0.006883335916427313,0.004708152962848544,0.0037742739823551125,-0.003485260996967554,-0.12765876665773956,0.0038421236465246244,0.013622074746769124,0.01786821418090579,206.0,0.5008449590104991,0.001783269279759126,affective,0.3,1911
1,time_only_ridge,calib0.3,14647,2863,32,16,1.158675968326861e-05,0.000999966956442222,0.009364070171264881,0.011276431381702423,-1.1185589381401684e-05,0.0024449877750611247,0.010827803003842123,0.015869394269115572,205.0,0.5014005602240896,0.0032885328044701474,affective,0.3,1911
1,train_mean,calib0.3,14647,2863,32,16,2.461521490910894e-09,3.074958065951705e-09,-0.007947929856069397,-0.016199002042412758,-7.030941896912779e-06,0.0024449877750611247,0.012224938875305624,0.016117733048088983,205.0,0.5,-1.146156582341819e-18,affective,0.3,1911
1,time_residual_eeg_ridge,calib0.3_time_resid,14647,2863,32,16,0.027215336120207212,0.021511291153728962,0.03012366137113428,0.048576127737760544,-0.21095642551855476,0.00209570380719525,0.015368494586098498,0.01792911793757876,185.0,0.5299168567182374,0.03414965434611713,affective,0.3,1911
1,time_residual_shifted_null,calib0.3_time_resid,14647,2863,32,16,0.0009840323514254123,0.002153377397917211,0.006546918183031812,0.01640879362821579,-0.22711012161420374,0.0027942717429269995,0.012574222843171499,0.016522438961121322,203.0,0.5019904049639415,0.0009085391520012089,affective,0.3,1911
1,time_residual_mean,calib0.3_time_resid,14647,2863,32,16,-9.488924923584108e-11,3.0514399895764655e-09,-0.0032599676985354893,-0.003951152786612511,-5.944310629946159e-06,0.0024449877750611247,0.012224938875305624,0.016117733048088983,205.0,0.5,-1.2390881971262907e-19,affective,0.3,1911
2,real_eeg_ridge,calib0.3,14650,2861,32,16,0.02196629369427683,0.02964879758656025,0.03501024319344268,0.043794166296720505,-0.07893744558980864,0.0027962250961202375,0.019573575672841664,0.01908828218073925,193.0,0.5247090658510267,0.03622008474946303,affective,0.3,1908
2,shifted_null_ridge,calib0.3,14650,2861,32,16,0.004900532612737152,0.0011974598455708474,0.002568387578496086,0.007188016083091497,-0.06856290501689521,0.0031457532331352674,0.013981125480601188,0.017336550918930497,201.0,0.5045979130000058,0.005304893034714249,affective,0.3,1908
2,time_only_ridge,calib0.3,14650,2861,32,16,-0.0005339092003850965,-0.0010057597246486694,-0.009751835551413145,-0.02380540780723095,-6.350611996119859e-05,0.0020971688220901784,0.01083537224746592,0.01521051093268348,206.0,0.49845566412996273,-0.0010936653635684405,affective,0.3,1908
2,train_mean,calib0.3,14650,2861,32,16,1.7453070972577628e-09,3.959347849580297e-09,-0.007626859844714617,-0.00810969714075327,-3.5281177757084947e-06,0.002446696959105208,0.01223348479552604,0.01612728897186702,205.0,0.5,-6.814985084194599e-19,affective,0.3,1908
2,time_residual_eeg_ridge,calib0.3_time_resid,14650,2861,32,16,0.021960532563753077,0.029151040129363537,0.03538722447823191,0.04427558183670044,-0.07892207257439043,0.0027962250961202375,0.017476406850751487,0.018741024854458013,192.0,0.5252807501286381,0.03661916819507387,affective,0.3,1908
2,time_residual_shifted_null,calib0.3_time_resid,14650,2861,32,16,-0.0068718080437975,-0.009752311278134584,-0.012569611124952203,-0.0157428327947855,-0.09693607502517754,0.0017476406850751485,0.01258301293254107,0.015785647487989864,208.0,0.4941755565416032,-0.009076796518406163,affective,0.3,1908
2,time_residual_mean,calib0.3_time_resid,14650,2861,32,16,-1.346563537757417e-09,5.639985839467343e-10,-0.019053917300997432,-0.037468574941158295,-1.4332088831281453e-06,0.002446696959105208,0.01223348479552604,0.01612728897186702,205.0,0.5,2.7879484435341544e-18,affective,0.3,1908
3,real_eeg_ridge,calib0.3,14647,2863,32,16,0.02850424604548607,0.028533706441521645,0.05236954735853973,0.0560915432870388,-0.08097094048342823,0.0038421236465246244,0.021306322039818373,0.02188602398168485,183.0,0.53919342798244,0.05581451705012467,affective,0.3,1911
3,shifted_null_ridge,calib0.3,14647,2863,32,16,-0.0030648617084807483,-0.004038091981783509,-0.020881813035499335,-0.01327221654355526,-0.10793670163875935,0.0024449877750611247,0.012574222843171499,0.015445464878933465,208.0,0.49097854300644467,-0.017350752221985243,affective,0.3,1911
3,time_only_ridge,calib0.3,14647,2863,32,16,-0.0005637055662646162,-5.7811539591057226e-05,-0.0017142751752616857,0.0032269556540995836,-0.00021088271493452382,0.0024449877750611247,0.013272790778903249,0.016197639406564865,203.0,0.501873976974653,0.0024321612304569534,affective,0.3,1911
3,train_mean,calib0.3,14647,2863,32,16,1.3590135842075517e-09,3.797087866352911e-09,-0.02322683351718955,-0.04986913129687309,-5.591126736037566e-06,0.0024449877750611247,0.012224938875305624,0.016117733048088983,205.0,0.5,0.0,affective,0.3,1911
3,time_residual_eeg_ridge,calib0.3_time_resid,14647,2863,32,16,0.028511901196907274,0.028617179952561855,0.05475703690691016,0.057991884648799896,-0.08089096933229545,0.0034928396786587496,0.021306322039818373,0.021645729022155467,182.0,0.5395992137686371,0.05769384078694261,affective,0.3,1911
3,time_residual_shifted_null,calib0.3_time_resid,14647,2863,32,16,-0.0034207317548862193,-0.0014045240823179483,-0.007929987112031564,-0.00474743265658617,-0.09776722973527208,0.0031435557107928748,0.012574222843171499,0.01585309556846447,210.0,0.4877476663036852,-0.012416512538125994,affective,0.3,1911
3,time_residual_mean,calib0.3_time_resid,14647,2863,32,16,-8.148218257527281e-10,-1.7976976574018977e-09,-0.01850428139607141,-0.027089115232229233,-5.103891534963267e-06,0.0024449877750611247,0.012224938875305624,0.016117733048088983,205.0,0.5,-1.2390881971262907e-19,affective,0.3,1911
1,real_eeg_ridge,calib0.4,15284,2863,32,16,0.034787592874636175,0.03325256146490574,0.03997778882489839,0.052554599940776825,-0.13087344593908323,0.00209570380719525,0.012224938875305624,0.017252305936884534,180.0,0.5395889407107587,0.044194741538291726,affective,0.4,2548
1,shifted_null_ridge,calib0.4,15284,2863,32,16,-0.007079628077917732,-0.006484366254881024,0.00044397368590610797,0.010964441113173962,-0.15611186107505537,0.00209570380719525,0.011526370939573873,0.01572874775224906,201.0,0.5017207371946334,0.0005011624177584136,affective,0.4,2548
1,time_only_ridge,calib0.4,15284,2863,32,16,-6.105459215177689e-05,0.0009053118992596865,0.009160713257628012,0.004294088110327721,-1.1073388052063038e-05,0.0017464198393293748,0.010478519035976248,0.015191879545663934,205.0,0.5009922061734229,0.0033198792313853817,affective,0.4,2548
1,train_mean,calib0.4,15284,2863,32,16,1.7923677567396626e-10,3.769203005266064e-10,0.00033575969613068975,-0.0010981109226122499,-6.809497250293006e-06,0.0024449877750611247,0.012224938875305624,0.016117733048088983,205.0,0.5,-4.336808689942018e-19,affective,0.4,2548
1,time_residual_eeg_ridge,calib0.4_time_resid,15284,2863,32,16,0.034825155245926,0.033414607867598534,0.0412342717756891,0.055373817682266235,-0.1306854959137813,0.0017464198393293748,0.013272790778903249,0.01710666139064002,181.0,0.5401475382328971,0.044512602067566784,affective,0.4,2548
1,time_residual_shifted_null,calib0.4_time_resid,15284,2863,32,16,-0.0001086206320906058,-0.0006273473263718188,-0.006127641525974888,-0.0058923764154314995,-0.09990748676275385,0.0017464198393293748,0.008732099196646874,0.01407508320718351,207.0,0.49477871833329906,-0.006207356428235472,affective,0.4,2548
1,time_residual_mean,calib0.4_time_resid,15284,2863,32,16,1.9120419989368133e-09,2.1122910087711944e-09,-0.0013835703091047,-0.0008917060331441462,-6.045784920027941e-06,0.0024449877750611247,0.012224938875305624,0.016117733048088983,205.0,0.5,1.1926223897340549e-18,affective,0.4,2548
2,real_eeg_ridge,calib0.4,15287,2861,32,16,0.024184696355405322,0.022660640999674797,0.039053045920567145,0.04398850351572037,-0.07013682349712447,0.003495281370150297,0.019923103809856693,0.01988674143015779,190.0,0.528738894345237,0.04238225143410209,affective,0.4,2545
2,shifted_null_ridge,calib0.4,15287,2861,32,16,0.005010120148654096,0.011195173487067223,0.037336973343561085,0.03071521408855915,-0.04073201140640115,0.004194337644180357,0.016777350576721427,0.019332083053709658,194.0,0.5233419670463131,0.04179548171115544,affective,0.4,2545
2,time_only_ridge,calib0.4,15287,2861,32,16,-0.000607364574989333,-0.0021817152737639844,-0.015724004083021603,-0.021318474784493446,-6.128191817267314e-05,0.0013981125480601187,0.01048584411045089,0.014717892771553784,205.0,0.49874540989002236,-0.0016588884729926382,affective,0.4,2545
2,train_mean,calib0.4,15287,2861,32,16,1.411207331547537e-09,1.5852223700374424e-09,0.0009712107385218499,-0.0009811496129259467,-3.760984147893609e-06,0.002446696959105208,0.01223348479552604,0.01612728897186702,205.0,0.5,2.7879484435341545e-19,affective,0.4,2545
2,time_residual_eeg_ridge,calib0.4_time_resid,15287,2861,32,16,0.024214465984186972,0.022640843875706196,0.0393706246379777,0.04586846008896828,-0.0700845186454584,0.0027962250961202375,0.018175463124781546,0.018996016513409594,190.0,0.5291806872081716,0.04287881010399235,affective,0.4,2545
2,time_residual_shifted_null,calib0.4_time_resid,15287,2861,32,16,-0.00532831755845109,-0.001856503018643707,-0.031072742669771093,-0.03862949460744858,-0.09439959861635017,0.0017476406850751485,0.01258301293254107,0.015136440477088963,215.0,0.48715670204250633,-0.02616148754269835,affective,0.4,2545
2,time_residual_mean,calib0.4_time_resid,15287,2861,32,16,-3.83791374749019e-09,-3.3745375382920884e-09,0.007520639783098457,0.016467323526740074,-1.5485480315824418e-06,0.002446696959105208,0.01223348479552604,0.01612728897186702,205.0,0.5,-3.097720492815727e-19,affective,0.4,2545
3,real_eeg_ridge,calib0.4,15284,2863,32,16,0.03411597259400878,0.03315586131066084,0.057731674674232666,0.05475165322422981,-0.06849363914680628,0.006985679357317499,0.026545581557806498,0.025193192049620845,183.0,0.5419453233616185,0.05877224011616321,affective,0.4,2548
3,shifted_null_ridge,calib0.4,15284,2863,32,16,0.00032354957033930987,-0.0002098900622513611,0.00502574686769572,0.0048297131434082985,-0.09037937876763058,0.0017464198393293748,0.010478519035976248,0.014872402068294571,203.0,0.5013509071110106,0.0021654294199705782,affective,0.4,2548
3,time_only_ridge,calib0.4,15284,2863,32,16,-0.0005000328370670104,0.00010665604895621073,-0.007311424425620563,5.1142611482646316e-05,-0.00021648464711665483,0.0017464198393293748,0.010129235068110374,0.014747687148695527,204.0,0.4997080739386219,-0.0016059763671833888,affective,0.4,2548
3,train_mean,calib0.4,15284,2863,32,16,-9.57238959038602e-10,3.9865449830145394e-10,0.013356216624451333,0.04044131189584732,-6.527175290038656e-06,0.0024449877750611247,0.012224938875305624,0.016117733048088983,205.0,0.5,-7.434529182757744e-19,affective,0.4,2548
3,time_residual_eeg_ridge,calib0.4_time_resid,15284,2863,32,16,0.03412631589162629,0.03335355035960674,0.05891829163542862,0.059877097606658936,-0.06833167116876093,0.006985679357317499,0.027244149493538247,0.025250233359840904,181.0,0.5429585036948765,0.060736248094755564,affective,0.4,2548
3,time_residual_shifted_null,calib0.4_time_resid,15284,2863,32,16,-0.0026139645979128545,-0.0038268930511549115,0.003039075736566523,0.012932363897562027,-0.09273730256823298,0.0038421236465246244,0.01851205029689137,0.0187911157644428,206.0,0.49573582489230406,-0.004513458128665034,affective,0.4,2548
3,time_residual_mean,calib0.4_time_resid,15284,2863,32,16,4.309115934445866e-09,5.317937867843625e-09,0.018844997843081676,0.03545065224170685,-5.136043210507424e-06,0.0024449877750611247,0.012224938875305624,0.016117733048088983,205.0,0.5,7.434529182757744e-19,affective,0.4,2548
1,real_eeg_ridge,calib0,4970,1115,32,16,0.00990168346174869,0.008815359324216843,0.0361076296749316,0.0208754763007164,-1.5595897328973511,0.0053811659192825115,0.03497757847533632,0.039336673558478454,69.0,0.5104863424560199,0.018906173760719555,experience,0.0,0
1,shifted_null_ridge,calib0,4970,1115,32,16,-0.0009021519290399738,-0.0022126943804323673,-0.007765039159512281,0.0013695084489881992,-1.1021423946014108,0.0053811659192825115,0.034080717488789235,0.03777026642038156,69.0,0.4999380779714287,0.003060465668605834,experience,0.0,0
1,time_only_ridge,calib0,4970,1115,32,16,0.04558334792818641,0.04757002368569374,0.11693957150984773,0.11510831862688065,0.016005469158796082,0.009865470852017937,0.06636771300448431,0.055160258899850004,57.0,0.5741223315214682,0.12564978414475725,experience,0.0,0
1,train_mean,calib0,4970,1115,32,16,4.397285735535661e-09,8.697868203455528e-09,0.016652959418129103,0.022525819018483162,-0.00014250286188577377,0.007174887892376682,0.03587443946188341,0.03952700132562917,70.0,0.5,-8.809142651444724e-19,experience,0.0,0
1,time_residual_eeg_ridge,calib0_time_resid,4970,1115,32,16,0.0052290535932115745,0.005098550347611308,0.027575886644258044,0.02103635109961033,-1.8142255765335853,0.008968609865470852,0.03856502242152467,0.04176926696236512,69.0,0.5053708246255755,0.010307360126713879,experience,0.0,0
1,time_residual_shifted_null,calib0_time_resid,4970,1115,32,16,0.001962062528491515,0.002831333549693227,0.012962683580893185,0.02329757809638977,-1.6131873881877348,0.007174887892376682,0.034080717488789235,0.03881476669134139,68.0,0.507589939232121,0.004901853007433217,experience,0.0,0
1,time_residual_mean,calib0_time_resid,4970,1115,32,16,5.207924669292652e-09,2.784938724076369e-09,0.0047984615368575415,0.008528005331754684,-7.237488232969547e-05,0.007174887892376682,0.03587443946188341,0.03952700132562917,70.0,0.5,1.765216662077962e-18,experience,0.0,0
2,real_eeg_ridge,calib0,5006,1098,32,16,0.015658112868550234,0.017886284738779068,0.03854791846894786,0.044060392305254936,-1.2047177823502873,0.010018214936247723,0.04007285974499089,0.04274950587334605,66.5,0.5153478196085045,0.02358049897363524,experience,0.0,0
2,shifted_null_ridge,calib0,5006,1098,32,16,6.733382906531915e-05,0.004505456192418933,-0.030834662456481882,-0.0375941526144743,-1.373201384036367,0.006375227686703097,0.040983606557377046,0.03932709697178614,69.0,0.49644595796127233,-0.011543668201582653,experience,0.0,0
2,time_only_ridge,calib0,5006,1098,32,16,0.050536994269350544,0.05408737435936928,0.14498104735942158,0.1414794996380806,0.015454387299043915,0.01912568306010929,0.075591985428051,0.06887457356421946,44.0,0.6453978639672356,0.14846641948324998,experience,0.0,0
2,train_mean,calib0,5006,1098,32,16,2.219983847544833e-09,1.6666865665371233e-09,-0.004963094230797668,-0.005152062280103564,-0.0002540882168953207,0.007285974499089253,0.03642987249544627,0.040061070697549696,69.0,0.5,-6.640738306473715e-19,experience,0.0,0
2,time_residual_eeg_ridge,calib0_time_resid,5006,1098,32,16,0.012456798342100228,0.018821495585143566,0.02470926995595276,0.023625672794878483,-1.1547566451379092,0.009107468123861567,0.03825136612021858,0.04269254322809891,68.0,0.5098113645754782,0.01493426863933037,experience,0.0,0
2,time_residual_shifted_null,calib0_time_resid,5006,1098,32,16,0.001439451370970346,0.003039625706151128,0.035991365380414704,0.03769390471279621,-1.7683447864183113,0.010018214936247723,0.03278688524590164,0.041422412500780534,70.0,0.49659939738013437,-0.00981176669313212,experience,0.0,0
2,time_residual_mean,calib0_time_resid,5006,1098,32,16,-2.1077307121863953e-09,-2.60704091648023e-09,-0.06477909359157692,-0.13283071666955948,-0.00040545074237363643,0.007285974499089253,0.03642987249544627,0.040061070697549696,69.0,0.5,-5.041540102057596e-18,experience,0.0,0
3,real_eeg_ridge,calib0,4930,1132,32,16,0.011501601362397196,0.012453267816454172,0.019462056672521422,0.03731119818985462,-0.7307428816594941,0.007067137809187279,0.04240282685512368,0.04406118750707527,66.0,0.5234168352478741,0.024696371435194785,experience,0.0,0
3,shifted_null_ridge,calib0,4930,1132,32,16,0.005596278511802666,0.002034488832578063,0.0020195190691268345,0.009568403009325266,-1.4724707599970062,0.00530035335689046,0.03975265017667844,0.03902077856211114,69.0,0.5070766255557809,0.0028208374593457694,experience,0.0,0
3,time_only_ridge,calib0,4930,1132,32,16,0.05228378059109673,0.05421295203268528,0.05867851002612019,0.09124132990837097,-0.012192793806374391,0.009717314487632508,0.04858657243816254,0.0462041542883619,64.0,0.5368439062914232,0.0696287771805145,experience,0.0,0
3,train_mean,calib0,4930,1132,32,16,-1.4880922420227687e-09,-1.1753860107432956e-09,-0.004782809816823709,-0.007207997376099229,-8.534523536685157e-05,0.007067137809187279,0.0353356890459364,0.039070511730795794,71.0,0.5,-1.2468324983583301e-18,experience,0.0,0
3,time_residual_eeg_ridge,calib0_time_resid,4930,1132,32,16,0.00859630177001236,0.0060998257249593735,0.01772914202551665,0.019947215914726257,-0.6117522619198201,0.01060070671378092,0.046819787985865724,0.04580011129413366,69.0,0.5180666330873216,0.017981825245635005,experience,0.0,0
3,time_residual_shifted_null,calib0_time_resid,4930,1132,32,16,0.007345074685872532,0.007906742859631777,0.009071515911613967,0.018175344914197922,-1.2397133703255303,0.00530035335689046,0.03356890459363958,0.037275289430498064,68.0,0.5058734656726944,0.010335294649266254,experience,0.0,0
3,time_residual_mean,calib0_time_resid,4930,1132,32,16,-4.58457740659668e-09,-5.418939963419689e-09,-0.0027192943010213833,0.00010461044439580292,-0.00010666573953632685,0.007067137809187279,0.0353356890459364,0.03907051173079579,71.0,0.5,1.734723475976807e-18,experience,0.0,0
1,real_eeg_ridge,calib0.1,5214,1115,32,16,0.01877457576119923,0.01931869052350521,0.043493194858211556,0.027483467012643814,-0.2960113828414499,0.008968609865470852,0.03766816143497758,0.04468472263497639,65.0,0.5277539096927101,0.03957131036634195,experience,0.1,244
1,shifted_null_ridge,calib0.1,5214,1115,32,16,-0.003447778297413606,-0.01051839254796505,-0.016639645074832465,-0.010479465126991272,-0.4799873361599811,0.006278026905829596,0.028699551569506727,0.03559252452713735,73.0,0.4837814649283515,-0.02917559724214485,experience,0.1,244
1,time_only_ridge,calib0.1,5214,1115,32,16,0.041972420032834634,0.040765296667814255,0.1150646090538112,0.11311754584312439,0.015686593152217543,0.009865470852017937,0.06367713004484304,0.055137230066310355,57.0,0.5747386394922164,0.1253484087854242,experience,0.1,244
1,train_mean,calib0.1,5214,1115,32,16,-6.457792078862212e-09,-5.619153586877701e-09,0.005815937547660495,-0.0005055397632531822,-0.00014455713016925387,0.007174887892376682,0.03587443946188341,0.03952700132562917,70.0,0.5,-3.8624702394796095e-19,experience,0.1,244
1,time_residual_eeg_ridge,calib0.1_time_resid,5214,1115,32,16,0.010322185524273664,0.008139670826494694,0.03558785019010711,0.023744750767946243,-0.31493564318842826,0.009865470852017937,0.045739910313901344,0.045275751092943,68.0,0.5187879505399782,0.027223964447263313,experience,0.1,244
1,time_residual_shifted_null,calib0.1_time_resid,5214,1115,32,16,-0.005932795418630121,-0.008436157833784819,-0.0034410835940556833,0.0028620979283005,-0.36183175724732863,0.009865470852017937,0.033183856502242155,0.04021889958746958,71.0,0.5044099240408252,0.002297003983710402,experience,0.1,244
1,time_residual_mean,calib0.1_time_resid,5214,1115,32,16,-7.881415662959666e-09,-9.070086903761876e-09,-0.00354902158435716,0.0027697496116161346,-7.327442166671361e-05,0.007174887892376682,0.03587443946188341,0.03952700132562917,70.0,0.5,4.431676380034499e-18,experience,0.1,244
2,real_eeg_ridge,calib0.1,5247,1098,32,16,0.028942002429175773,0.02410951815545559,0.04629825341983025,0.0619162991642952,-0.33545471687019357,0.01366120218579235,0.04735883424408015,0.05004103413570927,64.0,0.5298084495892059,0.03912783787543206,experience,0.1,241
2,shifted_null_ridge,calib0.1,5247,1098,32,16,0.0020325619134382578,0.0009783840214367956,-0.0033691202105660813,-0.025280983187258244,-0.6793481191924886,0.004553734061930784,0.030965391621129327,0.03712168706715732,73.0,0.4951241928621831,-0.013971281918665378,experience,0.1,241
2,time_only_ridge,calib0.1,5247,1098,32,16,0.05079306335392175,0.03935801889747381,0.1447057365848028,0.14188288152217865,0.014853847885016647,0.02185792349726776,0.075591985428051,0.07068563754922787,44.0,0.6471128821286679,0.1480062237558729,experience,0.1,241
2,train_mean,calib0.1,5247,1098,32,16,-1.1074096306629144e-08,-1.1074096306629144e-08,0.034979184163235574,0.04784037172794342,-0.0003090716294384954,0.007285974499089253,0.03642987249544627,0.040061070697549696,69.0,0.5,-8.673617379884035e-19,experience,0.1,241
2,time_residual_eeg_ridge,calib0.1_time_resid,5247,1098,32,16,0.022390805730537977,0.023662136867642403,0.03478373267607623,0.03330511972308159,-0.33468589606223875,0.00819672131147541,0.04918032786885246,0.04442440199093604,66.0,0.5194690141455091,0.027143371742924142,experience,0.1,241
2,time_residual_shifted_null,calib0.1_time_resid,5247,1098,32,16,-0.0012361493427306414,-0.0016030576662160456,-0.02117485077144113,-0.014094111043959856,-0.5996920538326005,0.009107468123861567,0.031876138433515486,0.03971864303205741,71.0,0.4928365812706796,-0.021378659576441528,experience,0.1,241
2,time_residual_mean,calib0.1_time_resid,5247,1098,32,16,7.557790578556952e-09,1.4823285932052954e-09,-0.05858970664272529,-0.11647640913724899,-0.0004066747364726009,0.007285974499089253,0.03642987249544627,0.040061070697549696,69.0,0.5,2.0599841277224584e-18,experience,0.1,241
3,real_eeg_ridge,calib0.1,5178,1132,32,16,0.016583276050369022,0.01516581466421485,0.030003261798987612,0.030981904827058315,-0.26029418184210407,0.014134275618374558,0.053886925795053005,0.050343720849802875,67.0,0.5169092746509162,0.029798817136998012,experience,0.1,248
3,shifted_null_ridge,calib0.1,5178,1132,32,16,-0.01508669592158185,-0.021181298419833183,-0.019817688632959324,-0.023930051364004612,-0.3728391179217412,0.00265017667844523,0.030035335689045935,0.035694505526742845,74.0,0.4888785480649242,-0.015675428637192682,experience,0.1,248
3,time_only_ridge,calib0.1,5178,1132,32,16,0.054460403000121005,0.04761428385972977,0.05578858852910446,0.08682090416550636,-0.012097389019334326,0.01060070671378092,0.04946996466431095,0.046981073325619134,64.0,0.5346756940464247,0.06682684159167471,experience,0.1,248
3,train_mean,calib0.1,5178,1132,32,16,-1.3082127973499762e-12,7.491289810701574e-10,-0.004119886089530371,0.0013323807943379506,-6.301964306909547e-05,0.007067137809187279,0.0353356890459364,0.03907051173079579,71.0,0.5,8.707498697774207e-19,experience,0.1,248
3,time_residual_eeg_ridge,calib0.1_time_resid,5178,1132,32,16,0.011639293170446763,0.00925498572178185,0.029444396986290623,0.025763333775103092,-0.23141082695164283,0.01060070671378092,0.045053003533568906,0.0445216519777889,68.0,0.5155621231144436,0.02589394632575076,experience,0.1,248
3,time_residual_shifted_null,calib0.1_time_resid,5178,1132,32,16,-0.0006900012085679919,-0.00393093831371516,-0.011945460636142803,-0.0074915289878845215,-0.4140077218200653,0.011484098939929329,0.04328621908127209,0.04327718960816281,74.0,0.48689848357364274,-0.01668601597751394,experience,0.1,248
3,time_residual_mean,calib0.1_time_resid,5178,1132,32,16,4.407137395764001e-09,5.188840024317187e-09,-0.008735749040411082,-0.021801725029945374,-0.00010214248611006838,0.007067137809187279,0.0353356890459364,0.03907051173079579,71.0,0.5,-1.8431436932253575e-18,experience,0.1,248
1,real_eeg_ridge,calib0.2,5463,1115,32,16,0.021337769976526033,0.021773659624159336,0.047311745094688044,0.024533702060580254,-0.2481495117821957,0.009865470852017937,0.04932735426008968,0.04735723171324461,65.0,0.528726230864178,0.0475508442332659,experience,0.2,493
1,shifted_null_ridge,calib0.2,5463,1115,32,16,-0.0034041203598462744,-0.001408364623785019,-0.0030953050012931067,0.004800335969775915,-0.27714262766861775,0.004484304932735426,0.03139013452914798,0.03563548577972272,71.0,0.49294981524666187,-0.007159549359907215,experience,0.2,493
1,time_only_ridge,calib0.2,5463,1115,32,16,0.04663696985335264,0.046812575310468674,0.11335944275592554,0.11376689374446869,0.01579894921246594,0.010762331838565023,0.06098654708520179,0.05574599763571344,56.0,0.5738309347329216,0.12495079061302118,experience,0.2,493
1,train_mean,calib0.2,5463,1115,32,16,-3.079309252029816e-09,-1.5274408404764017e-09,0.00013670764795364602,-0.00372246908955276,-0.00020071043861280558,0.007174887892376682,0.03587443946188341,0.03952700132562917,70.0,0.5,-4.336808689942018e-19,experience,0.2,493
1,time_residual_eeg_ridge,calib0.2_time_resid,5463,1115,32,16,0.012706414843705716,0.009073777589946985,0.03782978544540019,0.026231948286294937,-0.25259640829848706,0.009865470852017937,0.045739910313901344,0.04652516083454226,66.0,0.5217434463927314,0.033575116925143644,experience,0.2,493
1,time_residual_shifted_null,calib0.2_time_resid,5463,1115,32,16,-0.007718676775652966,-0.004073182411957532,0.015216992879046268,0.021959781646728516,-0.3058568571601721,0.003587443946188341,0.029596412556053813,0.03670004339665029,70.0,0.5040836299968033,0.0025747286582436957,experience,0.2,493
1,time_residual_mean,calib0.2_time_resid,5463,1115,32,16,5.975722953503275e-09,5.65406188535178e-09,0.0024934969753686825,0.005022660829126835,-7.29652748319154e-05,0.007174887892376682,0.03587443946188341,0.03952700132562917,70.0,0.5,-2.3852447794681098e-18,experience,0.2,493
2,real_eeg_ridge,calib0.2,5492,1098,32,16,0.029289144637004938,0.022184639237821102,0.04665874861911718,0.07169822230935097,-0.25049784497302796,0.014571948998178506,0.0546448087431694,0.05313869693524776,60.0,0.5410717932130651,0.05165861499415873,experience,0.2,486
2,shifted_null_ridge,calib0.2,5492,1098,32,16,0.002607179721508146,0.0004513405656325631,0.023850660716581713,0.044169895350933075,-0.3356231669361982,0.01092896174863388,0.04189435336976321,0.04492113752635182,65.0,0.515723308070394,0.015321921962680328,experience,0.2,486
2,time_only_ridge,calib0.2,5492,1098,32,16,0.05377530731493607,0.057804279029369354,0.14971388086146553,0.14742930233478546,0.01691978449893683,0.01912568306010929,0.07194899817850638,0.0687033127739352,44.0,0.649404421303972,0.15347000139427883,experience,0.2,486
2,train_mean,calib0.2,5492,1098,32,16,-4.0292179037670905e-09,-2.075475014073902e-09,0.02563309210316763,0.04783330112695694,-0.00028374753283433307,0.007285974499089253,0.03642987249544627,0.040061070697549696,69.0,0.5,-1.6263032587282567e-18,experience,0.2,486
2,time_residual_eeg_ridge,calib0.2_time_resid,5492,1098,32,16,0.02179846932995133,0.02402558270841837,0.03194691403775583,0.03924601338803768,-0.2492433979345663,0.011839708561020037,0.04644808743169399,0.047519810817488066,63.0,0.5314426952040193,0.03779045985038117,experience,0.2,486
2,time_residual_shifted_null,calib0.2_time_resid,5492,1098,32,16,-0.0012135825236327946,0.0019908478716388345,0.004263747912309538,-0.0024104195181280375,-0.32222721898430384,0.006375227686703097,0.04007285974499089,0.03973547649553362,72.0,0.4907192548435431,-0.0041832169347520674,experience,0.2,486
2,time_residual_mean,calib0.2_time_resid,5492,1098,32,16,-2.3539652005410973e-09,-1.043823338875427e-08,-0.06968444620719466,-0.12949883192777634,-0.0004049788369251406,0.007285974499089253,0.03642987249544627,0.040061070697549696,69.0,0.5,3.903127820947816e-18,experience,0.2,486
3,real_eeg_ridge,calib0.2,5431,1132,32,16,0.01988169571995968,0.013174260500818491,0.041160994193383184,0.05090289190411568,-0.19915237913544392,0.011484098939929329,0.05123674911660778,0.04899130361755253,63.0,0.5376677385597255,0.04936564271151945,experience,0.2,501
3,shifted_null_ridge,calib0.2,5431,1132,32,16,-0.005933830690992181,-0.00873140012845397,0.012084308828050542,0.025842399336397648,-0.24757471245491258,0.007067137809187279,0.026501766784452298,0.03662915549371888,67.5,0.5075526582681205,0.009878825050742304,experience,0.2,501
3,time_only_ridge,calib0.2,5431,1132,32,16,0.054620755472569726,0.04842364229261875,0.060990100583366784,0.08195803686976433,-0.011877758171277897,0.0088339222614841,0.052120141342756186,0.045833703371398235,64.0,0.5345577340139974,0.06669661798097248,experience,0.2,501
3,train_mean,calib0.2,5431,1132,32,16,-9.00898230090282e-09,-1.8887176267412542e-08,-0.0037843693885294054,-0.0023241396993398666,-0.00011388380137988818,0.007067137809187279,0.0353356890459364,0.03907051173079579,71.0,0.5,6.505213034913027e-19,experience,0.2,501
3,time_residual_eeg_ridge,calib0.2_time_resid,5431,1132,32,16,0.013960124228105997,0.01078146742656827,0.032538213430514704,0.02809708286076784,-0.20301529804156493,0.006183745583038869,0.04858657243816254,0.04332271381975871,66.0,0.5291658025299665,0.03806040567688669,experience,0.2,501
3,time_residual_shifted_null,calib0.2_time_resid,5431,1132,32,16,-0.008672348702020827,-0.010476421099156141,-0.02036383557200737,-0.029429439455270767,-0.27425206127711577,0.007067137809187279,0.037102473498233215,0.037985344040908045,74.0,0.48666728554557226,-0.01611433653032045,experience,0.2,501
3,time_residual_mean,calib0.2_time_resid,5431,1132,32,16,1.5344410186912683e-08,1.5344410186912683e-08,-0.012557667334997347,-0.03805212303996086,-9.867795807472213e-05,0.007067137809187279,0.0353356890459364,0.03907051173079579,71.0,0.5,-5.963111948670274e-19,experience,0.2,501
1,real_eeg_ridge,calib0.3,5711,1115,32,16,0.024444598064292222,0.025263553485274315,0.05407247445613956,0.043876342475414276,-0.20737923472835185,0.008968609865470852,0.04394618834080718,0.04421917567028579,65.0,0.5257188049835128,0.04513763331925799,experience,0.3,741
1,shifted_null_ridge,calib0.3,5711,1115,32,16,-0.007029232610875624,0.0006334949575830251,-0.017671970516649982,-0.01846308633685112,-0.3442836975988868,0.0053811659192825115,0.033183856502242155,0.03745758305134308,71.0,0.4948075354087067,-0.0061760199543633675,experience,0.3,741
1,time_only_ridge,calib0.3,5711,1115,32,16,0.04245688476896703,0.042982202023267746,0.11664926406129728,0.11356359720230103,0.01584624234188292,0.009865470852017937,0.06636771300448431,0.0548882165876664,56.0,0.5761397215945921,0.12670813605251494,experience,0.3,741
1,train_mean,calib0.3,5711,1115,32,16,1.1785861731006264e-09,4.722289781433631e-10,0.012690209400513306,0.008673163130879402,-0.00011013056791253639,0.007174887892376682,0.03587443946188341,0.03952700132562917,70.0,0.5,2.0057740190981832e-18,experience,0.3,741
1,time_residual_eeg_ridge,calib0.3_time_resid,5711,1115,32,16,0.015460906580074152,0.017018092796206474,0.042170870366034875,0.039683081209659576,-0.20972537941180747,0.009865470852017937,0.042152466367713005,0.04405693108786979,67.0,0.5178314816037188,0.030676620994932895,experience,0.3,741
1,time_residual_shifted_null,calib0.3_time_resid,5711,1115,32,16,-0.012222924837260507,-0.013223176822066307,-0.027366439110000154,-0.020259570330381393,-0.325802475654964,0.003587443946188341,0.029596412556053813,0.03360817890908634,74.0,0.4807360565048582,-0.029130616867772394,experience,0.3,741
1,time_residual_mean,calib0.3_time_resid,5711,1115,32,16,-2.4098192330512802e-09,-4.45785275360322e-09,0.002589082034751606,0.001237462623976171,-7.258722072456258e-05,0.007174887892376682,0.03587443946188341,0.03952700132562917,70.0,0.5,-1.0842021724855044e-18,experience,0.3,741
2,real_eeg_ridge,calib0.3,5736,1098,32,16,0.03588158715865575,0.02951896283775568,0.06286879754053787,0.09863698855042458,-0.2015874046172832,0.014571948998178506,0.0546448087431694,0.055280920003315755,59.0,0.5514907182680618,0.06695288100081533,experience,0.3,730
2,shifted_null_ridge,calib0.3,5736,1098,32,16,-0.009109150155154566,-0.007285146857611835,-0.015295799709719208,-0.028597930446267128,-0.2430104189340041,0.0036429872495446266,0.03460837887067395,0.0365466229655448,72.0,0.4933158371326334,-0.0014240397111505189,experience,0.3,730
2,time_only_ridge,calib0.3,5736,1098,32,16,0.055836531981185544,0.06343154609203339,0.1515858111733458,0.15212954580783844,0.017181496639541605,0.020947176684881604,0.07194899817850638,0.0698580003144208,43.5,0.652038928833009,0.15687533987847732,experience,0.3,730
2,train_mean,calib0.3,5736,1098,32,16,7.765464715703274e-09,7.765464715703274e-09,0.047420439955891125,0.09407380223274231,-0.0001989563171314046,0.007285974499089253,0.03642987249544627,0.040061070697549696,69.0,0.5,-3.5236570605778894e-18,experience,0.3,730
2,time_residual_eeg_ridge,calib0.3_time_resid,5736,1098,32,16,0.02868370919532026,0.0354250930249691,0.0449618101456094,0.05676960572600365,-0.20335064168402273,0.012750455373406194,0.05009107468123861,0.05041618592872872,61.0,0.53955942358641,0.050856339272654864,experience,0.3,730
2,time_residual_shifted_null,calib0.3_time_resid,5736,1098,32,16,0.0034893507545348257,0.009593212511390448,0.013934360500234323,0.0018675680621527135,-0.33251597845170355,0.01092896174863388,0.04553734061930783,0.04483628999633347,68.0,0.5023865386515913,0.004876470009728958,experience,0.3,730
2,time_residual_mean,calib0.3_time_resid,5736,1098,32,16,5.506625568228531e-09,6.052105927523144e-09,0.06705895977608778,0.14739535003900528,-0.0004089258266175566,0.007285974499089253,0.03642987249544627,0.040061070697549696,69.0,0.5,2.439454888092385e-18,experience,0.3,730
3,real_eeg_ridge,calib0.3,5683,1132,32,16,0.02417590814002324,0.019183524418622255,0.04273781249068872,0.04482661932706833,-0.1752939124670181,0.0088339222614841,0.05123674911660778,0.04673343690834714,63.0,0.5379875513637711,0.050041044155266855,experience,0.3,753
3,shifted_null_ridge,calib0.3,5683,1132,32,16,0.011418745645642048,0.00568342674523592,-0.0026310526372209956,-0.009209188167005777,-0.23730982140079626,0.006183745583038869,0.03445229681978799,0.03702709986088545,72.0,0.49912524015336773,-0.0019075926547138609,experience,0.3,753
3,time_only_ridge,calib0.3,5683,1132,32,16,0.05520538576092804,0.04040966369211674,0.05722991356270788,0.08104951679706573,-0.011694890979849104,0.0088339222614841,0.05035335689045936,0.04615200028359236,64.0,0.5340710980186278,0.06608988653785705,experience,0.3,753
3,train_mean,calib0.3,5683,1132,32,16,-8.27583871802299e-09,-4.004521159117758e-09,0.010211870252815928,0.012364281341433525,-5.826110971285381e-05,0.007067137809187279,0.0353356890459364,0.03907051173079579,71.0,0.5,1.0842021724855044e-19,experience,0.3,753
3,time_residual_eeg_ridge,calib0.3_time_resid,5683,1132,32,16,0.01775123797051492,0.009197148028761148,0.032809063890955475,0.034949393942952156,-0.18109077041918265,0.00441696113074205,0.044169611307420496,0.042338166902920256,66.0,0.5282255172624463,0.037860625263858166,experience,0.3,753
3,time_residual_shifted_null,calib0.3_time_resid,5683,1132,32,16,-0.002598729006422218,-0.006256930180825293,0.014196075693683209,0.024282422848045826,-0.24200557975984438,0.007950530035335688,0.03356890459363958,0.04049678400759487,68.0,0.5134521861856955,0.014432813661924403,experience,0.3,753
3,time_residual_mean,calib0.3_time_resid,5683,1132,32,16,1.276941685723898e-08,1.276941685723898e-08,-0.0016664354048199152,-0.004371814429759979,-9.428419723178649e-05,0.007067137809187279,0.0353356890459364,0.03907051173079579,71.0,0.5,-1.8973538018496328e-19,experience,0.3,753
1,real_eeg_ridge,calib0.4,5960,1115,32,16,0.028198783998959698,0.02914795372635126,0.05836034916839072,0.041645459830760956,-0.1782335360637588,0.009865470852017937,0.051121076233183856,0.04859176929218187,65.0,0.5372833011122292,0.06003236017798751,experience,0.4,990
1,shifted_null_ridge,calib0.4,5960,1115,32,16,0.006070604576962069,-0.008126304252073169,0.014686734617558948,0.017966024577617645,-0.27547800933086153,0.007174887892376682,0.03766816143497758,0.04186373887088726,66.0,0.5192287323928059,0.025921526131626772,experience,0.4,990
1,time_only_ridge,calib0.4,5960,1115,32,16,0.038563307927688584,0.023182040080428123,0.11694719050193259,0.1284409463405609,0.015913457439844736,0.009865470852017937,0.06457399103139014,0.05521722641287942,55.0,0.5758785385673555,0.12545157096665416,experience,0.4,990
1,train_mean,calib0.4,5960,1115,32,16,-3.0218723079400434e-09,-3.4791867165040458e-09,0.010924442263984778,0.006532167550176382,-0.00022193763007427592,0.007174887892376682,0.03587443946188341,0.03952700132562917,70.0,0.5,1.938011383317839e-18,experience,0.4,990
1,time_residual_eeg_ridge,calib0.4_time_resid,5960,1115,32,16,0.017991655055084266,0.019739622250199318,0.04544023865940375,0.041666220873594284,-0.17570644958019632,0.013452914798206279,0.04484304932735426,0.048136879453316114,65.0,0.5260588618170929,0.04132214130839452,experience,0.4,990
1,time_residual_shifted_null,calib0.4_time_resid,5960,1115,32,16,0.006290981404163176,0.005030634114518762,0.02159551184048287,0.03699100390076637,-0.2537820392998711,0.008968609865470852,0.039461883408071746,0.041755853746496895,66.0,0.5144404234821752,0.0252430495608199,experience,0.4,990
1,time_residual_mean,calib0.4_time_resid,5960,1115,32,16,2.072602163967948e-09,5.8167239913586855e-09,0.005084466566999898,0.019448382779955864,-7.266512889581023e-05,0.007174887892376682,0.03587443946188341,0.03952700132562917,70.0,0.5,1.111307226797642e-18,experience,0.4,990
2,real_eeg_ridge,calib0.4,5982,1098,32,16,0.0405851026516757,0.042637595906853676,0.0559195655556631,0.08094130456447601,-0.18437555136789752,0.01092896174863388,0.05555555555555555,0.05232700621754555,56.5,0.5615108729839721,0.07547461553127988,experience,0.4,976
2,shifted_null_ridge,calib0.4,5982,1098,32,16,-0.0028028951837768545,-0.010577304288744926,-0.020601875044438115,-0.01815914735198021,-0.2641939915704148,0.009107468123861567,0.03825136612021858,0.040438840325501185,72.0,0.48603709768043535,-0.01718904825603327,experience,0.4,976
2,time_only_ridge,calib0.4,5982,1098,32,16,0.06045818703569239,0.06009356491267681,0.15859760347569704,0.16623883694410324,0.018546733108042557,0.01912568306010929,0.0692167577413479,0.0684323635185711,42.5,0.6526260226058342,0.1623562496128249,experience,0.4,976
2,train_mean,calib0.4,5982,1098,32,16,-1.3588375609903855e-08,-5.841962025243674e-09,0.03332552965786092,0.03736892528831959,-0.0004634137718850795,0.007285974499089253,0.03642987249544627,0.040061070697549696,69.0,0.5,1.666960840196463e-18,experience,0.4,976
2,time_residual_eeg_ridge,calib0.4_time_resid,5982,1098,32,16,0.03306145295255192,0.03960379399359226,0.040904030914159485,0.05661214515566826,-0.18945019549283715,0.011839708561020037,0.052823315118397086,0.050705957415569346,61.0,0.5475710985907407,0.05760113427924292,experience,0.4,976
2,time_residual_shifted_null,calib0.4_time_resid,5982,1098,32,16,0.00451499944756506,0.005039175506681204,-0.00041395783163980325,-0.005828147055581212,-0.22278120943839141,0.00819672131147541,0.03460837887067395,0.04020739861699792,69.0,0.5033273758724865,-0.0016731949452017565,experience,0.4,976
2,time_residual_mean,calib0.4_time_resid,5982,1098,32,16,-1.4721838007917636e-09,-1.0595438970639748e-09,0.06780858574749372,0.13901779055595398,-0.0004311902411675561,0.007285974499089253,0.03642987249544627,0.040061070697549696,69.0,0.5,-1.3010426069826053e-18,experience,0.4,976
3,real_eeg_ridge,calib0.4,5935,1132,32,16,0.028098673195927404,0.01981857791543007,0.042280793126813446,0.05054579675197601,-0.1572524540118998,0.009717314487632508,0.04240282685512368,0.04585398095671169,63.0,0.5355971898367489,0.04967258248730283,experience,0.4,1005
3,shifted_null_ridge,calib0.4,5935,1132,32,16,0.00011042123696825001,-0.0002604931069072336,0.009725831930581958,-0.007883818820118904,-0.19776002764288392,0.006183745583038869,0.03356890459363958,0.0396887395504006,73.5,0.5001236452771811,0.005106260098569359,experience,0.4,1005
3,time_only_ridge,calib0.4,5935,1132,32,16,0.050069393415469676,0.028565092012286186,0.05929684704913167,0.07950665056705475,-0.011058823565133435,0.0088339222614841,0.04770318021201413,0.04595767682216834,64.0,0.5355082297266304,0.06752252430474018,experience,0.4,1005
3,train_mean,calib0.4,5935,1132,32,16,-4.937581732367136e-10,8.934497031098942e-10,0.008585665716244403,0.011860142461955547,-0.00011781018198786519,0.007067137809187279,0.0353356890459364,0.03907051173079579,71.0,0.5,9.147955830346444e-19,experience,0.4,1005
3,time_residual_eeg_ridge,calib0.4_time_resid,5935,1132,32,16,0.022094797823228873,0.015455679967999458,0.033466877380514855,0.037853965535759926,-0.16842607547166977,0.006183745583038869,0.04858657243816254,0.04432619579578405,65.0,0.5309667482816295,0.038301652944783195,experience,0.4,1005
3,time_residual_shifted_null,calib0.4_time_resid,5935,1132,32,16,-0.004269963959814049,-0.006310851313173771,0.01122376375597239,0.010970598552376032,-0.1765999079448961,0.006183745583038869,0.036219081272084806,0.0385409297997267,69.0,0.5099756943415164,0.005800131374196865,experience,0.4,1005
3,time_residual_mean,calib0.4_time_resid,5935,1132,32,16,1.2819983963296977e-09,3.3723002168528637e-09,0.004436593666070473,0.003080124966800213,-9.836230516202527e-05,0.007067137809187279,0.0353356890459364,0.03907051173079579,71.0,0.5,3.855693975901575e-18,experience,0.4,1005
1,real_eeg_ridge,calib0,3322,810,32,16,-0.0007335680252253951,-0.0011228342773392797,-0.011969513306537942,-0.010512660257518291,-3.8668352143314477,0.006172839506172839,0.03209876543209877,0.038271196139275106,67.0,0.5068822553897181,0.008253904258639257,xp2,0.0,0
1,shifted_null_ridge,calib0,3322,810,32,16,0.002243587119210133,0.0036797146312892437,-0.06722931189399305,-0.07440157234668732,-4.458115361267723,0.008641975308641974,0.040740740740740744,0.04213636787826935,68.0,0.5023032983231989,0.0008124344561349361,xp2,0.0,0
1,time_only_ridge,calib0,3322,810,32,16,0.01654313859762624,0.017610982060432434,0.05225441892944667,0.06126590631902218,-0.001457790999278341,0.0049382716049382715,0.024691358024691357,0.03724132992178906,62.0,0.5184355997788834,0.030057476995385538,xp2,0.0,0
1,train_mean,calib0,3322,810,32,16,-1.8870450248694346e-09,-2.2735904825488262e-10,-0.0023510109480389756,-0.011891977395862341,-0.00020923259790950333,0.007407407407407408,0.037037037037037035,0.040638441293296634,68.0,0.5,-7.228014483236697e-19,xp2,0.0,0
1,time_residual_eeg_ridge,calib0_time_resid,3322,810,32,16,-0.0017500593748991378,-0.00231582741253078,0.0024967341236109028,0.014712011441588402,-3.2686739846522723,0.007407407407407408,0.03580246913580247,0.039907781408906357,68.0,0.5054726368159205,0.003993490340160562,xp2,0.0,0
1,time_residual_shifted_null,calib0_time_resid,3322,810,32,16,0.00011209951844648458,0.0036023271968588233,-0.0028040060907153896,0.0027080571744590998,-5.878857098860396,0.009876543209876543,0.04567901234567901,0.04486632219340867,67.0,0.5096738529574351,0.0056618640206186135,xp2,0.0,0
1,time_residual_mean,calib0_time_resid,3322,810,32,16,7.597744958428879e-10,8.322383338033035e-10,-0.001623130671807168,0.0037054975982755423,-0.000772881782294732,0.007407407407407408,0.037037037037037035,0.040638441293296634,68.0,0.5,5.240310500346604e-19,xp2,0.0,0
2,real_eeg_ridge,calib0,3322,810,32,16,-0.005158973334800976,-0.00555384811013937,0.015105740213290612,0.017067709006369114,-3.954697020317738,0.0049382716049382715,0.03580246913580247,0.039877007156496336,67.0,0.5001289847060991,0.0005904869921341,xp2,0.0,0
2,shifted_null_ridge,calib0,3322,810,32,16,0.0011246180583839305,-0.004349897848442197,-0.007317826661524179,-0.0023325913352891803,-4.16138026645317,0.008641975308641974,0.04197530864197531,0.04117462128872511,68.0,0.5029113690805233,0.0020357914490655763,xp2,0.0,0
2,time_only_ridge,calib0,3322,810,32,16,0.02558405583840795,0.022884459234774113,0.05099432453495899,0.05812438204884529,0.001120689547481013,0.003703703703703704,0.037037037037037035,0.03900339451734447,63.0,0.5266906209692279,0.03881999559562986,xp2,0.0,0
2,train_mean,calib0,3322,810,32,16,-4.0940051349025454e-11,4.248005724960535e-09,0.02495424127975841,0.029492621310055256,-0.0002867654948099929,0.007407407407407408,0.037037037037037035,0.04063844129329663,68.0,0.5,5.782411586589357e-19,xp2,0.0,0
2,time_residual_eeg_ridge,calib0_time_resid,3322,810,32,16,-0.004904086707256283,-0.004844603594392538,0.002068420228789802,0.01506049931049347,-3.9283343206706745,0.006172839506172839,0.04197530864197531,0.040575777643934205,67.0,0.49958540630182424,0.0021482205147869992,xp2,0.0,0
2,time_residual_shifted_null,calib0_time_resid,3322,810,32,16,-0.004295184276998043,-0.004034363082610071,-0.00657455924643997,-0.002944358275271952,-3.492564390749849,0.0049382716049382715,0.03209876543209877,0.03776955213005831,69.0,0.49046434494195684,-0.006857967154662309,xp2,0.0,0
2,time_residual_mean,calib0_time_resid,3322,810,32,16,-3.011215967932104e-10,1.5206889081298414e-09,-0.0011644995933036424,0.0027555443812161684,-0.00027590773645291833,0.007407407407407408,0.037037037037037035,0.040638441293296634,68.0,0.5,-1.4456028966473392e-19,xp2,0.0,0
3,real_eeg_ridge,calib0,3624,675,32,16,-0.004310244527005125,0.005184877896681428,0.0005243911480324136,0.008781170472502708,-2.273740089016521,0.007407407407407408,0.04888888888888889,0.044751088520680986,67.0,0.5010171365395246,0.0009882595960908854,xp2,0.0,0
3,shifted_null_ridge,calib0,3624,675,32,16,-0.005803974359878339,-0.006746379192918539,-0.04348273588620402,-0.022721419110894203,-2.8013199516574288,0.007407407407407408,0.03851851851851852,0.04037176814078572,70.0,0.49028192371475954,-0.014482918938379264,xp2,0.0,0
3,time_only_ridge,calib0,3624,675,32,16,0.01652804460536572,0.02746449690312147,0.046351796236445406,0.041777562350034714,-0.0020385534058970922,0.007407407407407408,0.03111111111111111,0.03937647744712188,65.0,0.517788833609729,0.026161529522978576,xp2,0.0,0
3,train_mean,calib0,3624,675,32,16,3.4154133299324483e-09,1.2570343654871863e-09,0.036983170916792006,0.037020809948444366,-0.0008015072781866195,0.007407407407407408,0.037037037037037035,0.04063844129329664,68.0,0.5,-2.0816681711721684e-18,xp2,0.0,0
3,time_residual_eeg_ridge,calib0_time_resid,3624,675,32,16,-0.004229951497109141,0.005919651826843619,0.0017658946942538023,-0.005047950427979231,-2.1060006580915904,0.0044444444444444444,0.045925925925925926,0.042151378063122115,68.0,0.508579325594251,0.006630871001339978,xp2,0.0,0
3,time_residual_shifted_null,calib0_time_resid,3624,675,32,16,-0.008579851340073219,-0.0033807442378019914,-0.020568390884479783,-0.023662596940994263,-2.2955824902894206,0.005925925925925926,0.02962962962962963,0.036567984225760373,70.0,0.4870978441127695,-0.011206504935904738,xp2,0.0,0
3,time_residual_mean,calib0_time_resid,3624,675,32,16,4.776957940322291e-09,-2.9543922863695116e-10,-0.008934203792547729,0.012514906004071236,-0.00022501885255299392,0.007407407407407408,0.037037037037037035,0.040638441293296634,68.0,0.5,-1.2143064331837649e-18,xp2,0.0,0
1,real_eeg_ridge,calib0.1,3502,810,32,16,0.007544111258539488,0.0032478913199156523,0.0121196591388003,0.004190592095255852,-0.5509456891558957,0.007407407407407408,0.04567901234567901,0.045219527114035915,68.0,0.505629261101898,0.007128555050678873,xp2,0.1,180
1,shifted_null_ridge,calib0.1,3502,810,32,16,0.001135353602876421,0.0029168963665142655,-0.0046673272071653445,0.020976155065000057,-0.7650346638950636,0.0049382716049382715,0.037037037037037035,0.037931063908142965,66.0,0.5084484982494932,0.008988497519833792,xp2,0.1,180
1,time_only_ridge,calib0.1,3502,810,32,16,0.01553201398201054,0.013000245671719313,0.05637202944820689,0.06185233220458031,-0.0012350324122107903,0.008641975308641974,0.027160493827160494,0.039377077905953906,63.0,0.5167219458264234,0.028785173895200928,xp2,0.1,180
1,train_mean,calib0.1,3502,810,32,16,1.602844627394499e-09,2.3816046912372713e-09,0.06281980383871906,0.06775040924549103,-0.0003023898873464326,0.007407407407407408,0.037037037037037035,0.04063844129329663,68.0,0.5,-1.1564823173178713e-18,xp2,0.1,180
1,time_residual_eeg_ridge,calib0.1_time_resid,3502,810,32,16,0.005575893481363892,0.0013192885089665651,0.019333205226072927,0.0031543115619570017,-0.5713755964080081,0.007407407407407408,0.05185185185185185,0.04687789647677374,70.0,0.5068454026165469,0.009787415531745175,xp2,0.1,180
1,time_residual_shifted_null,calib0.1_time_resid,3502,810,32,16,-0.0018039083162193492,-0.0012088834191672504,-0.015522275032259288,-0.010883483570069075,-0.8787258059938854,0.009876543209876543,0.03827160493827161,0.04119280801876924,68.0,0.4945642159572508,-0.0035800631168177847,xp2,0.1,180
1,time_residual_mean,calib0.1_time_resid,3502,810,32,16,-3.5782125747245304e-09,4.156943678168545e-09,0.002588324616002034,-0.00925567140802741,-0.0007665275993342657,0.007407407407407408,0.037037037037037035,0.04063844129329663,68.0,0.5,1.5901631863120731e-18,xp2,0.1,180
2,real_eeg_ridge,calib0.1,3502,810,32,16,-0.011795789760071784,-0.006548728095367551,-0.0002842319120522186,0.008874901570379734,-0.531537837788145,0.009876543209876543,0.03580246913580247,0.041836508073723584,65.0,0.5065321540445918,0.007561728253715684,xp2,0.1,180
2,shifted_null_ridge,calib0.1,3502,810,32,16,-0.002280288401834696,0.0014195783805917017,0.0429754239214544,0.0496139544993639,-0.6565595543149567,0.0024691358024691358,0.0345679012345679,0.03731936907677992,67.0,0.5100792334623181,0.005235540560166882,xp2,0.1,180
2,time_only_ridge,calib0.1,3502,810,32,16,0.021312407652658294,0.022193451412022114,0.04935470088298812,0.04358294792473316,0.0005163186331365033,0.008641975308641974,0.03827160493827161,0.04238992364656715,62.0,0.5240464344941957,0.030961273554070565,xp2,0.1,180
2,train_mean,calib0.1,3502,810,32,16,-4.68130017554424e-09,-4.5348698129998866e-09,-2.1321005381954212e-05,0.005907593062147498,-0.0003286090428555877,0.007407407407407408,0.037037037037037035,0.040638441293296634,68.0,0.5,-7.950815931560366e-19,xp2,0.1,180
2,time_residual_eeg_ridge,calib0.1_time_resid,3502,810,32,16,-0.012519047474597755,-0.006262335926294327,0.007233222864890173,0.01260660495609045,-0.5009306959172171,0.006172839506172839,0.02962962962962963,0.03979078330340626,67.0,0.503243044039064,0.0038339408807652824,xp2,0.1,180
2,time_residual_shifted_null,calib0.1_time_resid,3502,810,32,16,0.016871575240656966,0.013716435059905052,0.009495051083856343,0.012648570351302624,-0.4806092500321999,0.011111111111111112,0.040740740740740744,0.04447283605255927,65.5,0.5094250967385295,0.015551367764218222,xp2,0.1,180
2,time_residual_mean,calib0.1_time_resid,3502,810,32,16,5.5324400893841386e-09,3.216522159732449e-09,0.0035383665153791233,0.018253725953400135,-0.00021929651630214764,0.007407407407407408,0.037037037037037035,0.040638441293296634,68.0,0.5,1.3733227518149722e-18,xp2,0.1,180
3,real_eeg_ridge,calib0.1,3774,675,32,16,0.0060216749989194795,0.011510432697832584,0.01451673398906779,0.041095033288002014,-0.4599032667794076,0.007407407407407408,0.044444444444444446,0.04266972659239525,68.0,0.505052515201769,0.0033808469589073397,xp2,0.1,150
3,shifted_null_ridge,calib0.1,3774,675,32,16,0.02189634022215614,0.018559825606644154,0.042355485602920115,0.0254221148788929,-0.2707535759031916,0.002962962962962963,0.034074074074074076,0.037368216934130324,68.0,0.5055500276395799,0.011429162395402316,xp2,0.1,150
3,time_only_ridge,calib0.1,3774,675,32,16,0.017792588878364768,0.029055463150143623,0.053604638179057036,0.046516016125679016,-0.0008565757053344836,0.007407407407407408,0.034074074074074076,0.0394201481591263,66.0,0.5171365395245991,0.021953143714878325,xp2,0.1,150
3,train_mean,calib0.1,3774,675,32,16,-6.151060216730286e-10,1.6372260214225776e-09,-0.011203926751601373,-0.019840937107801437,-0.0008430511435530974,0.007407407407407408,0.037037037037037035,0.04063844129329664,68.0,0.5,3.4694469519536144e-19,xp2,0.1,150
3,time_residual_eeg_ridge,calib0.1_time_resid,3774,675,32,16,0.006025438517099246,0.008600624743849039,0.016582690709619784,0.024810902774333954,-0.46095210329009473,0.005925925925925926,0.047407407407407405,0.042412091247556245,67.0,0.5038584853510226,0.007658134683623188,xp2,0.1,150
3,time_residual_shifted_null,calib0.1_time_resid,3774,675,32,16,-0.0009305668245360721,0.0014074822538532317,-0.0028253614873176925,-0.013887748122215271,-0.2544580742991869,0.005925925925925926,0.03851851851851852,0.03826144285397376,71.0,0.49734660033167494,-0.0014566811780779467,xp2,0.1,150
3,time_residual_mean,calib0.1_time_resid,3774,675,32,16,-1.3822631910603844e-09,3.241968637990311e-10,0.004640860878765428,-0.002976616844534874,-0.00017485483669710256,0.007407407407407408,0.037037037037037035,0.040638441293296634,68.0,0.5,-1.4961989980299962e-18,xp2,0.1,150
1,real_eeg_ridge,calib0.2,3682,810,32,16,0.010554122978646774,0.006838458124548197,0.007893935432104239,-0.008785152342170477,-0.4600083052022639,0.008641975308641974,0.044444444444444446,0.04519774504635166,66.0,0.5133130643080892,0.012030233469741733,xp2,0.2,360
1,shifted_null_ridge,calib0.2,3682,810,32,16,-0.007816831996933615,-0.005334151908755302,-0.00890434756648675,0.008126637199893594,-0.5831440932293752,0.007407407407407408,0.043209876543209874,0.04322847690182024,65.5,0.5091394877464529,0.007025266844409801,xp2,0.2,360
1,time_only_ridge,calib0.2,3682,810,32,16,0.017545942071592435,0.005570722045376897,0.06462066989858423,0.05446978099644184,-0.0010013220466871253,0.008641975308641974,0.024691358024691357,0.0388811640299692,63.0,0.5164086972544684,0.029406847037161288,xp2,0.2,360
1,train_mean,calib0.2,3682,810,32,16,1.2805608918932245e-09,2.6407976916331677e-09,0.04645214325509086,0.05766081623733044,-0.000444113731393303,0.007407407407407408,0.037037037037037035,0.040638441293296634,68.0,0.5,1.734723475976807e-18,xp2,0.2,360
1,time_residual_eeg_ridge,calib0.2_time_resid,3682,810,32,16,0.008787210122363831,0.008908458519726992,0.016278133362586097,0.0027200098847970366,-0.44566544389550367,0.009876543209876543,0.04691358024691358,0.0449416470080192,66.5,0.5149898654873779,0.014942986702172145,xp2,0.2,360
1,time_residual_shifted_null,calib0.2_time_resid,3682,810,32,16,0.0043715635110856965,0.003924930817447603,0.02429903700978662,0.009469257667660713,-0.6543376292194085,0.009876543209876543,0.03827160493827161,0.045817927755385596,63.5,0.5243688962594435,0.024832734381423017,xp2,0.2,360
1,time_residual_mean,calib0.2_time_resid,3682,810,32,16,-3.973140886999586e-09,-5.998168184362385e-09,0.008863901945526631,0.009217648301273584,-0.0007610308155148182,0.007407407407407408,0.037037037037037035,0.040638441293296634,68.0,0.5,-2.457524924300477e-18,xp2,0.2,360
2,real_eeg_ridge,calib0.2,3682,810,32,16,-0.008927152928663418,-0.010508066508919,0.004698929243453743,0.009441572707146406,-0.4806006591039016,0.009876543209876543,0.03950617283950617,0.04365561689561167,64.5,0.5156071494379952,0.01713605545850989,xp2,0.2,360
2,shifted_null_ridge,calib0.2,3682,810,32,16,-0.008066521302680485,-0.012118777725845575,-0.021980970443289637,-0.02107621356844902,-0.4512457421241365,0.007407407407407408,0.03580246913580247,0.03947494276248708,68.0,0.4963515754560531,-0.0057678012932117955,xp2,0.2,360
2,time_only_ridge,calib0.2,3682,810,32,16,0.023709639412118122,0.03400862030684948,0.05795385504750385,0.054384542629122734,0.0017523067367648526,0.007407407407407408,0.03580246913580247,0.04231151787360334,61.5,0.5289754929058411,0.037769648909525264,xp2,0.2,360
2,train_mean,calib0.2,3682,810,32,16,2.1202440358969454e-09,3.7959361209871645e-09,0.005067337862662195,0.004301817622035742,-0.0004118985610694903,0.007407407407407408,0.037037037037037035,0.040638441293296634,68.0,0.5,-1.6517142471458857e-18,xp2,0.2,360
2,time_residual_eeg_ridge,calib0.2_time_resid,3682,810,32,16,-0.010392764525022358,-0.013342277146875858,0.009115133728626483,0.010550854727625847,-0.44265614783559903,0.007407407407407408,0.03209876543209877,0.040669637110784425,65.0,0.5056753270683619,0.00627180924854841,xp2,0.2,360
2,time_residual_shifted_null,calib0.2_time_resid,3682,810,32,16,-0.017342696606647223,-0.016669505275785923,-0.025213190079034293,-0.01815180480480194,-0.49180694710740624,0.0024691358024691358,0.03209876543209877,0.033618454814066716,70.0,0.4786438179473006,-0.0274323714915624,xp2,0.2,360
2,time_residual_mean,calib0.2_time_resid,3682,810,32,16,-4.1083008308427016e-09,-6.000844265940941e-09,0.006878593433425578,0.0031896174186840653,-0.00024013643995290934,0.007407407407407408,0.037037037037037035,0.040638441293296634,68.0,0.5,1.6805133673525319e-18,xp2,0.2,360
3,real_eeg_ridge,calib0.2,3924,675,32,16,0.015244323895785783,0.0002653956908034161,0.023542581816911008,0.047244466841220856,-0.34283089116900545,0.013333333333333334,0.04296296296296296,0.04640679474780365,63.0,0.5150469872857932,0.015227457440848382,xp2,0.2,300
3,shifted_null_ridge,calib0.2,3924,675,32,16,-0.00659938512512781,-0.013073001056909561,0.020914430053068186,0.014437660574913025,-0.3083748543040148,0.007407407407407408,0.04296296296296296,0.04331275855662043,68.0,0.4998783858485351,0.004799917736299097,xp2,0.2,300
3,time_only_ridge,calib0.2,3924,675,32,16,0.01670560812635813,0.027786320075392723,0.059383793462809455,0.058210428804159164,-0.001291654663927,0.007407407407407408,0.037037037037037035,0.040385000951563305,64.0,0.5187396351575456,0.023978652540751745,xp2,0.2,300
3,train_mean,calib0.2,3924,675,32,16,-2.0164093993558156e-09,-7.012131431061164e-10,0.017659200972066847,0.020045803859829903,-0.0010750638710776972,0.007407407407407408,0.037037037037037035,0.04063844129329664,68.0,0.5,3.3827107781547738e-18,xp2,0.2,300
3,time_residual_eeg_ridge,calib0.2_time_resid,3924,675,32,16,0.01334103534463793,-0.0015026244800537825,0.023029200504965115,0.03095434047281742,-0.32075554799344075,0.01037037037037037,0.03851851851851852,0.04333405251539746,63.0,0.5169264787175235,0.017006913897827877,xp2,0.2,300
3,time_residual_shifted_null,calib0.2_time_resid,3924,675,32,16,-0.011558235222764779,-0.0145294270478189,0.010458588617405406,0.004294192418456078,-0.2976060497742725,0.013333333333333334,0.03851851851851852,0.04649153844553712,68.0,0.5105693753454946,0.01169670926155819,xp2,0.2,300
3,time_residual_mean,calib0.2_time_resid,3924,675,32,16,-3.1781859366475373e-09,-3.1781859366475373e-09,-0.0042007559438287795,0.009021831676363945,-0.00020059179214859668,0.007407407407407408,0.037037037037037035,0.04063844129329664,68.0,0.5,-6.071532165918824e-19,xp2,0.2,300
1,real_eeg_ridge,calib0.3,3862,810,32,16,0.018311416280113235,0.015620458871126175,0.045733017314970634,0.03962724283337593,-0.5161991880539392,0.007407407407407408,0.044444444444444446,0.04506007483938027,67.0,0.5129261101897918,0.015170949662384789,xp2,0.3,540
1,shifted_null_ridge,calib0.3,3862,810,32,16,0.0053993886372722955,0.004118516109883785,0.003384344839350102,-0.016390707343816757,-0.6540134762723551,0.0049382716049382715,0.037037037037037035,0.03978545363015747,67.0,0.5053712916896996,0.006462759763651048,xp2,0.3,540
1,time_only_ridge,calib0.3,3862,810,32,16,0.021284033813572023,0.008820123039186,0.05776315586908036,0.05976288206875324,-0.0006528107701329056,0.0049382716049382715,0.03209876543209877,0.03895883973706607,62.5,0.5220748111295376,0.03407111899691146,xp2,0.3,540
1,train_mean,calib0.3,3862,810,32,16,2.162452106269086e-09,6.667433272156131e-11,0.028980277872207447,0.04824739880859852,-0.00024303088316024457,0.007407407407407408,0.037037037037037035,0.040638441293296634,68.0,0.5,0.0,xp2,0.3,540
1,time_residual_eeg_ridge,calib0.3_time_resid,3862,810,32,16,0.016163752898137318,0.01356776524335146,0.018054345533119538,-0.008477990748360753,-0.5120995462968714,0.011111111111111112,0.04567901234567901,0.04777965461260954,68.0,0.5116731159019716,0.014185561292839226,xp2,0.3,540
1,time_residual_shifted_null,calib0.3_time_resid,3862,810,32,16,-0.014146979843644658,-0.02141488716006279,-0.028243769419646857,-0.023090429604053497,-0.5259636866676192,0.008641975308641974,0.02962962962962963,0.03797905372144326,71.0,0.48386769854431544,-0.02218717285666502,xp2,0.3,540
1,time_residual_mean,calib0.3_time_resid,3862,810,32,16,2.851371065185996e-09,1.6287025061956228e-09,0.01176991707984542,0.012189488392323256,-0.0007637719622439754,0.007407407407407408,0.037037037037037035,0.040638441293296634,68.0,0.5,4.04768811061255e-18,xp2,0.3,540
2,real_eeg_ridge,calib0.3,3862,810,32,16,-0.00027956497797276825,-0.0027969639049842954,0.0341437748124547,0.04881378635764122,-0.34722891629042385,0.007407407407407408,0.03950617283950617,0.04206053411557859,63.0,0.5196609544868251,0.0245655994773558,xp2,0.3,540
2,shifted_null_ridge,calib0.3,3862,810,32,16,0.011325979387947882,0.01912647020071745,0.013094147771918847,0.02609387505799532,-0.39385760459700325,0.007407407407407408,0.04197530864197531,0.043022639216792544,64.0,0.5101805785885387,0.013773519069081572,xp2,0.3,540
2,time_only_ridge,calib0.3,3862,810,32,16,0.02886434963102147,0.0294473459944129,0.055172594385595276,0.06549045443534851,0.002652627320782419,0.009876543209876543,0.0345679012345679,0.045370848589012164,60.0,0.5354155150175051,0.04567039648891593,xp2,0.3,540
2,train_mean,calib0.3,3862,810,32,16,-2.8155854711212467e-09,-1.3320867742194764e-09,0.008467459633808445,0.01662120409309864,-0.00022511805967884158,0.007407407407407408,0.037037037037037035,0.040638441293296634,68.0,0.5,-5.782411586589357e-19,xp2,0.3,540
2,time_residual_eeg_ridge,calib0.3_time_resid,3862,810,32,16,-0.0022194015837158076,-0.006882076384499669,0.014605675837377437,0.02275838702917099,-0.33977148684148495,0.0024691358024691358,0.02962962962962963,0.03682450016590871,66.0,0.5116132301455685,0.012198117491686202,xp2,0.3,540
2,time_residual_shifted_null,calib0.3_time_resid,3862,810,32,16,-0.00905183305440005,-0.006441207602620125,-0.004127780848585521,-0.011530841700732708,-0.3886727279356581,0.0024691358024691358,0.03333333333333333,0.03659868074069156,67.0,0.5014833241201401,0.005580890629113751,xp2,0.3,540
2,time_residual_mean,calib0.3_time_resid,3862,810,32,16,-8.879243636646569e-09,-8.434279719082838e-09,0.005871499615274427,0.018638964742422104,-0.0002552284116135173,0.007407407407407408,0.037037037037037035,0.040638441293296634,68.0,0.5,3.469446951953614e-18,xp2,0.3,540
3,real_eeg_ridge,calib0.3,4074,675,32,16,0.01937275797536131,0.012505297549068928,0.03412182273334582,0.045452479273080826,-0.32254243239474323,0.008888888888888889,0.04,0.04287838988963948,63.0,0.5205196241017137,0.019108936533667735,xp2,0.3,450
3,shifted_null_ridge,calib0.3,4074,675,32,16,-0.015115705515199807,-0.016978872008621693,-0.0149396667434323,-0.01251443475484848,-0.2999756488089649,0.005925925925925926,0.03259259259259259,0.0399568469336883,70.0,0.48414593698175784,-0.018739338442285636,xp2,0.3,450
3,time_only_ridge,calib0.3,4074,675,32,16,0.020571483692037873,0.025941808708012104,0.05516677094968381,0.05395098775625229,-0.0012363844605467467,0.007407407407407408,0.03111111111111111,0.03996637960431091,64.0,0.5211166390270867,0.02675606914488764,xp2,0.3,450
3,train_mean,calib0.3,4074,675,32,16,4.679137299845593e-09,1.6283749071366316e-09,-0.030052818827917455,-0.036252427846193314,-0.0008732980222212472,0.007407407407407408,0.037037037037037035,0.040638441293296634,68.0,0.5,-1.7347234759768072e-19,xp2,0.3,450
3,time_residual_eeg_ridge,calib0.3_time_resid,4074,675,32,16,0.01753987104166299,0.01031173299998045,0.029477348155945677,0.04213535040616989,-0.2958545090263174,0.007407407407407408,0.03851851851851852,0.041143365739472686,63.0,0.5262907683803206,0.023242577283467118,xp2,0.3,450
3,time_residual_shifted_null,calib0.3_time_resid,4074,675,32,16,0.015252852180310583,0.015956047922372818,0.02031327812445212,0.02936631254851818,-0.3023356270125115,0.005925925925925926,0.04148148148148148,0.040513911588141924,67.0,0.5131785516860143,0.011781481894284965,xp2,0.3,450
3,time_residual_mean,calib0.3_time_resid,4074,675,32,16,-4.2056549909297303e-10,-2.213834560116368e-09,-0.0019986670905793153,0.00805007666349411,-0.0002041163545545288,0.007407407407407408,0.037037037037037035,0.040638441293296634,68.0,0.5,-2.278179814935166e-18,xp2,0.3,450
1,real_eeg_ridge,calib0.4,4042,810,32,16,0.0196076928432376,0.016365605406463146,0.05023350000592024,0.03266645595431328,-0.42572701487883124,0.011111111111111112,0.05185185185185185,0.04911379148664404,67.5,0.5131748664086973,0.01846104565938296,xp2,0.4,720
1,shifted_null_ridge,calib0.4,4042,810,32,16,-0.016692982284439495,-0.016211352311074734,-0.02207798777822905,-0.034866735339164734,-0.49023650272521113,0.0024691358024691358,0.040740740740740744,0.03648684397343925,72.0,0.4760272710521467,-0.029470428826409475,xp2,0.4,720
1,time_only_ridge,calib0.4,4042,810,32,16,0.019689047912834212,0.014015133958309889,0.05774174427806204,0.06909658387303352,-0.0007591885067359527,0.007407407407407408,0.030864197530864196,0.040751486729713196,63.0,0.5221669430624655,0.03306549166560914,xp2,0.4,720
1,train_mean,calib0.4,4042,810,32,16,4.573440866758223e-09,7.0548697994610166e-09,0.031435577492344616,0.03590376302599907,-0.0002266223634421749,0.007407407407407408,0.037037037037037035,0.040638441293296634,68.0,0.5,2.6020852139652106e-18,xp2,0.4,720
1,time_residual_eeg_ridge,calib0.4_time_resid,4042,810,32,16,0.01750461430492578,0.013914346229285002,0.01605130070274305,-0.006637010490521789,-0.4475716561795502,0.008641975308641974,0.043209876543209874,0.044646302292338416,68.0,0.5062004790860513,0.01225801787373023,xp2,0.4,720
1,time_residual_shifted_null,calib0.4_time_resid,4042,810,32,16,0.004180841338893515,0.0130406036041677,0.013320329540263989,0.013001649640500546,-0.46370105778041615,0.009876543209876543,0.03209876543209877,0.04122575450869804,69.0,0.505177814630551,0.007368552828756934,xp2,0.4,720
1,time_residual_mean,calib0.4_time_resid,4042,810,32,16,-4.775037920623504e-09,-1.9479807766842328e-09,0.009965337960934842,0.003793027368374169,-0.0007648637871273678,0.007407407407407408,0.037037037037037035,0.040638441293296634,68.0,0.5,1.734723475976807e-18,xp2,0.4,720
2,real_eeg_ridge,calib0.4,4042,810,32,16,0.019856647370033897,0.0013122831005603075,0.04340248037930715,0.046870049089193344,-0.3011588866291526,0.006172839506172839,0.03950617283950617,0.042906584670974635,61.0,0.534116454763221,0.03915645499754556,xp2,0.4,720
2,shifted_null_ridge,calib0.4,4042,810,32,16,-0.0018717239781835815,-0.004031521151773632,0.012450887711181875,0.015520716551691294,-0.32263329665892426,0.008641975308641974,0.037037037037037035,0.04186179938441158,66.0,0.5017965726920951,0.005077142617023516,xp2,0.4,720
2,time_only_ridge,calib0.4,4042,810,32,16,0.028046995072145364,0.027400368824601173,0.05914943863393057,0.0690806694328785,0.002447121552821674,0.006172839506172839,0.03333333333333333,0.0425423376846594,59.0,0.5342730790491985,0.0468146107196234,xp2,0.4,720
2,train_mean,calib0.4,4042,810,32,16,-2.3754873554326927e-09,-1.035140972938109e-09,-0.008380974290811997,-0.01811715867370367,-0.0002674638720026046,0.007407407407407408,0.037037037037037035,0.040638441293296634,68.0,0.5,-3.4333068795374305e-19,xp2,0.4,720
2,time_residual_eeg_ridge,calib0.4_time_resid,4042,810,32,16,0.017697348499496002,-0.00035609828773885965,0.023153021519451783,0.031639943830668926,-0.2905734067412302,0.006172839506172839,0.03827160493827161,0.04076979290894487,61.0,0.5234199373502857,0.026097144493860126,xp2,0.4,720
2,time_residual_shifted_null,calib0.4_time_resid,4042,810,32,16,-0.0026761517801787704,0.006317575462162495,-0.0009671986456256199,0.005544618703424931,-0.3593179028824618,0.008641975308641974,0.03580246913580247,0.03980592390890488,67.0,0.49993550764695044,0.0006868752797374386,xp2,0.4,720
2,time_residual_mean,calib0.4_time_resid,4042,810,32,16,3.872135665136414e-09,3.4233069712286124e-09,0.006420086865330598,0.014450551476329565,-0.000287327430191997,0.007407407407407408,0.037037037037037035,0.040638441293296634,68.0,0.5,1.0661321362774128e-18,xp2,0.4,720
3,real_eeg_ridge,calib0.4,4224,675,32,16,0.031413876436090504,0.028008638881146908,0.03602300721863112,0.04490215331315994,-0.2894108980108001,0.0044444444444444444,0.037037037037037035,0.03853603867784951,63.0,0.5251741293532338,0.024434879008637184,xp2,0.4,600
3,shifted_null_ridge,calib0.4,4224,675,32,16,0.01667289914075809,0.008470059605315328,0.02744019572437672,0.0023847122211009264,-0.2664364570941946,0.01037037037037037,0.056296296296296296,0.047063934632969796,68.0,0.5049751243781094,0.01011274536771407,xp2,0.4,600
3,time_only_ridge,calib0.4,4224,675,32,16,0.01734191093419213,0.02709126379340887,0.05086504371560834,0.0463874489068985,-0.0016888876776137707,0.005925925925925926,0.02962962962962963,0.03817557249578589,64.0,0.5239800995024876,0.02847065966676212,xp2,0.4,600
3,train_mean,calib0.4,4224,675,32,16,2.2022339348940332e-09,6.470078917075739e-10,-0.009620936222620205,-0.02135511301457882,-0.0007388778444148425,0.007407407407407408,0.037037037037037035,0.040638441293296634,68.0,0.5,3.4694469519536144e-19,xp2,0.4,600
3,time_residual_eeg_ridge,calib0.4_time_resid,4224,675,32,16,0.030025032699086296,0.02451558131724596,0.03964362823791884,0.05325648933649063,-0.2718689386868185,0.007407407407407408,0.02666666666666667,0.03924240480769338,62.0,0.5284134881149807,0.03031160105079958,xp2,0.4,600
3,time_residual_shifted_null,calib0.4_time_resid,4224,675,32,16,0.024888925247068983,0.02956086490303278,0.012804280356698049,0.010235222056508064,-0.2815892975766128,0.01037037037037037,0.035555555555555556,0.044957943058149895,66.0,0.5176229961304588,0.012510626806397774,xp2,0.4,600
3,time_residual_mean,calib0.4_time_resid,4224,675,32,16,3.1169711004172285e-10,1.2059768739192123e-09,-0.009188962300066595,-0.003744324203580618,-0.00020468776129289878,0.007407407407407408,0.037037037037037035,0.04063844129329664,68.0,0.5,-2.4286128663675298e-18,xp2,0.4,600
1,real_eeg_ridge,calib0,5676,1276,32,16,-0.0029388267498688947,-0.0011016457501682453,0.016496150123738826,0.01462957775220275,-0.3057291647562679,0.007836990595611285,0.05172413793103448,0.047454647921415606,58.0,0.5053291536050156,0.008839993601256098,sleep,0.0,0
1,shifted_null_ridge,calib0,5676,1276,32,16,0.0019685946726895054,0.0043302965350449085,0.023975361054737652,0.020680836401879787,-0.4148821778912528,0.007836990595611285,0.0438871473354232,0.0465018103873128,57.0,0.5033596837944664,-0.0021066828751621926,sleep,0.0,0
1,time_only_ridge,calib0,5676,1276,32,16,-0.002785286033031298,-0.0021468783379532397,-0.025737875673260656,-0.013626864645630121,-0.006723663090024035,0.009404388714733543,0.03369905956112853,0.04362349078329725,61.0,0.48402616873381493,-0.031394155080850514,sleep,0.0,0
1,train_mean,calib0,5676,1276,32,16,8.58442206208565e-09,6.650621831028047e-09,-0.026939342741208638,-0.020578314550220966,-0.00019129851343002713,0.008620689655172414,0.04310344827586207,0.04599232765394249,58.5,0.5,2.3458192459231824e-18,sleep,0.0,0
1,time_residual_eeg_ridge,calib0_time_resid,5676,1276,32,16,-0.0028131954968557693,-0.00039955659303814173,0.0013708907634247573,-0.004866496659815311,-0.28949446977780724,0.007836990595611285,0.047021943573667714,0.046900971213502084,59.0,0.5032779065012948,0.007459787471831672,sleep,0.0,0
1,time_residual_shifted_null,calib0_time_resid,5676,1276,32,16,-0.0016465514127048664,-0.00411660922691226,0.0023071864290676756,-0.002777051122393459,-0.3500382172674781,0.006269592476489028,0.03526645768025078,0.04250574640450271,58.0,0.5000681477443097,-0.0008487820277248911,sleep,0.0,0
1,time_residual_mean,calib0_time_resid,5676,1276,32,16,1.5846669655496096e-11,1.4448486851392772e-09,0.012348605851013907,0.04503477364778519,-7.567775738226423e-05,0.008620689655172414,0.04310344827586207,0.04599232765394249,58.5,0.5,8.094554855942914e-19,sleep,0.0,0
2,real_eeg_ridge,calib0,5676,1276,32,16,0.0031390484898565774,0.004760069539770484,2.8208441533101576e-05,-0.005626784637570381,-0.9142057579322334,0.01018808777429467,0.041536050156739814,0.04805687326013518,58.5,0.5013288810140385,0.007635206145239931,sleep,0.0,0
2,shifted_null_ridge,calib0,5676,1276,32,16,-0.006658215821516933,-0.008894175756722689,-0.015548679238672434,-0.020417495630681515,-0.46196952841071104,0.0054858934169279,0.03369905956112853,0.04128996619189177,58.0,0.49495706692108493,-0.006702519589716211,sleep,0.0,0
2,time_only_ridge,calib0,5676,1276,32,16,0.01403888833056044,0.014977480750530958,-0.0018995403816491412,0.003928494523279369,-0.002344568250529644,0.0109717868338558,0.03605015673981191,0.04639791816412701,57.0,0.5075848439416655,-0.0014448296993364112,sleep,0.0,0
2,train_mean,calib0,5676,1276,32,16,-2.8240234841961054e-10,2.635165419206942e-09,0.02441630379816329,0.04449818655848503,-3.0256115837179465e-05,0.008620689655172414,0.04310344827586207,0.04599232765394249,58.5,0.5,3.1540426835941946e-18,sleep,0.0,0
2,time_residual_eeg_ridge,calib0_time_resid,5676,1276,32,16,0.00401380988296296,0.006021043751388788,0.007966408164567586,-0.00030788131698500365,-0.9051696961922724,0.009404388714733543,0.0384012539184953,0.04694688856634916,58.0,0.500797328608423,0.008030576347353305,sleep,0.0,0
2,time_residual_shifted_null,calib0_time_resid,5676,1276,32,16,0.0018851795939553995,0.0046222127275541425,0.005236386355424305,-0.004143680911511183,-0.5539888281828194,0.004702194357366771,0.04075235109717868,0.04270276454348817,57.0,0.5005247376311844,0.005462515418490538,sleep,0.0,0
2,time_residual_mean,calib0_time_resid,5676,1276,32,16,2.3766283607784543e-09,1.5087516791467692e-09,0.003004088345881436,0.000991653127130121,-2.259284023553576e-05,0.008620689655172414,0.04310344827586207,0.04599232765394249,58.5,0.5,-8.082234376710124e-19,sleep,0.0,0
3,real_eeg_ridge,calib0,5676,1276,32,16,0.0008907740666472819,0.0022243613784667104,0.009605462263815607,0.012617394793778658,-0.800450195626849,0.01018808777429467,0.04623824451410658,0.0488435160741957,56.0,0.5147130979964564,0.020655312468395193,sleep,0.0,0
3,shifted_null_ridge,calib0,5676,1276,32,16,-0.00045896655865362845,-0.0016655016806907952,0.002652527307582432,0.009767947718501091,-0.41818795601557346,0.009404388714733543,0.04467084639498432,0.04782938991627686,57.0,0.50747580755077,0.009799404976763305,sleep,0.0,0
3,time_only_ridge,calib0,5676,1276,32,16,-0.002855694488971494,-0.00241934135556221,-0.004901037738934027,0.009327617939561605,-0.0025024573108110015,0.0023510971786833857,0.03213166144200627,0.03904730627651105,58.0,0.49491617827449913,-0.009579799474487116,sleep,0.0,0
3,train_mean,calib0,5676,1276,32,16,-2.6575863315558834e-09,-4.619428173313622e-09,-0.0014575332416856767,-0.003049599356018007,-0.00013795429114482616,0.008620689655172414,0.04310344827586207,0.04599232765394249,58.5,0.5,2.0698405111086904e-19,sleep,0.0,0
3,time_residual_eeg_ridge,calib0_time_resid,5676,1276,32,16,0.0004917657388432417,0.0021894449018873274,0.021590049733214104,0.020680739544332027,-0.7980045695712807,0.013322884012539185,0.047021943573667714,0.05181318428391671,56.0,0.5170710099495707,0.02511109167432662,sleep,0.0,0
3,time_residual_shifted_null,calib0_time_resid,5676,1276,32,16,0.0005899123025301378,0.0034909353125840425,-0.009033437737757182,-0.0032019236823543906,-0.5593386043717938,0.0109717868338558,0.03526645768025078,0.04501884306598316,59.0,0.4949366225977921,-0.010142583707178134,sleep,0.0,0
3,time_residual_mean,calib0_time_resid,5676,1276,32,16,3.046849383903094e-09,3.715899921097332e-09,0.00896184118189973,0.03751377947628498,-5.530982701529297e-05,0.008620689655172414,0.04310344827586207,0.04599232765394249,58.5,0.5,-1.5671649584108656e-18,sleep,0.0,0
1,real_eeg_ridge,calib0.1,5951,1276,32,16,-0.0012616568155863206,0.0008256440778495744,0.03401026039984264,0.03543476201593876,-0.1593548360065027,0.004702194357366771,0.05642633228840126,0.04942544414934114,56.0,0.5123074826223252,0.01649070525989108,sleep,0.1,275
1,shifted_null_ridge,calib0.1,5951,1276,32,16,0.004367839598103274,0.005215957527980208,0.029411707949393275,0.019430184736847878,-0.1322936743370149,0.01018808777429467,0.039968652037617555,0.04718079817449651,59.0,0.5013493253373313,0.00442963497693579,sleep,0.1,275
1,time_only_ridge,calib0.1,5951,1276,32,16,-0.003617964011937147,0.0019250044715590775,-0.022258496135149825,-0.00907417107373476,-0.006771819710504445,0.009404388714733543,0.03369905956112853,0.042959714338467986,61.0,0.4815660351642361,-0.03242239299177094,sleep,0.1,275
1,train_mean,calib0.1,5951,1276,32,16,3.91517582243317e-09,3.4115930080957924e-09,-0.002686725056914596,-0.010281207505613565,-0.00023735900916754815,0.008620689655172414,0.04310344827586207,0.04599232765394249,58.5,0.5,5.913830031739115e-20,sleep,0.1,275
1,time_residual_eeg_ridge,calib0.1_time_resid,5951,1276,32,16,-0.0009656897636887152,0.00044482602970674634,0.013557297096824562,0.02386863622814417,-0.15691144663476675,0.007053291536050157,0.050940438871473356,0.04954380024945779,56.0,0.5123074826223252,0.012908832781072814,sleep,0.1,275
1,time_residual_shifted_null,calib0.1_time_resid,5951,1276,32,16,-0.00293391870582127,-0.006338691338896751,-0.02995465166557175,-0.040945591405034065,-0.19026494283411277,0.0054858934169279,0.039968652037617555,0.04205844939354062,63.0,0.48008722911271634,-0.029231795762447162,sleep,0.1,275
1,time_residual_mean,calib0.1_time_resid,5951,1276,32,16,-3.5205445780839284e-09,-3.6003399150885684e-09,0.005283192424333073,0.009905317798256874,-7.720620368845132e-05,0.008620689655172414,0.04310344827586207,0.04599232765394249,58.5,0.5,-1.5573085750246336e-18,sleep,0.1,275
2,real_eeg_ridge,calib0.1,5951,1276,32,16,0.006961266806229105,0.0026134446961805224,0.010993269540127373,0.019247954711318016,-0.23366555883821527,0.012539184952978056,0.050156739811912224,0.05160554234725033,56.0,0.5126482213438736,0.0216471936459469,sleep,0.1,275
2,shifted_null_ridge,calib0.1,5951,1276,32,16,0.0039544877254229505,0.0016560116200707853,0.01797800865128824,0.008148191263899207,-0.22612489432446004,0.008620689655172414,0.05172413793103448,0.0484055254438038,57.0,0.5101471991277089,0.013381917749147177,sleep,0.1,275
2,time_only_ridge,calib0.1,5951,1276,32,16,0.01442259905525134,0.015078142285346985,0.0010841842481667952,0.014057766646146774,-0.002333274094130866,0.009404388714733543,0.03369905956112853,0.04676738372640705,57.0,0.5058947798827859,-0.0028528780633769292,sleep,0.1,275
2,train_mean,calib0.1,5951,1276,32,16,-2.6303287696075963e-09,-5.088577559320129e-09,-0.008052423187377526,-0.01076342398300767,-4.4229477291768404e-05,0.008620689655172414,0.04310344827586207,0.04599232765394249,58.5,0.5,-4.92819169311593e-19,sleep,0.1,275
2,time_residual_eeg_ridge,calib0.1_time_resid,5951,1276,32,16,0.008295823048683815,0.0074634666088968515,0.015919255999155595,0.022722821682691574,-0.2371209782046262,0.011755485893416929,0.050156739811912224,0.051893365731328314,56.0,0.5163486438598882,0.02415576705032785,sleep,0.1,275
2,time_residual_shifted_null,calib0.1_time_resid,5951,1276,32,16,0.0018357724770794448,0.0011658206931315362,0.0032172198906291073,0.0035976096987724304,-0.37823379079271624,0.007053291536050157,0.04467084639498432,0.04578986233113527,58.0,0.506501294807142,0.005714558668524561,sleep,0.1,275
2,time_residual_mean,calib0.1_time_resid,5951,1276,32,16,-8.787328198422983e-09,-9.109156984266065e-09,0.013124722984459688,0.016569827683269978,-2.2708181395714178e-05,0.008620689655172414,0.04310344827586207,0.04599232765394249,58.5,0.5,-1.6558724088869523e-18,sleep,0.1,275
3,real_eeg_ridge,calib0.1,5951,1276,32,16,0.002356966948354966,0.00533039472065866,0.02974689112910094,0.017961964011192322,-0.17067594358432414,0.0109717868338558,0.050940438871473356,0.05084680839041608,56.5,0.5135341420198992,0.028717541861016594,sleep,0.1,275
3,shifted_null_ridge,calib0.1,5951,1276,32,16,-0.005948624481789011,-0.0007241118582896888,0.023139824151893716,0.02611109334975481,-0.24001396628295124,0.009404388714733543,0.03605015673981191,0.044906928859566896,60.0,0.4940064058879652,-0.0011322155123719335,sleep,0.1,275
3,time_only_ridge,calib0.1,5951,1276,32,16,-0.002714774091145955,-0.0022883949568495154,-0.00027593330069237786,0.01656387746334076,-0.0024571796498578102,0.003918495297805642,0.03605015673981191,0.041215606526892955,58.0,0.4990118577075099,-0.008861409954730861,sleep,0.1,275
3,train_mean,calib0.1,5951,1276,32,16,-6.253568623255339e-09,-2.7324769114045466e-09,-0.0004724752457157444,-0.0017427727580070496,-0.00017840830567261712,0.008620689655172414,0.04310344827586207,0.04599232765394249,58.5,0.5,-3.804563987085498e-18,sleep,0.1,275
3,time_residual_eeg_ridge,calib0.1_time_resid,5951,1276,32,16,0.0017999746992245491,0.005187933100387454,0.03003499264105188,0.029070772230625153,-0.17499682890934354,0.012539184952978056,0.05329153605015674,0.05174694687171971,55.0,0.517108491208941,0.03202202156091536,sleep,0.1,275
3,time_residual_shifted_null,calib0.1_time_resid,5951,1276,32,16,0.0026622802512292765,0.0033830006141215563,-0.011040171882260641,-0.006563377100974321,-0.1663277312495084,0.004702194357366771,0.03369905956112853,0.04050639793852868,60.0,0.48762436963336514,-0.013254868126983227,sleep,0.1,275
3,time_residual_mean,calib0.1_time_resid,5951,1276,32,16,-1.6332562163823284e-09,-8.053072514391246e-10,0.0003934958388364354,-0.004263222450390458,-5.489895594412708e-05,0.008620689655172414,0.04310344827586207,0.04599232765394249,58.5,0.5,2.2669681788333274e-19,sleep,0.1,275
1,real_eeg_ridge,calib0.2,6237,1276,32,16,0.00431296930037206,0.0036639522295445204,0.033246129987138065,0.03447620943188667,-0.12604498955865218,0.016457680250783698,0.054858934169279,0.05608495239623985,56.0,0.5130775521330244,0.01802661078199857,sleep,0.2,561
1,shifted_null_ridge,calib0.2,6237,1276,32,16,0.000153353983478155,4.7275854740291834e-05,0.007200565610239159,7.398350862786174e-05,-0.10943926442736762,0.007836990595611285,0.03761755485893417,0.044241404426360285,59.0,0.4966198718822407,-0.0012988219570237449,sleep,0.2,561
1,time_only_ridge,calib0.2,6237,1276,32,16,-0.004262054269929649,-0.001363414863590151,-0.024661339425982188,-0.007531020790338516,-0.006900068706438223,0.007836990595611285,0.03526645768025078,0.04196496450373525,61.0,0.48200899550224885,-0.03253631278186422,sleep,0.2,561
1,train_mean,calib0.2,6237,1276,32,16,-6.5973087733558105e-09,-7.80021958135535e-09,-0.024171571058583727,-0.034647995606064796,-0.00017475348189410767,0.008620689655172414,0.04310344827586207,0.04599232765394249,58.5,0.5,-3.2550706133030713e-18,sleep,0.2,561
1,time_residual_eeg_ridge,calib0.2_time_resid,6237,1276,32,16,0.004481872729229508,0.005153491627424955,0.008668368159314382,0.010242013726383448,-0.12564887928241797,0.014890282131661442,0.054075235109717866,0.053939826639719725,57.0,0.50909772386534,0.011598031024564703,sleep,0.2,561
1,time_residual_shifted_null,calib0.2_time_resid,6237,1276,32,16,-0.003785310429407218,-0.005741257220506668,-0.014947964593107217,-0.017491264268755913,-0.1318584171578412,0.0054858934169279,0.039968652037617555,0.041493878520274495,61.0,0.4834400981327518,-0.01741652544253469,sleep,0.2,561
1,time_residual_mean,calib0.2_time_resid,6237,1276,32,16,-1.957513262595967e-09,-6.490832094030452e-09,0.014426429645033085,0.04404054209589958,-7.868945491318335e-05,0.008620689655172414,0.04310344827586207,0.04599232765394249,58.5,0.5,-9.78246051083512e-19,sleep,0.2,561
2,real_eeg_ridge,calib0.2,6237,1276,32,16,0.010207258819718845,0.00529195461422205,0.021178989172824635,0.025798499584197998,-0.18502629216129973,0.01018808777429467,0.05642633228840126,0.05218435166672141,55.0,0.5215415019762846,0.029799852937271797,sleep,0.2,561
2,shifted_null_ridge,calib0.2,6237,1276,32,16,-0.006765497599872106,-0.004390483372844756,-0.041345787301510666,-0.06000795401632786,-0.34271272384540574,0.0109717868338558,0.03761755485893417,0.045058062355529366,62.0,0.4788946435872973,-0.04042616125202581,sleep,0.2,561
2,time_only_ridge,calib0.2,6237,1276,32,16,0.014056585488106066,0.015126067213714123,-0.0008631351317310425,0.012816143687814474,-0.0024118118236386987,0.012539184952978056,0.03683385579937304,0.04764452209029303,58.0,0.5039661987188224,-0.0034002547120956694,sleep,0.2,561
2,train_mean,calib0.2,6237,1276,32,16,-4.194671901491809e-10,1.9548606899899568e-09,0.025210574470923158,0.03863387554883957,-4.140160770327306e-05,0.008620689655172414,0.04310344827586207,0.04599232765394249,58.5,0.5,4.336808689942018e-19,sleep,0.2,561
2,time_residual_eeg_ridge,calib0.2_time_resid,6237,1276,32,16,0.011562213694560342,0.006551421480253339,0.02984409178827041,0.03978697769343853,-0.19382591395691207,0.011755485893416929,0.05642633228840126,0.05376692733608172,55.0,0.5267002862205261,0.03475829592643634,sleep,0.2,561
2,time_residual_shifted_null,calib0.2_time_resid,6237,1276,32,16,0.001488251314185618,0.002730345237068832,0.023418807593309034,0.04298076219856739,-0.274680085339047,0.007836990595611285,0.047021943573667714,0.04789929330613238,56.0,0.5158920539730135,0.020201117274773833,sleep,0.2,561
2,time_residual_mean,calib0.2_time_resid,6237,1276,32,16,-1.5117566184996712e-09,-2.9841727977597543e-09,0.005670613630876955,0.001384306000545621,-2.257323948562373e-05,0.008620689655172414,0.04310344827586207,0.04599232765394249,58.5,0.5,-2.513377763489124e-19,sleep,0.2,561
3,real_eeg_ridge,calib0.2,6237,1276,32,16,0.004578402549668681,0.004367865389212966,0.029302648557685263,0.024247496388852596,-0.11440431269614937,0.009404388714733543,0.045454545454545456,0.04852003230663677,56.0,0.5159193130707374,0.029463691147011528,sleep,0.2,561
3,shifted_null_ridge,calib0.2,6237,1276,32,16,0.0036554270336637273,0.003406043746508658,-0.0140219226071803,-0.028850805945694447,-0.11102722771121565,0.008620689655172414,0.03761755485893417,0.04539704914556865,62.0,0.4882513288810141,-0.011945746074828427,sleep,0.2,561
3,time_only_ridge,calib0.2,6237,1276,32,16,-0.002034216624451801,0.00016506551764905453,-0.002259320468391105,0.01741828117519617,-0.0024450688232948714,0.003918495297805642,0.03526645768025078,0.04151427425029703,57.0,0.49943437372222976,-0.008584713101164126,sleep,0.2,561
3,train_mean,calib0.2,6237,1276,32,16,3.433325579393909e-09,3.6994831642545023e-09,0.011907693227920185,0.03725668974220753,-0.00015640596826504982,0.008620689655172414,0.04310344827586207,0.04599232765394249,58.5,0.5,6.30808536718839e-19,sleep,0.2,561
3,time_residual_eeg_ridge,calib0.2_time_resid,6237,1276,32,16,0.004023309066269576,0.005183299770578742,0.0332461231741047,0.035124219954013824,-0.11395291807426333,0.009404388714733543,0.04231974921630094,0.047674064993628,54.0,0.5191835900231703,0.034448879141419184,sleep,0.2,561
3,time_residual_shifted_null,calib0.2_time_resid,6237,1276,32,16,0.009268317371606827,0.013063789810985327,0.003133928177960948,0.00952129252254963,-0.2132637643276769,0.006269592476489028,0.0384012539184953,0.04352107753388265,59.0,0.4992776339103176,-0.0025411756146905763,sleep,0.2,561
3,time_residual_mean,calib0.2_time_resid,6237,1276,32,16,6.771893925246649e-10,-1.5417987164756397e-09,0.005917072961516357,-0.0024792785989120603,-5.496089625389722e-05,0.008620689655172414,0.04310344827586207,0.04599232765394249,58.5,0.5,1.80371815968043e-18,sleep,0.2,561
1,real_eeg_ridge,calib0.3,6523,1276,32,16,0.01315162217724719,0.011979144532233477,0.03665934372425983,0.04848608747124672,-0.09292812752211188,0.013322884012539185,0.06191222570532915,0.05516850489342494,56.0,0.5186520376175549,0.02446527446338814,sleep,0.3,847
1,shifted_null_ridge,calib0.3,6523,1276,32,16,-0.0029034758772468194,0.0011862273095175624,-0.0005343300525619898,-0.0029899728251621127,-0.10745700822307547,0.009404388714733543,0.04467084639498432,0.04601120646470171,59.0,0.501390213983917,0.006436566496741708,sleep,0.3,847
1,time_only_ridge,calib0.3,6523,1276,32,16,-0.004603878976922715,-0.004875639919191599,-0.024086952814129824,-0.01178444642573595,-0.007140449798299864,0.008620689655172414,0.034482758620689655,0.04189717168992695,61.0,0.4812525555404116,-0.033735809284553164,sleep,0.3,847
1,train_mean,calib0.3,6523,1276,32,16,5.2050814214332775e-09,4.746778747843905e-09,0.010512903391282866,0.020674102008342743,-0.0002002871287607455,0.008620689655172414,0.04310344827586207,0.04599232765394249,58.5,0.5,1.5770213417970974e-19,sleep,0.3,847
1,time_residual_eeg_ridge,calib0.3_time_resid,6523,1276,32,16,0.013411939409706974,0.010664676316082478,0.015740417424530247,0.030862907879054546,-0.09201569657629416,0.013322884012539185,0.05956112852664577,0.05484533278293199,55.5,0.516580346190541,0.019281754200198193,sleep,0.3,847
1,time_residual_shifted_null,calib0.3_time_resid,6523,1276,32,16,-0.003546504083715263,-0.0017811298748711124,-0.009655834031033796,-0.0023337542079389095,-0.12743606207508917,0.009404388714733543,0.04075235109717868,0.04603754293957152,59.0,0.497587569851438,-0.009975737445967265,sleep,0.3,847
1,time_residual_mean,calib0.3_time_resid,6523,1276,32,16,-1.1504778241189229e-09,-1.1211863659710275e-09,0.013303498750651798,0.03587638959288597,-8.062090966931557e-05,0.008620689655172414,0.04310344827586207,0.04599232765394249,58.5,0.5,3.0160533161869485e-18,sleep,0.3,847
2,real_eeg_ridge,calib0.3,6523,1276,32,16,0.010864644642424537,0.00888051139190793,0.028844273216111167,0.02005622163414955,-0.1564706648049814,0.007836990595611285,0.0493730407523511,0.04938525863462349,56.0,0.515169687883331,0.02564845208325537,sleep,0.3,847
2,shifted_null_ridge,calib0.3,6523,1276,32,16,-0.0072007287071755854,-0.009755896404385567,-0.014476380704082461,-0.012891767080873251,-0.14088201569041936,0.007836990595611285,0.04075235109717868,0.04437311567513968,59.0,0.4971241651901322,-0.011369199194952105,sleep,0.3,847
2,time_only_ridge,calib0.3,6523,1276,32,16,0.012838640999689233,0.010666273534297943,-0.002529041266936708,0.011532132513821125,-0.0024549188080273954,0.012539184952978056,0.03526645768025078,0.0486016562325181,57.0,0.5044227886056972,-0.004271534295824175,sleep,0.3,847
2,train_mean,calib0.3,6523,1276,32,16,6.307070643529755e-09,6.307070643529755e-09,-0.02453492316420133,-0.04729688540101051,-3.510160940889406e-05,0.008620689655172414,0.04310344827586207,0.04599232765394249,58.5,0.5,-7.885106708985487e-19,sleep,0.3,847
2,time_residual_eeg_ridge,calib0.3_time_resid,6523,1276,32,16,0.01209672193363076,0.01142416289076209,0.019360757489124136,0.023229340091347694,-0.15358749601505517,0.008620689655172414,0.055642633228840124,0.05145385530070471,55.0,0.5191495161510155,0.028379356497307214,sleep,0.3,847
2,time_residual_shifted_null,calib0.3_time_resid,6523,1276,32,16,0.004097311102214007,0.00032697573624318466,0.018782178584149954,0.03130949288606644,-0.15710981036890548,0.011755485893416929,0.04231974921630094,0.04763283683791385,57.0,0.5060310753714051,0.007804553057785011,sleep,0.3,847
2,time_residual_mean,calib0.3_time_resid,6523,1276,32,16,-9.971246939244338e-09,-1.259210513637754e-08,0.02798414819726617,0.06893975287675858,-2.285795990752959e-05,0.008620689655172414,0.04310344827586207,0.04599232765394249,58.5,0.5,3.7060001532231786e-18,sleep,0.3,847
3,real_eeg_ridge,calib0.3,6523,1276,32,16,0.003937601857614936,0.004729069536551833,0.032874756356518146,0.028597663156688213,-0.08591248499008874,0.0109717868338558,0.05329153605015674,0.05024470297257427,55.0,0.5176570805506338,0.03449842493928589,sleep,0.3,847
3,shifted_null_ridge,calib0.3,6523,1276,32,16,0.0037463453445525374,0.007988211698830128,0.03587531495873935,0.03613589331507683,-0.10750914441507309,0.0109717868338558,0.05172413793103448,0.05136335122352601,57.0,0.5086752078506201,0.023045571990001925,sleep,0.3,847
3,time_only_ridge,calib0.3,6523,1276,32,16,-0.0004223344822094077,-0.00018914343672804534,-0.0018466604234166093,0.019815722480416298,-0.0025269604829869508,0.003134796238244514,0.03526645768025078,0.04043295642678141,58.0,0.49751942210712824,-0.009345560023791303,sleep,0.3,847
3,train_mean,calib0.3,6523,1276,32,16,-1.1551501533091368e-09,-3.1115470200404616e-09,-0.004339851005167352,-0.006097118137404323,-0.00017983504537766315,0.008620689655172414,0.04310344827586207,0.04599232765394249,58.5,0.5,1.0842021724855044e-18,sleep,0.3,847
3,time_residual_eeg_ridge,calib0.3_time_resid,6523,1276,32,16,0.003514549658575561,0.006420487305149436,0.03575205649194059,0.02596073504537344,-0.0853148091467526,0.0109717868338558,0.052507836990595615,0.05136799179337917,54.0,0.5206215074281041,0.038075867776964784,sleep,0.3,847
3,time_residual_shifted_null,calib0.3_time_resid,6523,1276,32,16,-0.008536871767319099,-0.006008166586980224,-0.00557942979234281,0.008407838176935911,-0.16273245776668555,0.006269592476489028,0.0438871473354232,0.043967523075993796,58.0,0.49815319612920816,-0.008451689843552556,sleep,0.3,847
3,time_residual_mean,calib0.3_time_resid,6523,1276,32,16,-6.755297115341413e-10,-2.6315081225192216e-09,0.010461540978668898,0.011421069502830505,-5.490400237473381e-05,0.008620689655172414,0.04310344827586207,0.04599232765394249,58.5,0.5,-9.462128050782583e-19,sleep,0.3,847
1,real_eeg_ridge,calib0.4,6809,1276,32,16,0.021616913712932728,0.019481610506772995,0.0446207486490599,0.054491834715008736,-0.07899593071961775,0.017241379310344827,0.05956112852664577,0.05990686370427842,53.0,0.5248262232520103,0.03382569851868471,sleep,0.4,1133
1,shifted_null_ridge,calib0.4,6809,1276,32,16,0.011239042616580264,0.014553576707839966,0.03019786038937603,0.028158958069980145,-0.0775512109172165,0.014890282131661442,0.04623824451410658,0.05357372623889622,53.0,0.5247512607332697,0.03286250469866659,sleep,0.4,1133
1,time_only_ridge,calib0.4,6809,1276,32,16,-0.004921555566397728,-0.007699718698859215,-0.02628078771805096,-0.014160056598484516,-0.0073877841966953905,0.009404388714733543,0.03369905956112853,0.04255217527460494,61.0,0.4820430693744037,-0.03341087127570325,sleep,0.4,1133
1,train_mean,calib0.4,6809,1276,32,16,1.6204571018363367e-10,5.01041030886995e-09,0.0264395038124645,0.02360519301146269,-0.00019726932307584377,0.008620689655172414,0.04310344827586207,0.04599232765394249,58.5,0.5,3.2526065174565133e-19,sleep,0.4,1133
1,time_residual_eeg_ridge,calib0.4_time_resid,6809,1276,32,16,0.021842938658664934,0.01910592895001173,0.026196148793295546,0.034156378358602524,-0.07744027029793199,0.019592476489028215,0.06269592476489028,0.06151471691057925,56.5,0.5209690609240835,0.02905466065490141,sleep,0.4,1133
1,time_residual_shifted_null,calib0.4_time_resid,6809,1276,32,16,0.014612939434300642,0.012876063119620085,0.008061231456755696,0.00999985495582223,-0.09634808327045019,0.011755485893416929,0.05172413793103448,0.05099033646581552,58.0,0.5100177184135205,0.011401696648498489,sleep,0.4,1133
1,time_residual_mean,calib0.4_time_resid,6809,1276,32,16,2.056002541828139e-09,5.053291562973072e-09,-0.012852021739898443,-0.04491362161934376,-8.074758224019263e-05,0.008620689655172414,0.04310344827586207,0.04599232765394249,58.5,0.5,3.011125124493833e-18,sleep,0.4,1133
2,real_eeg_ridge,calib0.4,6809,1276,32,16,0.009279694870201638,0.008676616009324789,0.033114618573229775,0.034245699644088745,-0.09840179315742836,0.007053291536050157,0.050940438871473356,0.04932043492589359,54.0,0.5247853346054245,0.03551285899975177,sleep,0.4,1133
2,shifted_null_ridge,calib0.4,6809,1276,32,16,-0.0012699714789050631,0.005288411863148212,0.008980871067929986,0.012670340482145548,-0.11978307140283428,0.012539184952978056,0.05172413793103448,0.050972978641054184,57.0,0.5081095815728499,0.011066792200777647,sleep,0.4,1133
2,time_only_ridge,calib0.4,6809,1276,32,16,0.011463205635664053,0.011800178326666355,-0.00030524955936897324,0.009140007197856903,-0.0023505609193907873,0.01018808777429467,0.039968652037617555,0.047117245587693236,58.0,0.5027531688701105,-0.004691274620398417,sleep,0.4,1133
2,train_mean,calib0.4,6809,1276,32,16,-1.1971505057114688e-09,-4.6292782940327015e-09,0.002021642499526694,0.023715431801974773,-5.898225125244849e-05,0.008620689655172414,0.04310344827586207,0.04599232765394249,58.5,0.5,1.8924256101565167e-18,sleep,0.4,1133
2,time_residual_eeg_ridge,calib0.4_time_resid,6809,1276,32,16,0.010418868441774976,0.009523225016891956,0.029706752701585112,0.03605099767446518,-0.09897183570320878,0.009404388714733543,0.05642633228840126,0.05151204537543217,54.0,0.5269865067466266,0.03833148911355824,sleep,0.4,1133
2,time_residual_shifted_null,calib0.4_time_resid,6809,1276,32,16,-0.0021736511298513506,0.002356632088776678,-0.033280959111626686,-0.05658422410488129,-0.16002243980098818,0.008620689655172414,0.04467084639498432,0.0461140207216846,63.0,0.48145699877334064,-0.025746080114571013,sleep,0.4,1133
2,time_residual_mean,calib0.4_time_resid,6809,1276,32,16,1.840310214403414e-09,3.2855379528129447e-09,-0.01642467340131808,-0.03275545686483383,-2.1651166326464022e-05,0.008620689655172414,0.04310344827586207,0.04599232765394249,58.5,0.5,1.7297952842836912e-18,sleep,0.4,1133
3,real_eeg_ridge,calib0.4,6809,1276,32,16,0.004133741771511268,0.008933746255934238,0.03772559134242693,0.034786684438586235,-0.08326918762189117,0.011755485893416929,0.048589341692789965,0.04949296458471467,55.0,0.5156739811912225,0.032097754816827306,sleep,0.4,1133
3,shifted_null_ridge,calib0.4,6809,1276,32,16,-0.0018776315919240005,0.006394401658326387,-0.03979135321909934,-0.02778478618711233,-0.2399019692445763,0.01018808777429467,0.04623824451410658,0.04512218071581953,61.0,0.47846531279814636,-0.031492177780688274,sleep,0.4,1133
3,time_only_ridge,calib0.4,6809,1276,32,16,0.0007656148163732723,0.0028738971013808623,-0.002019126281323518,0.015487422700971365,-0.0023548092024645584,0.003134796238244514,0.03683385579937304,0.04011590932645805,57.0,0.49757394030257596,-0.008664388758530392,sleep,0.4,1133
3,train_mean,calib0.4,6809,1276,32,16,2.4550191648116857e-09,2.945407917565035e-09,0.013274541487410267,0.013168662320822477,-0.0001776519793121878,0.008620689655172414,0.04310344827586207,0.04599232765394249,58.5,0.5,-5.519574696289841e-19,sleep,0.4,1133
3,time_residual_eeg_ridge,calib0.4_time_resid,6809,1276,32,16,0.003644364478532225,0.006927334237843752,0.03898484297181577,0.03755376674234867,-0.08458728613542221,0.012539184952978056,0.04623824451410658,0.05001961158507409,54.0,0.5212280223524601,0.03842628337716953,sleep,0.4,1133
3,time_residual_shifted_null,calib0.4_time_resid,6809,1276,32,16,0.0006856171748950146,-0.0019852014956995845,0.018117071976380673,0.006430034758523107,-0.11193463067894838,0.0109717868338558,0.04467084639498432,0.048930967117803065,57.0,0.5129071827722502,0.019148315003583296,sleep,0.4,1133
3,time_residual_mean,calib0.4_time_resid,6809,1276,32,16,-1.1317048005791848e-09,-1.3401061371709488e-09,-0.006349834020842205,-0.008916879538446665,-5.693871740941603e-05,0.008620689655172414,0.04310344827586207,0.04599232765394249,58.5,0.5,-3.5482980190434693e-19,sleep,0.4,1133
