fold,method,target_mode,n_train,n_test,y_dim,context_steps,target_corr_mean,target_corr_median,row_corr_mean,row_corr_median,r2,retrieval_top1,retrieval_top5,retrieval_mrr,retrieval_median_rank,retrieval_rank_percentile_mean,diag_minus_offdiag,dataset_name,mode,lag
1,real_eeg_ridge,Z,11625,5376,32,16,0.0375559864405659,0.038961537182331085,0.06235111585308283,0.06967035681009293,-0.07856791987156453,0.009300595238095238,0.031436011904761904,0.034221722722809524,113.0,0.5452920751633987,0.06056457674710355,affective,tf,-8
1,shifted_null_ridge,Z,11625,5376,32,16,-0.00305479040616774,-0.004491119529120624,0.008661305720391425,0.005777036305516958,-0.09126563368260587,0.00390625,0.01711309523809524,0.023359690820010076,127.0,0.5005281279178339,0.0015965719292484293,affective,tf,-8
1,time_only_ridge,Z,11625,5376,32,16,0.00631313754911389,0.007220893399789929,0.004223316978065365,0.013692033011466265,-8.030073266218629e-05,0.002976190476190476,0.017857142857142856,0.023483879220891537,125.0,0.5077866042250233,0.006391873656365667,affective,tf,-8
1,time_residual_eeg_ridge,Z_time_resid,11625,5376,32,16,0.037214810043224134,0.0383815448731184,0.06011274893274904,0.06756307557225227,-0.07898232802270688,0.009486607142857142,0.03366815476190476,0.034534612076453725,112.0,0.5446552579365079,0.05964000816420271,affective,tf,-8
1,time_residual_shifted_null,Z_time_resid,11625,5376,32,16,-0.001579231780851842,-0.0010923469380941242,-0.010396840516487973,-0.008728050161153078,-0.10085478740853793,0.0026041666666666665,0.020647321428571428,0.023369041784246498,131.0,0.4953373015873016,-0.00835467601676492,affective,tf,-8
2,real_eeg_ridge,Z,11655,5376,32,16,0.03009002446924569,0.026250836439430714,0.04848678952243106,0.05402285419404507,-0.07376737926584442,0.00744047619047619,0.03125,0.03204476692354948,114.0,0.538578139589169,0.04883782728379472,affective,tf,-8
2,shifted_null_ridge,Z,11655,5376,32,16,0.00042888239840976894,-0.001956550171598792,-0.006904082113984649,-0.0049288340378552675,-0.09686944604866521,0.0027901785714285715,0.017857142857142856,0.022506920262615727,129.0,0.49742027019140994,-0.005297470442753173,affective,tf,-8
2,time_only_ridge,Z,11655,5376,32,16,0.006184253432820697,0.0046325623989105225,0.0016052719520443489,-0.006990148685872555,-2.7094510666181293e-06,0.004092261904761905,0.020647321428571428,0.024990137536780692,129.0,0.5026362628384687,0.001308187072976331,affective,tf,-8
2,time_residual_eeg_ridge,Z_time_resid,11655,5376,32,16,0.0299711394472979,0.025988664478063583,0.04730048391712942,0.0520063191652298,-0.07390824372487903,0.007626488095238095,0.030133928571428572,0.031640315687451216,115.0,0.5374708216619981,0.0477218328526755,affective,tf,-8
2,time_residual_shifted_null,Z_time_resid,11655,5376,32,16,0.0058366379716972006,0.005061193602159619,-0.002384740364867693,-0.010080712847411633,-0.10062697691609634,0.004836309523809524,0.019903273809523808,0.02444472223544626,130.0,0.49865050186741366,-0.0035368712768479808,affective,tf,-8
3,real_eeg_ridge,Z,11520,5376,32,16,0.03509577589284163,0.031053127720952034,0.0682668776873194,0.07069394737482071,-0.05038432959513228,0.006138392857142857,0.029203869047619048,0.030920209554679896,110.0,0.5492851307189542,0.07022200381870991,affective,tf,-8
3,shifted_null_ridge,Z,11520,5376,32,16,-0.006504625387606211,-0.006732282694429159,0.005391051981813381,0.007868321146816015,-0.09066181973132337,0.0026041666666666665,0.01804315476190476,0.022699095852164283,126.5,0.50359258286648,0.005226484945375242,affective,tf,-8
3,time_only_ridge,Z,11520,5376,32,16,0.005462260951162534,0.0056748653296381235,0.007125263277116357,0.005895812064409256,-0.0002405823203754931,0.0027901785714285715,0.018229166666666668,0.02343595920113463,125.0,0.5068397671568627,0.008245059937644813,affective,tf,-8
3,time_residual_eeg_ridge,Z_time_resid,11520,5376,32,16,0.03483254807360936,0.0301451338455081,0.06642428648964464,0.06762464717030525,-0.050701138096198584,0.005766369047619048,0.028273809523809524,0.030594109777230767,111.0,0.548203343837535,0.06793141910192317,affective,tf,-8
3,time_residual_shifted_null,Z_time_resid,11520,5376,32,16,0.0009308357523423183,0.000852953817229718,-0.0014107820084524022,-0.004478783463127911,-0.09680449641838118,0.00427827380952381,0.01878720238095238,0.0238532109952605,130.0,0.4986322654061625,-0.0005924843074629422,affective,tf,-8
1,real_eeg_ridge,Z,11625,5376,32,16,0.04851982971013058,0.0511806420981884,0.07774413562984114,0.08773330226540565,-0.07000757804725422,0.00744047619047619,0.033854166666666664,0.03371679073887393,109.0,0.557375554388422,0.07582343086997227,affective,tf,-7
1,shifted_null_ridge,Z,11625,5376,32,16,-0.005238972733422997,-0.004348638700321317,0.011202401299807244,0.013273735996335745,-0.08974009708401365,0.004464285714285714,0.019903273809523808,0.02466373929936038,127.0,0.5035429796918768,0.004944865603068186,affective,tf,-7
1,time_only_ridge,Z,11625,5376,32,16,0.0062663070511916885,0.007203276036307216,0.0038590217559816764,0.014282055664807558,-7.73779528604468e-05,0.0033482142857142855,0.017671130952380952,0.02341941320212946,125.5,0.5081123074229692,0.006470868065323666,affective,tf,-7
1,time_residual_eeg_ridge,Z_time_resid,11625,5376,32,16,0.048187760963628534,0.05096587538719177,0.07362271092414796,0.08619514480233192,-0.0704296979941037,0.00744047619047619,0.03311011904761905,0.03386861280030082,109.0,0.5558035714285714,0.07318880192705286,affective,tf,-7
1,time_residual_shifted_null,Z_time_resid,11625,5376,32,16,-0.0013912285157857696,-0.0008872770995367318,-0.010477402165933757,-0.006429280154407024,-0.09873298487642046,0.002418154761904762,0.018601190476190476,0.022357771874292165,130.0,0.49586725315126046,-0.009329132717673551,affective,tf,-7
2,real_eeg_ridge,Z,11655,5376,32,16,0.039464175933972,0.03212520945817232,0.056584733656017135,0.06208178773522377,-0.06935448908229502,0.006510416666666667,0.029575892857142856,0.0316472440989828,114.0,0.5420912114845938,0.05707772622266925,affective,tf,-7
2,shifted_null_ridge,Z,11655,5376,32,16,-0.0013625059459627664,-0.0007636310474481434,-0.01563878509947986,-0.014063299633562565,-0.10253348741994794,0.0033482142857142855,0.017857142857142856,0.022468713860236283,131.0,0.49086134453781516,-0.01351739772406708,affective,tf,-7
2,time_only_ridge,Z,11655,5376,32,16,0.006218810028286725,0.004334714962169528,0.0008079028610471336,-0.005704776616767049,-3.5224958780943894e-06,0.00390625,0.019159226190476192,0.02434176071468113,129.0,0.5026807598039216,0.001084879894592505,affective,tf,-7
2,time_residual_eeg_ridge,Z_time_resid,11655,5376,32,16,0.0392766629520338,0.031874749809503555,0.05445909909934495,0.05817348696291447,-0.06957111079887235,0.006324404761904762,0.028645833333333332,0.030888275127356753,114.0,0.5405119339402428,0.05529417907145911,affective,tf,-7
2,time_residual_shifted_null,Z_time_resid,11655,5376,32,16,0.006536629855872889,0.006283666007220745,-0.004188170368769036,-0.002838345360942185,-0.1041177899653285,0.004650297619047619,0.02194940476190476,0.024797391633221682,129.0,0.49789332399626524,-0.005240387049508104,affective,tf,-7
3,real_eeg_ridge,Z,11520,5376,32,16,0.044882718757435214,0.03791062347590923,0.07734365356359214,0.083287563174963,-0.046332493399773744,0.005022321428571429,0.030691964285714284,0.031163907460408424,108.0,0.5557984652194211,0.07919377858398617,affective,tf,-7
3,shifted_null_ridge,Z,11520,5376,32,16,-0.005139142958796583,-0.006395210744813085,0.00250837687419681,0.00042367113928776234,-0.09599300545730749,0.00390625,0.02027529761904762,0.02402017580487516,127.0,0.5029003267973857,0.002938299924727862,affective,tf,-7
3,time_only_ridge,Z,11520,5376,32,16,0.005458436964090652,0.005893496330827475,0.0036731071751508657,0.0029569148318842053,-0.0002643332644987062,0.002976190476190476,0.018973214285714284,0.023558804935935634,127.0,0.5048793475723622,0.005593548731969909,affective,tf,-7
3,time_residual_eeg_ridge,Z_time_resid,11520,5376,32,16,0.044579190554941306,0.03767740912735462,0.07492922668787184,0.07785986736416817,-0.04666082501451374,0.004650297619047619,0.031063988095238096,0.030739259556996582,109.0,0.5539551237161531,0.07644205539343851,affective,tf,-7
3,time_residual_shifted_null,Z_time_resid,11520,5376,32,16,-0.0014854142027616035,0.00308783573564142,-0.002555604404811956,-0.009996997192502022,-0.09778941580479583,0.00427827380952381,0.019345238095238096,0.0236964600215984,130.5,0.49598797852474324,-0.002114056176415894,affective,tf,-7
1,real_eeg_ridge,Z,11625,5376,32,16,0.05868242534052115,0.06319223716855049,0.08669447929400692,0.09418477863073349,-0.064759897310249,0.004464285714285714,0.03218005952380952,0.031799972489296675,106.0,0.5621265172735761,0.08418370013722407,affective,tf,-6
1,shifted_null_ridge,Z,11625,5376,32,16,-0.005969797064608429,-0.00768906157463789,0.007077006746135069,0.004012940684333444,-0.09118201186389263,0.005208333333333333,0.022135416666666668,0.025692854747883017,129.0,0.5006849614845938,0.002169344953112223,affective,tf,-6
1,time_only_ridge,Z,11625,5376,32,16,0.0062421014581559575,0.007252057548612356,0.004239284767799794,0.01580922305583954,-7.267129851706855e-05,0.002976190476190476,0.017671130952380952,0.02341976651647662,125.0,0.508063433706816,0.00682044570075948,affective,tf,-6
1,time_residual_eeg_ridge,Z_time_resid,11625,5376,32,16,0.05835681373719126,0.06312818825244904,0.08134944583827876,0.08902974054217339,-0.06523118953857932,0.005394345238095238,0.033482142857142856,0.0325259480556801,107.0,0.5597718253968255,0.08040708864830977,affective,tf,-6
1,time_residual_shifted_null,Z_time_resid,11625,5376,32,16,-0.004239595452418143,-0.0016231968184001744,-0.01253190922231998,-0.00709185772575438,-0.09946521020816057,0.003162202380952381,0.018229166666666668,0.022492081994332707,131.0,0.4933334792250233,-0.011503866393672823,affective,tf,-6
2,real_eeg_ridge,Z,11655,5376,32,16,0.05207227062783204,0.04963763430714607,0.06884965818912563,0.07704897224903107,-0.06273302259589242,0.007254464285714286,0.032552083333333336,0.033757827567658154,110.0,0.5544620973389356,0.06958877652624139,affective,tf,-6
2,shifted_null_ridge,Z,11655,5376,32,16,-0.0013999549851178017,0.0005235470525803976,-0.023559560104099524,-0.02056624088436365,-0.10773051742092443,0.0033482142857142855,0.016555059523809524,0.021547421609342973,132.0,0.4850986227824463,-0.02125273535644557,affective,tf,-6
2,time_only_ridge,Z,11655,5376,32,16,0.006129704173417849,0.0038618745747953653,0.0008123968541873356,-0.005784768145531416,-9.551911046123962e-06,0.003720238095238095,0.019903273809523808,0.024273281867543912,129.0,0.5032869397759103,0.0016029335889706856,affective,tf,-6
2,time_residual_eeg_ridge,Z_time_resid,11655,5376,32,16,0.05186315270839259,0.04943409748375416,0.06704784872869411,0.07732640951871872,-0.06299390029745133,0.007626488095238095,0.03125,0.03342564427356187,109.0,0.5529747315592904,0.06788130404476617,affective,tf,-6
2,time_residual_shifted_null,Z_time_resid,11655,5376,32,16,0.0030516571532643866,0.002010492200497538,-0.01061970155989554,-0.010458581149578094,-0.10199122442829522,0.0016741071428571428,0.018601190476190476,0.02184229638579315,131.0,0.491859973155929,-0.011532767805444353,affective,tf,-6
3,real_eeg_ridge,Z,11520,5376,32,16,0.056213394505903125,0.052796365693211555,0.09155021383705952,0.09239128604531288,-0.0413616085814017,0.007998511904761904,0.032924107142857144,0.03506292470100626,106.0,0.5671955240429506,0.09306607399787041,affective,tf,-6
3,shifted_null_ridge,Z,11520,5376,32,16,-0.004421712606927031,-0.003095266903983429,0.004141209678282719,0.004210727522149682,-0.09421525838069678,0.004836309523809524,0.020833333333333332,0.025157679400889817,127.0,0.503406206232493,0.003983850916009989,affective,tf,-6
3,time_only_ridge,Z,11520,5376,32,16,0.005562361545798922,0.005667557707056403,0.0029144362259880077,0.004241275601089001,-0.0002782989910437017,0.002976190476190476,0.019345238095238096,0.023469661654385028,127.0,0.5046415441176471,0.005167479192078926,affective,tf,-6
3,time_residual_eeg_ridge,Z_time_resid,11520,5376,32,16,0.05590086372103542,0.051952727138996124,0.08892362716394946,0.08861584961414337,-0.04158070200088959,0.00818452380952381,0.03180803571428571,0.034674743695418314,107.0,0.5652084792250234,0.09012854858184863,affective,tf,-6
3,time_residual_shifted_null,Z_time_resid,11520,5376,32,16,0.0005797790699944017,0.004855560604482889,-0.0015521730152555698,-0.006110252579674125,-0.0946939657898338,0.004650297619047619,0.020089285714285716,0.024608060383598307,130.0,0.49970675770308115,-0.0009614083098926042,affective,tf,-6
1,real_eeg_ridge,Z,11625,5376,32,16,0.0626877733739093,0.0619510542601347,0.09113546861863954,0.09643081948161125,-0.05954652532055049,0.006882440476190476,0.032924107142857144,0.03417204930716238,107.0,0.5642419467787114,0.08848942051157764,affective,tf,-5
1,shifted_null_ridge,Z,11625,5376,32,16,-0.005791995179606602,-0.00727833341807127,0.004708307266090643,-2.4299145934492117e-05,-0.09000673792166203,0.004092261904761905,0.019903273809523808,0.023403523530804275,132.0,0.49808735994397757,0.0004933783563670073,affective,tf,-5
1,time_only_ridge,Z,11625,5376,32,16,0.006237133866761724,0.00730521441437304,0.005223610098566735,0.014423453249037266,-6.84632175658173e-05,0.003162202380952381,0.018973214285714284,0.023776275217374226,125.0,0.5079416141456583,0.007470298070781248,affective,tf,-5
1,time_residual_eeg_ridge,Z_time_resid,11625,5376,32,16,0.062415697910182644,0.06191767752170563,0.08608108410678185,0.09327047318220139,-0.06004696611559068,0.007254464285714286,0.03459821428571429,0.03450780566525159,108.0,0.561734068627451,0.084978664023029,affective,tf,-5
1,time_residual_shifted_null,Z_time_resid,11625,5376,32,16,-0.0059675312329545704,-0.007603428093716502,-0.015856651065287712,-0.018047869205474854,-0.10213532654059065,0.00390625,0.018973214285714284,0.022880515728264418,132.0,0.48854239612511674,-0.014460353390594023,affective,tf,-5
2,real_eeg_ridge,Z,11655,5376,32,16,0.05815842151059769,0.0557835828512907,0.07192064977958659,0.08440592512488365,-0.06326134526598581,0.006696428571428571,0.034412202380952384,0.033602621276191305,106.0,0.5580368084733893,0.07271633517424766,affective,tf,-5
2,shifted_null_ridge,Z,11655,5376,32,16,-0.0034651981441129465,-0.00034734507789835334,-0.023095279607309477,-0.018147199414670467,-0.11053174285795775,0.00427827380952381,0.020089285714285716,0.022865659491736055,132.0,0.484514326563959,-0.021238363159734625,affective,tf,-5
2,time_only_ridge,Z,11655,5376,32,16,0.006057008654693163,0.0038273814134299755,0.001295237978934795,-0.0021751904860138893,-1.1516609423445345e-05,0.0035342261904761905,0.01953125,0.024158911299538503,129.0,0.5040397408963586,0.0020757067387471282,affective,tf,-5
2,time_residual_eeg_ridge,Z_time_resid,11655,5376,32,16,0.057895857928087935,0.05551190674304962,0.07049570902055502,0.08316176757216454,-0.06354099889823717,0.007254464285714286,0.03180803571428571,0.03321048833282362,107.0,0.5563499358076565,0.07118541323123158,affective,tf,-5
2,time_residual_shifted_null,Z_time_resid,11655,5376,32,16,0.0007382568892353447,0.0002486402227077633,-0.01392419770484193,-0.01696810033172369,-0.10543129388640171,0.00390625,0.018229166666666668,0.023282138986522254,133.0,0.48953081232493,-0.015318064448687541,affective,tf,-5
3,real_eeg_ridge,Z,11520,5376,32,16,0.06212370825232938,0.05786758288741112,0.09746651664833025,0.09558813273906708,-0.0390695599474431,0.006510416666666667,0.03218005952380952,0.03405518227214752,104.0,0.5708180147058824,0.09817471662575768,affective,tf,-5
3,shifted_null_ridge,Z,11520,5376,32,16,-0.0030091258267930243,-0.008107573725283146,0.0036054764013775703,0.0012109805829823017,-0.09185408386275884,0.004836309523809524,0.021391369047619048,0.025736812990478888,127.0,0.5038537289915966,0.0029966372767992557,affective,tf,-5
3,time_only_ridge,Z,11520,5376,32,16,0.005611588965621195,0.005650669569149613,0.0026515211975953164,0.00453215092420578,-0.0002886963819919153,0.003162202380952381,0.018973214285714284,0.023491416129523213,126.0,0.504546714519141,0.005004960021509956,affective,tf,-5
3,time_residual_eeg_ridge,Z_time_resid,11520,5376,32,16,0.06180346891051158,0.057893093675374985,0.0956546376075732,0.09534744918346405,-0.039183717211783486,0.007068452380952381,0.03218005952380952,0.03411595795419536,104.0,0.5698879551820728,0.09636881457935843,affective,tf,-5
3,time_residual_shifted_null,Z_time_resid,11520,5376,32,16,0.001748387519910466,0.0037958300672471523,-6.429717332694162e-05,-0.0005429070151876658,-0.09473800849809444,0.00427827380952381,0.02194940476190476,0.02493429639792902,128.0,0.4993485936041083,0.0007066344960910144,affective,tf,-5
1,real_eeg_ridge,Z,11625,5376,32,16,0.06077856406045612,0.057545265182852745,0.08934356513426524,0.09909447282552719,-0.05632934967418768,0.006882440476190476,0.03366815476190476,0.03371043927204972,107.0,0.5653310282446311,0.08590155372528002,affective,tf,-4
1,shifted_null_ridge,Z,11625,5376,32,16,-0.006715977503517934,-0.00839252513833344,0.0006970440865959828,-5.077968671685085e-05,-0.09487083648997263,0.003162202380952381,0.01953125,0.022712803111947816,129.0,0.4957268323996265,-0.002881830167207283,affective,tf,-4
1,time_only_ridge,Z,11625,5376,32,16,0.006231887681678927,0.0071321160066872835,0.005327889831914403,0.014074060134589672,-7.003264077320992e-05,0.0033482142857142855,0.018973214285714284,0.02399005770303317,125.0,0.5077628968253968,0.007504352954705193,affective,tf,-4
1,time_residual_eeg_ridge,Z_time_resid,11625,5376,32,16,0.06056325481040403,0.05715177021920681,0.08509150233734243,0.09402666240930557,-0.05684769319739691,0.007254464285714286,0.033482142857142856,0.033812842523217555,107.0,0.5624737394957984,0.0830700440578342,affective,tf,-4
1,time_residual_shifted_null,Z_time_resid,11625,5376,32,16,-0.006046145666005032,-0.00601758249104023,-0.013763937765660438,-0.022862263023853302,-0.09958400195807404,0.004836309523809524,0.016555059523809524,0.0234749151016236,133.0,0.4886510854341737,-0.011777450755632057,affective,tf,-4
2,real_eeg_ridge,Z,11655,5376,32,16,0.058339880721177906,0.05555281788110733,0.07538880522602383,0.0874105952680111,-0.0653586557802528,0.0078125,0.03404017857142857,0.034274789596562695,108.0,0.5604735644257703,0.07559541075675963,affective,tf,-4
2,shifted_null_ridge,Z,11655,5376,32,16,-0.006563115616700088,-0.007202961482107639,-0.02014706822397592,-0.01788736879825592,-0.11776691039248588,0.003720238095238095,0.018601190476190476,0.02303767794408877,133.0,0.48713089402427634,-0.018607259518317834,affective,tf,-4
2,time_only_ridge,Z,11655,5376,32,16,0.005991609397369757,0.0036363129038363695,0.0009148068447919806,-0.0033925018506124616,-1.0703594700567365e-05,0.0033482142857142855,0.020089285714285716,0.02414775351066244,129.0,0.5038077731092437,0.0018092665167340671,affective,tf,-4
2,time_residual_eeg_ridge,Z_time_resid,11655,5376,32,16,0.05805218961904757,0.055205466225743294,0.07291042684588656,0.08500302210450172,-0.06569320515272548,0.007998511904761904,0.033854166666666664,0.0342497393067453,108.0,0.5581422152194212,0.0731559043678754,affective,tf,-4
2,time_residual_shifted_null,Z_time_resid,11655,5376,32,16,-0.0018999744961547549,-0.0004932353476760909,-0.015604338934882176,-0.01952623389661312,-0.10254997404829824,0.0033482142857142855,0.017671130952380952,0.022596977516980934,135.0,0.4878968253968254,-0.01689560274493314,affective,tf,-4
3,real_eeg_ridge,Z,11520,5376,32,16,0.059951257884677034,0.0556633435189724,0.0960317896463147,0.10174797475337982,-0.04110796952759577,0.008928571428571428,0.03459821428571429,0.035646236925505344,103.5,0.5694459033613445,0.09644170576452804,affective,tf,-4
3,shifted_null_ridge,Z,11520,5376,32,16,-0.0016411865117333946,-0.006647997070103884,0.006808297101694431,0.007813437841832638,-0.08995049855452608,0.0026041666666666665,0.019717261904761904,0.023807564255591506,127.0,0.5053571428571428,0.0055017503802420485,affective,tf,-4
3,time_only_ridge,Z,11520,5376,32,16,0.005607877072634437,0.005552933784201741,0.003387211126050174,0.005901867989450693,-0.0002857201464465664,0.003162202380952381,0.018601190476190476,0.02357199058951386,126.0,0.5050427462651728,0.005559271659194446,affective,tf,-4
3,time_residual_eeg_ridge,Z_time_resid,11520,5376,32,16,0.05966077409539139,0.05522539280354977,0.09461742815785797,0.10453535243868828,-0.04097788042553541,0.009114583333333334,0.035342261904761904,0.035716889187890545,104.0,0.5690695028011203,0.09512842266424566,affective,tf,-4
3,time_residual_shifted_null,Z_time_resid,11520,5376,32,16,0.0007980620885064127,0.000984284357400611,-0.006203317125382347,-0.0082085938192904,-0.1012158872690525,0.004092261904761905,0.01636904761904762,0.023431059665751357,130.0,0.4946559873949579,-0.005420095358621699,affective,tf,-4
1,real_eeg_ridge,Z,11625,5376,32,16,0.05365748138865456,0.04614865034818649,0.08210538180130589,0.09088832885026932,-0.0592464139155362,0.006510416666666667,0.03311011904761905,0.03334989424065605,108.0,0.5625707574696546,0.07911169919884044,affective,tf,-3
1,shifted_null_ridge,Z,11625,5376,32,16,-0.006788357923596777,-0.008673855103552341,-0.0010126582809981582,0.00698078447021544,-0.09509866426150104,0.002418154761904762,0.014694940476190476,0.0217244687525759,127.0,0.49732580532212883,-0.003948450075152546,affective,tf,-3
1,time_only_ridge,Z,11625,5376,32,16,0.006216143031451793,0.007280293386429548,0.004875603999012344,0.012349241878837347,-7.146457371987047e-05,0.003162202380952381,0.020089285714285716,0.02414323792271179,125.0,0.5070524042950514,0.007197742157415439,affective,tf,-3
1,time_residual_eeg_ridge,Z_time_resid,11625,5376,32,16,0.05345050360483583,0.045910922810435295,0.07983551321877817,0.08654820546507835,-0.05966332325497925,0.007068452380952381,0.033482142857142856,0.033922486498251726,108.0,0.5611424778244631,0.07794915745145306,affective,tf,-3
1,time_residual_shifted_null,Z_time_resid,11625,5376,32,16,-0.0023398996663672733,-0.0022410933743231,-0.009362141929950477,-0.00990429800003767,-0.09185098319583296,0.004650297619047619,0.021391369047619048,0.024873988610785897,131.0,0.4947362278244632,-0.008017353581206064,affective,tf,-3
2,real_eeg_ridge,Z,11655,5376,32,16,0.05225179434637539,0.04709397070109844,0.07170017805056059,0.08560731634497643,-0.06639383385929398,0.007626488095238095,0.03404017857142857,0.033579047789812994,108.0,0.5576140873015873,0.07156644396633155,affective,tf,-3
2,shifted_null_ridge,Z,11655,5376,32,16,-0.0035882330193999223,-0.005847132066264749,-0.0110583615048302,-0.005150510463863611,-0.11578576038254051,0.00427827380952381,0.020461309523809524,0.023660640328799977,131.0,0.49289288632119516,-0.010004713207401608,affective,tf,-3
2,time_only_ridge,Z,11655,5376,32,16,0.005995085159156588,0.003879783325828612,0.0011127181767982446,-0.0035611947532743216,-9.351015154424047e-06,0.0033482142857142855,0.019345238095238096,0.024284207062561958,128.0,0.503626867413632,0.00186386928196644,affective,tf,-3
2,time_residual_eeg_ridge,Z_time_resid,11655,5376,32,16,0.05189603891631123,0.04687256179749966,0.06905923497666458,0.0803954117000103,-0.06680912619222257,0.007068452380952381,0.03273809523809524,0.03289585788955759,109.0,0.5554804213352008,0.06916547176031343,affective,tf,-3
2,time_residual_shifted_null,Z_time_resid,11655,5376,32,16,-0.0028933345797668153,-0.006449792301282287,-0.009038200644553613,-0.007939246948808432,-0.09870692669629966,0.0035342261904761905,0.01953125,0.02342560149849579,130.0,0.49333712651727357,-0.010064567097405431,affective,tf,-3
3,real_eeg_ridge,Z,11520,5376,32,16,0.05255393503466621,0.04976385645568371,0.09127931559249548,0.09740322828292847,-0.04397516294051451,0.005766369047619048,0.03608630952380952,0.033950510988390414,106.0,0.5661808473389356,0.09135438969046536,affective,tf,-3
3,shifted_null_ridge,Z,11520,5376,32,16,-0.0005482872247739579,-0.0012326608411967754,0.012047924793396956,0.017248360440135002,-0.0842290812912323,0.003162202380952381,0.020089285714285716,0.02394439782247488,124.0,0.5074645483193277,0.01034978249151456,affective,tf,-3
3,time_only_ridge,Z,11520,5376,32,16,0.005659478138113627,0.005647703306749463,0.004402166593948886,0.0070098573341965675,-0.00026170532483327236,0.0033482142857142855,0.019159226190476192,0.02357068176559949,126.0,0.5053031629318394,0.006009825433851373,affective,tf,-3
3,time_residual_eeg_ridge,Z_time_resid,11520,5376,32,16,0.052268837884184904,0.04939093813300133,0.08929211104136298,0.09381047636270523,-0.043820119239796895,0.005394345238095238,0.035342261904761904,0.03367573992683524,106.0,0.5657759978991598,0.08969949800800825,affective,tf,-3
3,time_residual_shifted_null,Z_time_resid,11520,5376,32,16,0.0015767666900501354,-0.000701356417266652,-0.0026258196987945276,0.0004946910048602149,-0.09832887116355549,0.0026041666666666665,0.017299107142857144,0.022385038409576268,128.0,0.49742355275443506,-0.0010071775953209826,affective,tf,-3
1,real_eeg_ridge,Z,11625,5376,32,16,0.04127309431351023,0.03695104457437992,0.06812861960301711,0.06644127145409584,-0.062033469523289586,0.007626488095238095,0.03404017857142857,0.03301068656745867,113.0,0.5483966503267974,0.06577185624215372,affective,tf,-2
1,shifted_null_ridge,Z,11625,5376,32,16,-0.007973734389937093,-0.008445606101304293,-0.0039008580970322066,-0.004946535220369697,-0.09254191678091894,0.005766369047619048,0.020647321428571428,0.025611232107019773,131.0,0.49457501750700283,-0.0052873445005339505,affective,tf,-2
1,time_only_ridge,Z,11625,5376,32,16,0.006218089040658015,0.007234006188809872,0.004572483719192362,0.01366030378267169,-7.60256039400442e-05,0.0035342261904761905,0.020089285714285716,0.024137828115621745,125.0,0.5066577672735761,0.006804206942537141,affective,tf,-2
1,time_residual_eeg_ridge,Z_time_resid,11625,5376,32,16,0.04106850933021633,0.03604870289564133,0.06682217412439259,0.06453419476747513,-0.0623019201805457,0.0078125,0.03329613095238095,0.03314022742180759,114.0,0.5480377567693744,0.06503046829529635,affective,tf,-2
1,time_residual_shifted_null,Z_time_resid,11625,5376,32,16,0.0008921450425987132,-0.003171980963088572,-0.007291850081973702,-0.008505347650498152,-0.09159230820909658,0.004836309523809524,0.02194940476190476,0.024974270922132207,130.0,0.4959288923902894,-0.006635858137267879,affective,tf,-2
2,real_eeg_ridge,Z,11655,5376,32,16,0.039559493685374036,0.03482547029852867,0.05860458054002038,0.06831565499305725,-0.07654884246555937,0.0078125,0.031994047619047616,0.03251519967638047,112.0,0.5455590569561158,0.05788035236656103,affective,tf,-2
2,shifted_null_ridge,Z,11655,5376,32,16,-0.004571890551233082,-0.009417898952960968,-0.006552834267369333,-0.006172756664454937,-0.10919196561626188,0.0035342261904761905,0.01878720238095238,0.022974477648959116,130.0,0.4950382236227824,-0.005626841721971927,affective,tf,-2
2,time_only_ridge,Z,11655,5376,32,16,0.006040228396159364,0.004098777659237385,0.0014347439873420495,-0.0037111870478838682,-8.064364197979401e-06,0.0035342261904761905,0.020089285714285716,0.024593044654070275,128.0,0.5037260737628385,0.0019373559545107664,affective,tf,-2
2,time_residual_eeg_ridge,Z_time_resid,11655,5376,32,16,0.03915397608943749,0.03419728949666023,0.05595557937374722,0.06601622328162193,-0.07694232470355034,0.007068452380952381,0.031063988095238096,0.03178663918913898,113.0,0.5441548494397759,0.056043323179280256,affective,tf,-2
2,time_residual_shifted_null,Z_time_resid,11655,5376,32,16,-0.0025414907652248075,-0.004320934531278908,-0.005576302374594532,-0.0029159000841900706,-0.09615228735472336,0.0020461309523809525,0.017857142857142856,0.02182318627880428,129.0,0.4958136379551822,-0.006797680266779559,affective,tf,-2
3,real_eeg_ridge,Z,11520,5376,32,16,0.042728112244731165,0.040728095918893814,0.0811435614376137,0.07937424257397652,-0.04791632971628412,0.009114583333333334,0.03757440476190476,0.03573502533236016,110.0,0.5554300887021475,0.08138625601770479,affective,tf,-2
3,shifted_null_ridge,Z,11520,5376,32,16,-0.0007081976709741866,3.031370579265058e-05,0.016141921168187415,0.026184946298599243,-0.08562832389695796,0.0026041666666666665,0.018415178571428572,0.02300510460212936,123.0,0.5107544059290383,0.014326742378901186,affective,tf,-2
3,time_only_ridge,Z,11520,5376,32,16,0.005679861318185431,0.005779224680736661,0.005554247071326505,0.007739364169538021,-0.00024353075118388468,0.0033482142857142855,0.01953125,0.023768769610255504,126.0,0.5059100723622783,0.00697530960921886,affective,tf,-2
3,time_residual_eeg_ridge,Z_time_resid,11520,5376,32,16,0.04247316688815772,0.04073093459010124,0.07744388555225748,0.07713751122355461,-0.04777178918506908,0.008928571428571428,0.037388392857142856,0.03555597491099846,110.0,0.5527610002334267,0.07813168906211052,affective,tf,-2
3,time_residual_shifted_null,Z_time_resid,11520,5376,32,16,0.0010759522701846436,0.0007555872434750199,-0.0035195924078675624,-0.004309432115405798,-0.10252059029027549,0.0033482142857142855,0.017857142857142856,0.02265177118853388,129.0,0.4985345179738562,-0.001899519058788499,affective,tf,-2
1,real_eeg_ridge,Z,11625,5376,32,16,0.02863354088367487,0.0250570485368371,0.05600195886247575,0.05297463946044445,-0.06466650891112025,0.00744047619047619,0.029575892857142856,0.031334127777630165,115.0,0.5393396942110177,0.054432665288204056,affective,tf,-1
1,shifted_null_ridge,Z,11625,5376,32,16,-0.005115678611446128,-0.0032402281649410725,-0.0045623623383281,-0.004096450516954064,-0.09280483513618254,0.004650297619047619,0.018973214285714284,0.024127559483659168,128.0,0.4943503443043884,-0.0068095404032874046,affective,tf,-1
1,time_only_ridge,Z,11625,5376,32,16,0.0062836870904448006,0.007654951885342598,0.005656643309989596,0.017088224180042744,-7.545450642409968e-05,0.0035342261904761905,0.019345238095238096,0.023886749372854087,125.0,0.5072982317927172,0.00739217555053175,affective,tf,-1
1,time_residual_eeg_ridge,Z_time_resid,11625,5376,32,16,0.028468313309531368,0.02510769199579954,0.05522045216051332,0.05257612280547619,-0.06481321476851587,0.007068452380952381,0.029947916666666668,0.03120654757434522,115.0,0.5387940592903829,0.05361382890786095,affective,tf,-1
1,time_residual_shifted_null,Z_time_resid,11625,5376,32,16,0.0032672426732460735,0.005729470402002335,-0.0024253868860690596,-5.633006867356016e-05,-0.09025748515592213,0.004836309523809524,0.016741071428571428,0.024018429960684918,128.0,0.49923625700280116,-0.002843399107874593,affective,tf,-1
2,real_eeg_ridge,Z,11655,5376,32,16,0.026655948684492614,0.027303569950163364,0.044999313548633575,0.051253417506814,-0.08205592577638288,0.005208333333333333,0.030133928571428572,0.02995296120748639,116.0,0.5336754493464052,0.043902692866739125,affective,tf,-1
2,shifted_null_ridge,Z,11655,5376,32,16,-0.005572055482836902,-0.007586983032524586,-0.008932780537613942,-0.008911262731999159,-0.10620858226499252,0.0035342261904761905,0.01878720238095238,0.023474601320462692,130.0,0.49272802871148463,-0.007435855413863936,affective,tf,-1
2,time_only_ridge,Z,11655,5376,32,16,0.0060190597553173575,0.004364846972748637,0.0022059966289697556,-0.0016935612657107413,-1.219837981070171e-06,0.0035342261904761905,0.020833333333333332,0.024873907336528406,128.0,0.5044197887488329,0.0027275183390080985,affective,tf,-1
2,time_residual_eeg_ridge,Z_time_resid,11655,5376,32,16,0.026197988154308405,0.026313133537769318,0.04331777952837358,0.051362570375204086,-0.08241458467048068,0.005394345238095238,0.02976190476190476,0.02984432835628831,116.0,0.5329401552287582,0.0432003039838588,affective,tf,-1
2,time_residual_shifted_null,Z_time_resid,11655,5376,32,16,-0.000326847167627875,-0.00137989649829251,-0.0012998247860891645,-0.00040862560126697645,-0.09489625996379458,0.004092261904761905,0.015811011904761904,0.02282467336071088,128.0,0.4997665732959851,-0.0023121729317532305,affective,tf,-1
3,real_eeg_ridge,Z,11520,5376,32,16,0.029723989358899416,0.024992382153868675,0.06214720506091269,0.058744899928569794,-0.05792089891334484,0.006696428571428571,0.029575892857142856,0.031377572298590124,116.0,0.5408664507469654,0.06251610072550515,affective,tf,-1
3,shifted_null_ridge,Z,11520,5376,32,16,0.0021143511694390327,0.0018904319731518626,0.012475125709559484,0.013194890227168798,-0.09038515129542213,0.0026041666666666665,0.01804315476190476,0.022827681025216574,126.0,0.5064797794117647,0.010793096302020336,affective,tf,-1
3,time_only_ridge,Z,11520,5376,32,16,0.005627268129728691,0.00587883684784174,0.008560016805063242,0.00924072926864028,-0.00022030502948644504,0.003720238095238095,0.01953125,0.023890943667988638,124.0,0.5084660947712418,0.009376053956446742,affective,tf,-1
3,time_residual_eeg_ridge,Z_time_resid,11520,5376,32,16,0.029467396630934672,0.025014400482177734,0.059022525045561124,0.055570511147379875,-0.0577251681865627,0.00744047619047619,0.029203869047619048,0.031360951137905435,116.0,0.5386138830532212,0.059777460210187275,affective,tf,-1
3,time_residual_shifted_null,Z_time_resid,11520,5376,32,16,0.0012874667863798095,-0.00022382356110028923,-0.00016101444010985233,0.004207245190627873,-0.09881552328476162,0.003720238095238095,0.019903273809523808,0.023703335830936742,128.0,0.500640099789916,0.0013291958016905874,affective,tf,-1
1,real_eeg_ridge,Z,11625,5376,32,16,0.018640151178260567,0.01638911757618189,0.04814113966683594,0.04085185378789902,-0.0681713719134065,0.004836309523809524,0.025669642857142856,0.027990170919698968,118.0,0.5308692226890757,0.04673080667165478,affective,tf,0
1,shifted_null_ridge,Z,11625,5376,32,16,-0.004111491707590176,-0.005288447719067335,-0.0012324269426581427,-0.002907245187088847,-0.09290883571218345,0.004464285714285714,0.023065476190476192,0.025055953802492127,130.0,0.4980085784313725,-0.003675270351802733,affective,tf,0
1,time_only_ridge,Z,11625,5376,32,16,0.006316558254781057,0.007414104184135795,0.0074479942718074284,0.021754913963377476,-7.844831514769446e-05,0.0033482142857142855,0.017671130952380952,0.023484150532018414,126.0,0.5077614379084968,0.007776129722342527,affective,tf,0
1,time_residual_eeg_ridge,Z_time_resid,11625,5376,32,16,0.018480753831681795,0.015976233407855034,0.04549522766177731,0.038248857483267784,-0.06828466235792297,0.005208333333333333,0.026041666666666668,0.028444274634504184,119.0,0.5280017215219421,0.043397406758339994,affective,tf,0
1,time_residual_shifted_null,Z_time_resid,11625,5376,32,16,0.0016793663235148415,0.0037985070957802236,-0.00029118617132642806,-0.0010597689542919397,-0.08884796077557389,0.004464285714285714,0.016927083333333332,0.023277486228745568,129.0,0.49736811391223157,-0.000927836174287258,affective,tf,0
2,real_eeg_ridge,Z,11655,5376,32,16,0.017862087895082368,0.01827715802937746,0.03133641427675454,0.032533569261431694,-0.09013866240547652,0.005766369047619048,0.022507440476190476,0.02752843867888513,122.0,0.521828314659197,0.02933642468367436,affective,tf,0
2,shifted_null_ridge,Z,11655,5376,32,16,-0.006054309007595293,-0.01112874411046505,-0.005480598682443845,0.0017724671051837504,-0.10363059395579421,0.0033482142857142855,0.015438988095238096,0.02209658024602003,128.0,0.497861227824463,-0.004385105800253003,affective,tf,0
2,time_only_ridge,Z,11655,5376,32,16,0.006040125612344127,0.004484951263293624,0.004992819097643132,0.0028987592086195946,2.033183038152586e-06,0.003720238095238095,0.02027529761904762,0.024831161224804475,127.0,0.5059144491129786,0.004639691393283019,affective,tf,0
2,time_residual_eeg_ridge,Z_time_resid,11655,5376,32,16,0.01735267806543561,0.017306461930274963,0.028454960397223568,0.03277857042849064,-0.09046724327491273,0.005394345238095238,0.024367559523809524,0.02742226611528174,122.0,0.521064571661998,0.028112184930280046,affective,tf,0
2,time_residual_shifted_null,Z_time_resid,11655,5376,32,16,0.002557337569669471,-0.0009625022357795388,0.003909206663614722,0.011311394162476063,-0.09270680963868916,0.001488095238095238,0.018601190476190476,0.022360928657926257,125.0,0.5031607434640522,0.0027582343323136606,affective,tf,0
3,real_eeg_ridge,Z,11520,5376,32,16,0.021900485486582966,0.01942379307001829,0.05252730451015201,0.05720204673707485,-0.0638929374823638,0.004650297619047619,0.027157738095238096,0.028849131317847367,116.0,0.5350712680905696,0.052201019440893226,affective,tf,0
3,shifted_null_ridge,Z,11520,5376,32,16,0.0010333725367672741,0.0024203734647016972,0.010101004256030353,0.018013011664152145,-0.09555358552438276,0.0035342261904761905,0.020089285714285716,0.024287354234637886,126.0,0.506702264239029,0.007509863351664344,affective,tf,0
3,time_only_ridge,Z,11520,5376,32,16,0.005611353987205803,0.005358784692361951,0.01210646345061372,0.012217814102768898,-0.00020938566616135468,0.003162202380952381,0.01878720238095238,0.02362395218633411,123.0,0.5103364262371616,0.01177336513726632,affective,tf,0
3,time_residual_eeg_ridge,Z_time_resid,11520,5376,32,16,0.021654235166806757,0.019250660203397274,0.049051319901367595,0.05375918000936508,-0.06369618340854766,0.005208333333333333,0.027157738095238096,0.02882593119587352,116.0,0.5330896942110177,0.04948470688316982,affective,tf,0
3,time_residual_shifted_null,Z_time_resid,11520,5376,32,16,0.00033130423162219813,0.0015130265965126455,0.0033948605670302426,-0.001510350324679166,-0.09421147340920655,0.004650297619047619,0.022507440476190476,0.024952425603479707,128.0,0.5008844683706816,0.004942300368908333,affective,tf,0
1,real_eeg_ridge,Z,11625,5376,32,16,0.012160728776507312,0.00983320688828826,0.036413868623732186,0.029027780517935753,-0.07362195236962665,0.0035342261904761905,0.024553571428571428,0.026956525732508268,121.0,0.5219151202147526,0.034788068974502144,affective,tf,1
1,shifted_null_ridge,Z,11625,5376,32,16,-0.006049477269016279,-0.009351909626275301,0.0009223171218351245,0.006627778522670269,-0.0937335342032719,0.004464285714285714,0.0234375,0.025678736140131306,127.5,0.5001801762371615,-0.001228963613976442,affective,tf,1
1,time_only_ridge,Z,11625,5376,32,16,0.005659766578901326,0.007715506013482809,0.006216316170282642,0.009618119336664677,-2.767930302938204e-05,0.0035342261904761905,0.018973214285714284,0.024012296016059316,126.0,0.5047061011904762,0.007777200148618657,affective,tf,1
1,time_residual_eeg_ridge,Z_time_resid,11625,5376,32,16,0.01206886519503314,0.008956303354352713,0.034670116536853174,0.03016154933720827,-0.07394309198588189,0.003720238095238095,0.023995535714285716,0.026836771415439487,123.0,0.5197551937441643,0.0321445197776837,affective,tf,1
1,time_residual_shifted_null,Z_time_resid,11625,5376,32,16,0.0018793303670463501,0.003769323229789734,0.004144402709963894,0.015683432575315237,-0.09007725744799089,0.003162202380952381,0.017299107142857144,0.022686296336229542,127.0,0.5014450571895426,0.0020738852225571872,affective,tf,1
2,real_eeg_ridge,Z,11655,5376,32,16,0.012363070251012687,0.011909895576536655,0.019688900400514138,0.017098830081522465,-0.09587913686137961,0.004464285714285714,0.025669642857142856,0.02693441182036985,125.0,0.5118704773576097,0.016902055643471796,affective,tf,1
2,shifted_null_ridge,Z,11655,5376,32,16,-0.005366596344174468,-0.00507613318040967,-8.056344054672255e-05,0.003838825854472816,-0.10089050482757567,0.00390625,0.019717261904761904,0.02470996288182567,127.0,0.5026202147525677,0.0012056557549614028,affective,tf,1
2,time_only_ridge,Z,11655,5376,32,16,0.005086762141672807,0.004887558287009597,0.006502853937891338,0.0019317944534122944,-3.394131966594216e-07,0.00427827380952381,0.020833333333333332,0.02492847855015293,128.0,0.5056708099906629,0.006122042144104685,affective,tf,1
2,time_residual_eeg_ridge,Z_time_resid,11655,5376,32,16,0.011830585252027959,0.011184274218976498,0.016963505808709284,0.01484461734071374,-0.09617827277475732,0.004836309523809524,0.02492559523809524,0.026999827385660286,125.0,0.5110024218020541,0.016284894612152812,affective,tf,1
2,time_residual_shifted_null,Z_time_resid,11655,5376,32,16,0.004068449590704404,0.0013093467568978667,-0.0023514538555375673,-0.0035299923038110137,-0.09556768819535133,0.0035342261904761905,0.017485119047619048,0.02321045901711168,129.0,0.5002786531279179,-0.002527480549926397,affective,tf,1
3,real_eeg_ridge,Z,11520,5376,32,16,0.018654901832633186,0.01767699606716633,0.041849965049880755,0.03903700411319733,-0.0674461601251164,0.006324404761904762,0.026413690476190476,0.029258556093665483,119.0,0.5279367997198879,0.041704430866114375,affective,tf,1
3,shifted_null_ridge,Z,11520,5376,32,16,0.0014539349931510515,0.0026562591083347797,0.007454437603483723,0.018058108165860176,-0.09600470677563022,0.005208333333333333,0.022321428571428572,0.025826050139956355,126.0,0.5050077322595705,0.005119895538830903,affective,tf,1
3,time_only_ridge,Z,11520,5376,32,16,0.005114823859912576,0.004187186248600483,0.01081861119872128,0.013950204011052847,-0.00023752520599606974,0.00427827380952381,0.02194940476190476,0.024929151145007527,125.0,0.5088928279645192,0.010505242484562378,affective,tf,1
3,time_residual_eeg_ridge,Z_time_resid,11520,5376,32,16,0.018357397286308696,0.01726544927805662,0.03895097652904716,0.03544597886502743,-0.06730674069013043,0.006138392857142857,0.026971726190476192,0.029315812222179938,120.0,0.5267601832399627,0.03968650319670624,affective,tf,1
3,time_residual_shifted_null,Z_time_resid,11520,5376,32,16,0.0006668030646324041,0.004145305487327278,0.009262611311863265,0.003067224402911961,-0.09082905034091038,0.0033482142857142855,0.019717261904761904,0.02400437883200478,126.0,0.5068963001867414,0.011090790106674011,affective,tf,1
1,real_eeg_ridge,Z,11625,5376,32,16,0.010849838663489209,0.009130118880420923,0.030040804322616004,0.028484901413321495,-0.07721378032253257,0.005022321428571429,0.026785714285714284,0.027803513074171653,121.0,0.520952235060691,0.02956861184352659,affective,tf,2
1,shifted_null_ridge,Z,11625,5376,32,16,-0.006027848178774775,-0.006683586863800883,0.0018552020609918362,0.0016362681053578854,-0.09682066216948071,0.004650297619047619,0.021205357142857144,0.025146373534348558,130.0,0.4991297560690943,0.00044885233312034936,affective,tf,2
1,time_only_ridge,Z,11625,5376,32,16,0.006766698531464499,0.006222901167348027,0.004239220989881059,0.005251182010397315,-2.465625312675357e-05,0.0035342261904761905,0.018229166666666668,0.023568266501879712,126.0,0.5067146650326797,0.007779118983456492,affective,tf,2
1,time_residual_eeg_ridge,Z_time_resid,11625,5376,32,16,0.010737832876202447,0.009008096531033516,0.03006726561692728,0.028092049062252045,-0.07769473752721323,0.004464285714285714,0.026227678571428572,0.027326507321965836,123.0,0.5198719070961718,0.02855698812717531,affective,tf,2
1,time_residual_shifted_null,Z_time_resid,11625,5376,32,16,0.0006355378145599389,0.0024441712303087115,0.0035866846238859365,0.0013703631120733917,-0.09114846233929041,0.0035342261904761905,0.020647321428571428,0.024198307275556417,128.0,0.5017791491596638,0.0018424254214230466,affective,tf,2
2,real_eeg_ridge,Z,11655,5376,32,16,0.007645141820830759,0.006298642139881849,0.018430567904665695,0.01788165234029293,-0.09601032757899608,0.002976190476190476,0.019345238095238096,0.02408613097223434,125.0,0.5121651785714286,0.015863634719463362,affective,tf,2
2,shifted_null_ridge,Z,11655,5376,32,16,-0.003245920204790309,-0.006588289979845285,-0.001782080117497708,0.001676224754191935,-0.10592909190823785,0.00427827380952381,0.020461309523809524,0.024553281072021604,128.0,0.4987825338468721,-0.002019542640071864,affective,tf,2
2,time_only_ridge,Z,11655,5376,32,16,0.0050743180039347635,0.005147644784301519,0.006340312666387555,0.004831838421523571,-6.531558834010909e-05,0.00390625,0.020833333333333332,0.025340482453953986,128.0,0.5058677637721756,0.006846165180946742,affective,tf,2
2,time_residual_eeg_ridge,Z_time_resid,11655,5376,32,16,0.007131517108064145,0.00586558086797595,0.01711110207131534,0.016671547666192055,-0.09629978574839337,0.003162202380952381,0.019717261904761904,0.02412125082551564,125.0,0.5117369864612511,0.016182554726399116,affective,tf,2
2,time_residual_shifted_null,Z_time_resid,11655,5376,32,16,0.005356801939342404,0.009914702735841274,-0.007971564769893089,-0.0073434715159237385,-0.09293551774538678,0.004650297619047619,0.019159226190476192,0.02447245504909307,130.0,0.4945604283380019,-0.0066527142102219446,affective,tf,2
3,real_eeg_ridge,Z,11520,5376,32,16,0.01547582393141056,0.013271647039800882,0.03195187303172512,0.030160855501890182,-0.06807707419498965,0.00427827380952381,0.02269345238095238,0.026066857776223824,121.0,0.5201848447712419,0.03151258998029491,affective,tf,2
3,shifted_null_ridge,Z,11520,5376,32,16,0.00010665607806004118,0.0004986399144399911,0.0011500860783745079,-0.002994861686602235,-0.09530099895541677,0.005580357142857143,0.023623511904761904,0.026069181386519973,129.0,0.4992771066760037,-0.0004851037697748617,affective,tf,2
3,time_only_ridge,Z,11520,5376,32,16,0.005352078400619575,0.006425113417208195,0.010503136288216789,0.007886814419180155,-0.00025995760407027113,0.005208333333333333,0.021205357142857144,0.02554760727107967,126.0,0.5060712826797386,0.009677441630593078,affective,tf,2
3,time_residual_eeg_ridge,Z_time_resid,11520,5376,32,16,0.015169622620305745,0.013550156261771917,0.030404204818642557,0.02389778010547161,-0.06803291520739707,0.003720238095238095,0.022507440476190476,0.02581009345755459,122.0,0.5195064484126984,0.03045042040890859,affective,tf,2
3,time_residual_shifted_null,Z_time_resid,11520,5376,32,16,-0.0016314165950461756,-0.002034295874182135,0.008074852732859551,0.007185609312728047,-0.0932102319677579,0.00427827380952381,0.02027529761904762,0.024546441482865434,127.0,0.5050088264472455,0.009301235458219696,affective,tf,2
1,real_eeg_ridge,Z,11625,5376,32,16,0.0076085490500190645,0.0037307945312932134,0.02343684732732126,0.019873540848493576,-0.08008365604092371,0.00427827380952381,0.022321428571428572,0.02618809002397457,122.0,0.5184830182072828,0.024514139108767794,affective,tf,3
1,shifted_null_ridge,Z,11625,5376,32,16,-0.0035926412815570075,-0.00419681437779218,-0.002008967596950805,-0.004076828248798847,-0.10089166611690326,0.005208333333333333,0.022135416666666668,0.025443160466683063,131.0,0.496937733426704,-0.0028397393611558413,affective,tf,3
1,time_only_ridge,Z,11625,5376,32,16,0.007710469662924879,0.0069983648136258125,0.006969825528837451,0.00929727591574192,4.1681416857675124e-05,0.005022321428571429,0.020089285714285716,0.025392541558128263,126.0,0.5087279703548087,0.01073359307238486,affective,tf,3
1,time_residual_eeg_ridge,Z_time_resid,11625,5376,32,16,0.007486227998015238,0.003490629605948925,0.02473961782225485,0.021533101797103882,-0.08070891948053749,0.004464285714285714,0.021577380952380952,0.026199141131382823,123.0,0.5191515668767507,0.024625526533576313,affective,tf,3
1,time_residual_shifted_null,Z_time_resid,11625,5376,32,16,0.00041376776607648935,-0.0003321230469737202,0.008056594549668344,0.0036299980711191893,-0.087235263474438,0.002976190476190476,0.018601190476190476,0.02369434557413366,128.0,0.5040419292717088,0.00567544351133107,affective,tf,3
2,real_eeg_ridge,Z,11655,5376,32,16,0.006290390356298303,0.007164295529946685,0.018922695302140063,0.020508084446191788,-0.09223515713295849,0.00427827380952381,0.02101934523809524,0.02510282817550187,124.0,0.511672794117647,0.016221556114221665,affective,tf,3
2,shifted_null_ridge,Z,11655,5376,32,16,-0.006799464797495602,-0.010655285324901342,-0.005378390743256237,-0.007872683461755514,-0.10991183578068608,0.004464285714285714,0.01953125,0.0243395065966222,130.0,0.4938637955182073,-0.006197396969948673,affective,tf,3
2,time_only_ridge,Z,11655,5376,32,16,0.00576218232527026,0.006543140159919858,0.007165911416753564,0.007066683378070593,-8.820577522627993e-05,0.004092261904761905,0.022135416666666668,0.025584807454412113,128.0,0.5057102007469655,0.007499288244642875,affective,tf,3
2,time_residual_eeg_ridge,Z_time_resid,11655,5376,32,16,0.005854360760167765,0.006667311303317547,0.017213088357726475,0.015443340875208378,-0.09251059986432075,0.005022321428571429,0.02027529761904762,0.025590796529680167,125.0,0.5109666783380019,0.016004158738432122,affective,tf,3
2,time_residual_shifted_null,Z_time_resid,11655,5376,32,16,0.004964025594745181,0.006219372386112809,-0.005569603068778406,-0.00511049572378397,-0.09255845357191728,0.0027901785714285715,0.015811011904761904,0.02186437255470915,128.0,0.49709456699346405,-0.003861847473212061,affective,tf,3
3,real_eeg_ridge,Z,11520,5376,32,16,0.013215697530540638,0.008562625385820866,0.025219068808221817,0.018595842644572258,-0.07134557936428898,0.004464285714285714,0.018601190476190476,0.025502903321602755,124.0,0.5131477591036415,0.024988054368803116,affective,tf,3
3,shifted_null_ridge,Z,11520,5376,32,16,0.002490279633548198,0.0006624445304623805,0.0004788082482258604,-9.901470946260815e-06,-0.09467082996331011,0.004650297619047619,0.02027529761904762,0.024762979978993998,129.5,0.5003858835200747,-0.0013024629183225813,affective,tf,3
3,time_only_ridge,Z,11520,5376,32,16,0.0049648580670691445,0.00576027762144804,0.010147945382699607,0.010265946388244629,-0.00024632018071368833,0.004650297619047619,0.02101934523809524,0.025392286311819386,125.0,0.5075834500466854,0.008944414734819092,affective,tf,3
3,time_residual_eeg_ridge,Z_time_resid,11520,5376,32,16,0.012965578061994165,0.008704626467078924,0.02324571965043885,0.015128106344491243,-0.07130293533736931,0.004464285714285714,0.019903273809523808,0.02570178517367067,124.0,0.5122271825396825,0.023545006081885984,affective,tf,3
3,time_residual_shifted_null,Z_time_resid,11520,5376,32,16,-0.003325671932543628,-0.003886303980834782,0.008002197317415223,0.009841800201684237,-0.09236902999237095,0.00390625,0.017857142857142856,0.023572822234486264,126.0,0.5073726365546218,0.009126089077057977,affective,tf,3
1,real_eeg_ridge,Z,11625,5376,32,16,0.006459219512635173,0.0038066955748945475,0.01907092233301455,0.013741500210016966,-0.08216881723330749,0.004650297619047619,0.021763392857142856,0.02618877761629968,125.0,0.5130390697945845,0.020190394887667117,affective,tf,4
1,shifted_null_ridge,Z,11625,5376,32,16,-0.002505752614524681,-0.00539294199552387,-0.00488209618972795,-0.003637890098616481,-0.101625275698914,0.0033482142857142855,0.02027529761904762,0.02403266998887755,130.0,0.4957866479925303,-0.005478942001899661,affective,tf,4
1,time_only_ridge,Z,11625,5376,32,16,0.008960626982116082,0.00853716116398573,0.009774344661904945,0.012659951578825712,5.6049226697885146e-05,0.005394345238095238,0.020647321428571428,0.02545780553331571,124.0,0.5112672152194211,0.014202681115180608,affective,tf,4
1,time_residual_eeg_ridge,Z_time_resid,11625,5376,32,16,0.006279812545471941,0.0038459503557533026,0.020726914866178465,0.01600867509841919,-0.08280928224288475,0.004464285714285714,0.02194940476190476,0.02607921082656362,125.0,0.514077818627451,0.02099800120575845,affective,tf,4
1,time_residual_shifted_null,Z_time_resid,11625,5376,32,16,-0.003967477799960761,-0.008537947200238705,0.009567871592713682,0.009067459963262081,-0.09002226590279028,0.005208333333333333,0.02101934523809524,0.025253019280613603,127.0,0.5044351073762838,0.007613926164798361,affective,tf,4
2,real_eeg_ridge,Z,11655,5376,32,16,0.005387989846667551,0.0038670883513987064,0.021927373021840356,0.020765853114426136,-0.09245142989148447,0.005394345238095238,0.021391369047619048,0.026300804694762644,124.0,0.5135839752567694,0.019238144021741104,affective,tf,4
2,shifted_null_ridge,Z,11655,5376,32,16,-0.00784488888893975,-0.008029390824958682,-0.00857164571399475,-0.004090446745976806,-0.10892493739178555,0.004650297619047619,0.01804315476190476,0.023043110936196615,131.0,0.4923654878618114,-0.009427682279465409,affective,tf,4
2,time_only_ridge,Z,11655,5376,32,16,0.0051919217585236765,0.004236240638419986,0.007898607552490944,0.005092274630442262,-9.503481992578777e-05,0.00427827380952381,0.021205357142857144,0.025700520689489508,128.0,0.5056492909663866,0.007945841742116417,affective,tf,4
2,time_residual_eeg_ridge,Z_time_resid,11655,5376,32,16,0.005054215308746279,0.0034634398762136698,0.02014684077842265,0.018743806518614292,-0.09270020249382904,0.005580357142857143,0.020833333333333332,0.026499462346355834,124.0,0.5131200396825397,0.019158486904621328,affective,tf,4
2,time_residual_shifted_null,Z_time_resid,11655,5376,32,16,-0.00022972879196458962,0.0014181201695464551,-0.01140404861421272,-0.0065511553548276424,-0.09453004929096953,0.0035342261904761905,0.021391369047619048,0.023113517142462618,130.0,0.4918687266573296,-0.00924633684418096,affective,tf,4
3,real_eeg_ridge,Z,11520,5376,32,16,0.008898409215362335,0.005738598061725497,0.01852891912380983,0.011370982974767685,-0.0764253621916755,0.005208333333333333,0.023251488095238096,0.026854108540830885,126.0,0.5088694852941176,0.01829715711836742,affective,tf,4
3,shifted_null_ridge,Z,11520,5376,32,16,0.0031871928531472804,0.005709284916520119,-0.0020203860712381277,-0.0041911841835826635,-0.09480920843727825,0.006510416666666667,0.020833333333333332,0.02610977700556083,130.0,0.49782183706816063,-0.003232848155654636,affective,tf,4
3,time_only_ridge,Z,11520,5376,32,16,0.004080272861756384,0.004864165559411049,0.006491698099630466,0.0018036814290098846,-0.0003255438006601885,0.004464285714285714,0.022135416666666668,0.02526639096352824,129.0,0.5019564075630252,0.00524156921188443,affective,tf,4
3,time_residual_eeg_ridge,Z_time_resid,11520,5376,32,16,0.00867615303832281,0.005481009604409337,0.017415141372155284,0.010894385166466236,-0.07641178986419117,0.005394345238095238,0.0234375,0.026978085209548214,126.0,0.5084642711251167,0.01760657507396941,affective,tf,4
3,time_residual_shifted_null,Z_time_resid,11520,5376,32,16,-0.005931693547609029,-0.003640233539044857,-0.003291075852874819,-0.009338021278381348,-0.09763392445126695,0.004092261904761905,0.02101934523809524,0.024269450656549063,131.0,0.4967116013071895,-0.002610657618818834,affective,tf,4
1,real_eeg_ridge,Z,11625,5376,32,16,0.006052368267774,0.006951102055609226,0.01318446086442496,0.006292271660640836,-0.08725027399041507,0.005394345238095238,0.023065476190476192,0.026345774884706803,126.0,0.5079966882586368,0.014483853546876082,affective,tf,5
1,shifted_null_ridge,Z,11625,5376,32,16,-0.0030754673862247728,-0.0047017652541399,-0.004071390491506442,-0.0037773132789880037,-0.10025277357246343,0.00390625,0.020647321428571428,0.023966300349560165,130.0,0.49596536531279173,-0.004631889507480655,affective,tf,5
1,time_only_ridge,Z,11625,5376,32,16,0.009517604364191357,0.00916622905060649,0.010606974494401183,0.019479895010590553,5.9717720213958714e-05,0.004650297619047619,0.020461309523809524,0.02485623257736341,123.0,0.5090620623249299,0.012977596317215997,affective,tf,5
1,time_residual_eeg_ridge,Z_time_resid,11625,5376,32,16,0.005824846011705631,0.006902110762894154,0.01601525465580827,0.013266024179756641,-0.0878598012034264,0.005580357142857143,0.0234375,0.02661801859999719,126.0,0.5097222222222222,0.015826843785802253,affective,tf,5
1,time_residual_shifted_null,Z_time_resid,11625,5376,32,16,-0.004827623863093322,-0.0025471687549725175,0.005680820575971016,0.002534930012188852,-0.09118904222674695,0.0035342261904761905,0.015625,0.022643129748561773,129.0,0.5024983951914098,0.0038620755425387036,affective,tf,5
2,real_eeg_ridge,Z,11655,5376,32,16,0.0037959166324981197,-0.0004043061417178251,0.023876674144021524,0.02510703820735216,-0.08955524729955355,0.004464285714285714,0.02027529761904762,0.0249803233556973,123.0,0.5139169730392157,0.02146938669046497,affective,tf,5
2,shifted_null_ridge,Z,11655,5376,32,16,-0.010119986185600283,-0.008290584199130535,-0.00914004165982652,-0.003758855862542987,-0.1129945082413657,0.0033482142857142855,0.01636904761904762,0.022176555989974107,132.0,0.49198325163398693,-0.010931891630376491,affective,tf,5
2,time_only_ridge,Z,11655,5376,32,16,0.005283544456688105,0.005008492153137922,0.006377113641533361,0.00834804866462946,-6.470447031992066e-05,0.004092261904761905,0.02027529761904762,0.02508745421317461,127.0,0.504001079598506,0.005746078218015882,affective,tf,5
2,time_residual_eeg_ridge,Z_time_resid,11655,5376,32,16,0.003605539595753271,-0.00040795754557620967,0.02291011460091649,0.022756493650376797,-0.08963165094105063,0.005208333333333333,0.021391369047619048,0.02585562483868233,123.0,0.5143068685807657,0.021896578890517396,affective,tf,5
2,time_residual_shifted_null,Z_time_resid,11655,5376,32,16,0.0009066294769581873,0.00165913364617154,-0.012154414429887982,-0.012710160575807095,-0.09981163609267352,0.0027901785714285715,0.017857142857142856,0.022295612709639902,132.0,0.491765873015873,-0.011045507709078735,affective,tf,5
3,real_eeg_ridge,Z,11520,5376,32,16,0.006970610227654106,0.004510851809754968,0.019254149674675806,0.015539888758212328,-0.07648839909745964,0.005022321428571429,0.02027529761904762,0.025530257412395833,125.0,0.5089395133053222,0.018354157922702112,affective,tf,5
3,shifted_null_ridge,Z,11520,5376,32,16,0.005296660663589137,0.006089445436373353,-0.003454009115722827,-0.006693210452795029,-0.09369532353282173,0.004092261904761905,0.019903273809523808,0.02378502506891803,130.5,0.4948941555788982,-0.004591763659035059,affective,tf,5
3,time_only_ridge,Z,11520,5376,32,16,0.0029924134723842144,0.0025586632546037436,0.005010540020669347,0.008401664439588785,-0.0003580511021612498,0.0033482142857142855,0.021391369047619048,0.0243758828087877,127.0,0.5024254493464052,0.003780333711373115,affective,tf,5
3,time_residual_eeg_ridge,Z_time_resid,11520,5376,32,16,0.006727167205099249,0.004034260404296219,0.019477988009076137,0.01612886693328619,-0.07640528011167391,0.005394345238095238,0.020647321428571428,0.025942045026749308,125.0,0.5089985994397759,0.01887509490007784,affective,tf,5
3,time_residual_shifted_null,Z_time_resid,11520,5376,32,16,-0.005304360550326237,-0.004556720377877355,-0.008955210664830864,-0.00663614016957581,-0.10033207357785279,0.004092261904761905,0.020833333333333332,0.023954311340612572,130.0,0.493998745331466,-0.009539219801463676,affective,tf,5
1,real_eeg_ridge,Z,11625,5376,32,16,0.004338845206802944,0.005566361593082547,0.01218589962549491,0.010063715744763613,-0.08936203750032545,0.004092261904761905,0.021577380952380952,0.025712749329135254,126.0,0.5076790091036414,0.012944594923149092,affective,tf,6
1,shifted_null_ridge,Z,11625,5376,32,16,-0.006486447178758681,-0.008105728775262833,-0.007761610693288882,-0.009693879168480635,-0.10323738926471471,0.004836309523809524,0.018229166666666668,0.024091469490361832,130.0,0.4934538398692811,-0.0074575320362754395,affective,tf,6
1,time_only_ridge,Z,11625,5376,32,16,0.010415978908781653,0.009369166102260351,0.009096120193223558,0.012697079218924046,2.6608282695628205e-05,0.005022321428571429,0.018601190476190476,0.025195356766476187,125.0,0.5085098622782447,0.011071324908579011,affective,tf,6
1,time_residual_eeg_ridge,Z_time_resid,11625,5376,32,16,0.004071648863828159,0.005733981728553772,0.015988365618388418,0.010005464777350426,-0.089849743667614,0.0033482142857142855,0.022321428571428572,0.02526237976696927,125.5,0.5094676412231559,0.015416105182350289,affective,tf,6
1,time_residual_shifted_null,Z_time_resid,11625,5376,32,16,-0.0045136122976146,-0.0022109923884272575,-0.0018807945808985678,-0.009761759079992771,-0.09511891075005252,0.005022321428571429,0.021391369047619048,0.024994615458052056,131.0,0.49572172619047616,-0.0031510518998366355,affective,tf,6
2,real_eeg_ridge,Z,11655,5376,32,16,0.002221398613983183,4.8716639867052436e-05,0.017479894355738053,0.00845240568742156,-0.08943759834930187,0.004836309523809524,0.021763392857142856,0.025748128311449892,126.0,0.5073500233426704,0.01569590422966905,affective,tf,6
2,shifted_null_ridge,Z,11655,5376,32,16,-0.010033170496171806,-0.009138815570622683,-0.006450792029142444,-0.0021218601032160223,-0.10970946267074155,0.0035342261904761905,0.017671130952380952,0.022549179066842368,130.0,0.49357930672268907,-0.008464675250803407,affective,tf,6
2,time_only_ridge,Z,11655,5376,32,16,0.005253733282415851,0.005156226688995957,0.0034961514209446896,0.0002857409008356626,-0.0001273279574984798,0.004464285714285714,0.020089285714285716,0.024835753760569308,130.0,0.49901085434173675,0.0009554223453322024,affective,tf,6
2,time_residual_eeg_ridge,Z_time_resid,11655,5376,32,16,0.0021557752588705625,-8.95329867489636e-05,0.018235000409414715,0.011249003000557423,-0.08927289768553304,0.004836309523809524,0.022507440476190476,0.025881976300650537,125.5,0.5083989845938375,0.017550057005645676,affective,tf,6
2,time_residual_shifted_null,Z_time_resid,11655,5376,32,16,-8.698926967554144e-05,0.004790030070580542,-0.010700014146997157,-0.008721009362488985,-0.09997373162401102,0.003162202380952381,0.01711309523809524,0.02210658005637372,130.0,0.4939185049019607,-0.009751684954037176,affective,tf,6
3,real_eeg_ridge,Z,11520,5376,32,16,0.002466200427079457,0.002101862453855574,0.017342508355599626,0.007106312084943056,-0.07986197134440154,0.005394345238095238,0.020647321428571428,0.026044714697345452,125.0,0.5086017740429505,0.01698349312072008,affective,tf,6
3,shifted_null_ridge,Z,11520,5376,32,16,0.001705591535937856,0.0005190878000576049,-0.00647372787301763,-0.009181237313896418,-0.09592305991301298,0.0027901785714285715,0.01711309523809524,0.022201294621099807,130.0,0.4935384570494864,-0.006904668490860786,affective,tf,6
3,time_only_ridge,Z,11520,5376,32,16,0.002955111283881706,0.002275999402627349,0.007843494115359732,0.010619278065860271,-0.0003353257512566099,0.003162202380952381,0.020089285714285716,0.024185084707335318,127.0,0.5058794351073763,0.006012137755827783,affective,tf,6
3,time_residual_eeg_ridge,Z_time_resid,11520,5376,32,16,0.0022886269130140136,0.0019267546012997627,0.01894335765885693,0.011712705716490746,-0.07977350214281964,0.005394345238095238,0.020833333333333332,0.026335973121115516,126.0,0.5095858134920636,0.018155166284996048,affective,tf,6
3,time_residual_shifted_null,Z_time_resid,11520,5376,32,16,-0.0033163529067223863,-0.0024387198500335217,-0.007042727137328511,-0.012841621413826942,-0.09776572912984993,0.002976190476190476,0.01953125,0.02309145936078681,131.0,0.4937485410830999,-0.007754562441179822,affective,tf,6
1,real_eeg_ridge,Z,11625,5376,32,16,0.004537966739917465,0.006914333673194051,0.01412883329486801,0.009563650004565716,-0.09017496557457227,0.005022321428571429,0.022321428571428572,0.025887442144218935,126.0,0.5064593545751634,0.014217445056149242,affective,tf,7
1,shifted_null_ridge,Z,11625,5376,32,16,-0.002291993827384431,6.854825187474489e-06,-0.004125459776572272,-0.006309334887191653,-0.10361475662870134,0.0035342261904761905,0.01878720238095238,0.02332319482762743,129.0,0.4976978291316526,-0.0032035225384879616,affective,tf,7
1,time_only_ridge,Z,11625,5376,32,16,0.009833806297592673,0.009113168809562922,0.00843888703454574,0.01073325565084815,6.344568760097147e-05,0.004092261904761905,0.019159226190476192,0.02387719235085057,125.0,0.5058170664098973,0.010328355739979336,affective,tf,7
1,time_residual_eeg_ridge,Z_time_resid,11625,5376,32,16,0.0041955230099119944,0.006173496600240469,0.016944455508990364,0.0143628790974617,-0.09066489351899931,0.004464285714285714,0.020833333333333332,0.02514227219547872,126.0,0.5084463993930906,0.016254769052755563,affective,tf,7
1,time_residual_shifted_null,Z_time_resid,11625,5376,32,16,-0.0028038043064952944,-0.0010525562975089997,-0.0029719607788162455,-0.010169790592044592,-0.09140873966100482,0.00390625,0.020461309523809524,0.02427372102371115,131.0,0.49649203431372546,-0.0037730804138922823,affective,tf,7
2,real_eeg_ridge,Z,11655,5376,32,16,0.003868421444167325,0.0033449759939685464,0.018471929552036144,0.012128940783441067,-0.0852511688230948,0.004464285714285714,0.02101934523809524,0.024775260288617224,125.0,0.509765989729225,0.017878044295505796,affective,tf,7
2,shifted_null_ridge,Z,11655,5376,32,16,-0.007289991655852646,-0.007038748124614358,-0.006051211114971639,-0.0018684033420868218,-0.1062387276114738,0.0027901785714285715,0.014508928571428572,0.021583134025463017,129.0,0.4954722514005603,-0.007887348466156682,affective,tf,7
2,time_only_ridge,Z,11655,5376,32,16,0.005069167960755294,0.0060707086231559515,0.002733185831468828,-0.005762861808761954,-0.00013465688618508054,0.00390625,0.020089285714285716,0.024161759816896285,130.0,0.49819021358543414,2.3268614177164508e-05,affective,tf,7
2,time_residual_eeg_ridge,Z_time_resid,11655,5376,32,16,0.003850157653687347,0.0033852369524538517,0.02013274615884883,0.010192602407187223,-0.0849588986956149,0.00427827380952381,0.02194940476190476,0.025008394834939822,125.0,0.5115042892156862,0.02000869440496928,affective,tf,7
2,time_residual_shifted_null,Z_time_resid,11655,5376,32,16,0.00037866606726311147,0.003591607208363712,-0.008631998688605065,-0.008190722204744816,-0.10236637380521318,0.003162202380952381,0.01953125,0.023107840214178218,131.0,0.4929505135387488,-0.008069832459760461,affective,tf,7
3,real_eeg_ridge,Z,11520,5376,32,16,0.00047082339733606204,-0.00013787229545414448,0.016769922547109132,0.009937228634953499,-0.08302174432651732,0.004092261904761905,0.019903273809523808,0.02429828724568779,126.0,0.5068507090336134,0.01660699607257014,affective,tf,7
3,shifted_null_ridge,Z,11520,5376,32,16,0.0021301808083080687,0.0030145258642733097,-0.004120598588701661,-0.004650381626561284,-0.09647645439227204,0.003162202380952381,0.01878720238095238,0.023488955914213565,131.0,0.4973703022875816,-0.00443512298651871,affective,tf,7
3,time_only_ridge,Z,11520,5376,32,16,0.003366687767311305,0.0032040633959695697,0.010982735233228812,0.020511791110038757,-0.00030443999497142826,0.004092261904761905,0.020647321428571428,0.024855557579318018,124.0,0.5102919292717086,0.009098181117011835,affective,tf,7
3,time_residual_eeg_ridge,Z_time_resid,11520,5376,32,16,0.00027304210652800975,-0.001122859030147083,0.020082238991875896,0.014964669942855835,-0.08306118249348882,0.00427827380952381,0.02027529761904762,0.024463295362634002,125.0,0.5086273050887021,0.019486128763340337,affective,tf,7
3,time_residual_shifted_null,Z_time_resid,11520,5376,32,16,-0.0012106070239497058,-0.0026180818676948547,-0.0034501290540907533,-0.008536902256309986,-0.09785860059134643,0.005580357142857143,0.019345238095238096,0.02513305274644743,131.0,0.4940009337068161,-0.004829878990165226,affective,tf,7
1,real_eeg_ridge,Z,11625,5376,32,16,0.00564919100725092,0.003989329095929861,0.017312192730763683,0.019218293018639088,-0.08972680118688792,0.006882440476190476,0.025669642857142856,0.02801221452553701,124.0,0.512016004318394,0.017180284507614503,affective,tf,8
1,shifted_null_ridge,Z,11625,5376,32,16,-0.0036249066299660626,-0.0018764148699119687,-0.006587564066527258,-0.0013891766429878771,-0.10485777902540949,0.0027901785714285715,0.02027529761904762,0.02306613705254804,128.0,0.4977674924136322,-0.00502558950649631,affective,tf,8
1,time_only_ridge,Z,11625,5376,32,16,0.008867771169207117,0.007916253060102463,0.007656195274128393,0.01172167481854558,5.643245032083133e-05,0.00427827380952381,0.021205357142857144,0.024624487555329116,124.0,0.5070290616246499,0.009983731764799917,affective,tf,8
1,time_residual_eeg_ridge,Z_time_resid,11625,5376,32,16,0.005334532639608369,0.004249475663527846,0.018730329089491772,0.0193815715610981,-0.09019802327915638,0.006696428571428571,0.025111607142857144,0.027698440028191357,125.0,0.512592641223156,0.017742728924060567,affective,tf,8
1,time_residual_shifted_null,Z_time_resid,11625,5376,32,16,-0.002518338705158385,-0.0018600651674205437,-0.002308321522425856,-0.006420817459002137,-0.08693559708967902,0.00427827380952381,0.018415178571428572,0.023769478111996,130.0,0.49749795751633985,-0.002718938541301472,affective,tf,8
2,real_eeg_ridge,Z,11655,5376,32,16,0.0014681896443562437,0.00021523791292565875,0.01777427128380707,0.016401119530200958,-0.08053177485954066,0.004092261904761905,0.017485119047619048,0.023796579129988234,125.0,0.5102248190943044,0.01736592676755285,affective,tf,8
2,shifted_null_ridge,Z,11655,5376,32,16,-0.006773209723178297,-0.006589097203686833,0.0006872981502403892,0.008529499638825655,-0.10121449926499371,0.003720238095238095,0.018973214285714284,0.023002987873640208,126.5,0.4993836076097105,-0.001104095504738032,affective,tf,8
2,time_only_ridge,Z,11655,5376,32,16,0.004991061294276733,0.004992099944502115,0.002510094009505251,-0.006622915156185627,-0.00019953481624179759,0.0033482142857142855,0.01953125,0.02294157156804741,131.0,0.4978305905695611,-0.00020171083958751016,affective,tf,8
2,time_residual_eeg_ridge,Z_time_resid,11655,5376,32,16,0.0015716059174337715,0.00040032825199887156,0.01786445797740401,0.01644096616655588,-0.0801421699639322,0.003720238095238095,0.01804315476190476,0.023913118359261482,125.0,0.5104487628384687,0.017561432551141648,affective,tf,8
2,time_residual_shifted_null,Z_time_resid,11655,5376,32,16,0.0007185588783613639,-0.00011624200851656497,-0.0030598077056267704,0.00357810000423342,-0.09812803762406097,0.004650297619047619,0.01804315476190476,0.024278371934150795,128.0,0.4982296043417367,-0.003306126910836526,affective,tf,8
3,real_eeg_ridge,Z,11520,5376,32,16,0.0009686243320174981,8.312182035297155e-05,0.01904876555630608,0.018404298461973667,-0.08418482953677953,0.003720238095238095,0.018973214285714284,0.02443668525721242,124.0,0.5103776406395892,0.018790459148725777,affective,tf,8
3,shifted_null_ridge,Z,11520,5376,32,16,-0.002584916697742301,-0.0021339580416679382,-0.009333323271231904,-0.009516979102045298,-0.10011569521425079,0.0033482142857142855,0.017857142857142856,0.022862040389600064,130.0,0.4942248774509804,-0.008786309228367647,affective,tf,8
3,time_only_ridge,Z,11520,5376,32,16,0.0034047809485855396,0.003354943124577403,0.011131939228841063,0.018994768150150776,-0.00030623813496055696,0.0027901785714285715,0.02101934523809524,0.024230061390466795,124.0,0.5097805788982258,0.00915831061271212,affective,tf,8
3,time_residual_eeg_ridge,Z_time_resid,11520,5376,32,16,0.0008041437104111537,0.0006477091228589416,0.02138982433836677,0.018981813453137875,-0.08433057488140139,0.003720238095238095,0.020647321428571428,0.024741769792359578,125.0,0.5107617005135388,0.020540270330254032,affective,tf,8
3,time_residual_shifted_null,Z_time_resid,11520,5376,32,16,0.0005144212354935007,0.0025609718868508935,0.0014815393706374465,0.000171778752701357,-0.0915409041802222,0.004092261904761905,0.020461309523809524,0.023671188504834777,129.0,0.49883797268907565,-0.00010665229666531309,affective,tf,8
1,real_eeg_ridge,Z,4788,1824,32,16,0.04499467556888703,0.041883036494255066,0.04689415899923389,0.04371638782322407,-0.1651136339940542,0.01699561403508772,0.09539473684210527,0.07847734602471708,34.0,0.5403672835232518,0.061975838366571785,experience,tf,-8
1,shifted_null_ridge,Z,4788,1824,32,16,0.0074432280962355435,0.012667087838053703,0.0051224417487694095,0.015878433361649513,-0.23036083456957823,0.00932017543859649,0.06030701754385965,0.05974186033959341,38.0,0.5006565887714225,-0.00028592379282473104,experience,tf,-8
1,time_only_ridge,Z,4788,1824,32,16,0.04349683724831266,0.024839564226567745,0.12881227956390112,0.15664223581552505,0.014551291503571706,0.024671052631578948,0.1162280701754386,0.09323100534843143,29.0,0.5911744833045957,0.15170455831603713,experience,tf,-8
1,time_residual_eeg_ridge,Z_time_resid,4788,1824,32,16,0.03800609548125067,0.03099536057561636,0.030174114756064546,0.0240506399422884,-0.16756484358489976,0.01644736842105263,0.08607456140350878,0.07408831364207918,35.0,0.526692544277954,0.0391962322162384,experience,tf,-8
1,time_residual_shifted_null,Z_time_resid,4788,1824,32,16,-0.006319808604985155,-0.002193089108914137,0.007420740887570438,0.013872720301151276,-0.22017558019834627,0.010964912280701754,0.06414473684210527,0.06254821657481387,38.0,0.5059265404413269,-0.005342256314791357,experience,tf,-8
2,real_eeg_ridge,Z,4945,1712,32,16,0.04708327821572311,0.04195815324783325,0.05974212130641828,0.07449815794825554,-0.1730657946860732,0.02161214953271028,0.10163551401869159,0.08658757883780503,33.0,0.5432138153034662,0.068531013933766,experience,tf,-8
2,shifted_null_ridge,Z,4945,1712,32,16,-0.0048780960742078605,-0.003738539759069681,-0.021701880786924244,-0.018649389035999775,-0.2761866735119005,0.016355140186915886,0.06542056074766354,0.06644176137813386,39.0,0.49324454838459136,-0.0061175918948335566,experience,tf,-8
2,time_only_ridge,Z,4945,1712,32,16,0.04003952627135732,0.03568609990179539,0.12326438832845431,0.16912786662578583,0.007287424145494326,0.027453271028037383,0.102803738317757,0.09219128510594071,27.0,0.5934286752701068,0.13563827454399838,experience,tf,-8
2,time_residual_eeg_ridge,Z_time_resid,4945,1712,32,16,0.04108888183691306,0.04623079299926758,0.042391723573171676,0.04510180093348026,-0.17466114700553725,0.018691588785046728,0.0905373831775701,0.07977526675927453,35.0,0.5311048052912501,0.04352004859077945,experience,tf,-8
2,time_residual_shifted_null,Z_time_resid,4945,1712,32,16,0.0072280923373000405,0.0017995513044297695,0.00783373835398277,0.0068637230433523655,-0.22648776309191487,0.012850467289719626,0.07710280373831775,0.06723946351953151,37.0,0.5037696503861127,0.007770889002513084,experience,tf,-8
3,real_eeg_ridge,Z,4793,1789,32,16,0.06473430436017225,0.06016279757022858,0.056833726233668266,0.06916786730289459,-0.183758551179507,0.022917831190609278,0.09502515371716043,0.08236854464866226,34.0,0.5443642873388319,0.060216455988800315,experience,tf,-8
3,shifted_null_ridge,Z,4793,1789,32,16,0.007852631477362593,0.0061508771032094955,0.006164458706070422,0.015494541265070438,-0.2251239821364417,0.015651201788708775,0.07210732252655115,0.06842144028563321,38.0,0.5065041329223781,0.009355337780538488,experience,tf,-8
3,time_only_ridge,Z,4793,1789,32,16,0.050046648175339215,0.036856720224022865,0.13929271579884323,0.15591956675052643,0.01667809481643512,0.02627166014533259,0.11347121296813863,0.09147841254357351,29.0,0.5953771916243403,0.1437586939841494,experience,tf,-8
3,time_residual_eeg_ridge,Z_time_resid,4793,1789,32,16,0.0581190938837608,0.05482689291238785,0.04222321975968095,0.04918794333934784,-0.18947195679863382,0.020122973728339856,0.08608160983789827,0.07771252192613902,36.0,0.5320969868360808,0.03960879035423834,experience,tf,-8
3,time_residual_shifted_null,Z_time_resid,4793,1789,32,16,0.0029661209118785337,0.006025219103321433,-0.017678965340132267,-0.018167899921536446,-0.24927131087714605,0.010620458356623811,0.05869200670765791,0.06002855696822132,40.0,0.48896740059088667,-0.02340402369444952,experience,tf,-8
1,real_eeg_ridge,Z,4801,1827,32,16,0.04612379993341165,0.0460555013269186,0.04904030079980581,0.056177034974098206,-0.1755349100146164,0.020251778872468526,0.08812260536398467,0.07801943919618343,34.0,0.545392569599203,0.0649941826525733,experience,tf,-7
1,shifted_null_ridge,Z,4801,1827,32,16,0.004015049782537972,0.008118165656924248,0.015035941545919605,0.01935393176972866,-0.2174586335015638,0.0120415982484948,0.06239737274220033,0.062304935787120555,38.0,0.5077428783394891,0.005220795965299683,experience,tf,-7
1,time_only_ridge,Z,4801,1827,32,16,0.044198494106240105,0.024481377564370632,0.12922660773671382,0.15366533398628235,0.014737965686912657,0.025177887246852763,0.11658456486042693,0.09366210008657398,29.0,0.5906221789745216,0.15110573245666803,experience,tf,-7
1,time_residual_eeg_ridge,Z_time_resid,4801,1827,32,16,0.038599123818130465,0.04036639258265495,0.029767815730021935,0.025725914165377617,-0.17992970598915314,0.020251778872468526,0.0810071154898741,0.07421016391818128,36.0,0.5266162815221858,0.03944664869977307,experience,tf,-7
1,time_residual_shifted_null,Z_time_resid,4801,1827,32,16,-0.004040845022245776,0.005416459403932095,-0.00047701267103458556,-0.005441021174192429,-0.21181032286791113,0.011494252873563218,0.06294471811713191,0.06170161352646697,39.0,0.4992692079360688,-0.010144970063688431,experience,tf,-7
2,real_eeg_ridge,Z,4955,1718,32,16,0.04792191067645035,0.051103873178362846,0.060088741642834155,0.060514288023114204,-0.17883134651659605,0.020954598370197905,0.10069848661233993,0.08384169602075675,33.0,0.5452232547763766,0.06670031410008236,experience,tf,-7
2,shifted_null_ridge,Z,4955,1718,32,16,-0.004465799902391154,0.0017770859994925559,-0.013015777005431701,-0.024940126575529575,-0.25478402707032854,0.015133876600698487,0.08090803259604191,0.06903155853044583,38.0,0.4968945928764437,0.0035516910943460323,experience,tf,-7
2,time_only_ridge,Z,4955,1718,32,16,0.040297020508205605,0.03342785872519016,0.12306890089090045,0.1647346094250679,0.008167115337582298,0.02677532013969732,0.10419091967403958,0.09228795615508663,27.0,0.5928153695791839,0.1351289468067122,experience,tf,-7
2,time_residual_eeg_ridge,Z_time_resid,4955,1718,32,16,0.0421777158300074,0.047392671927809715,0.04619687438407307,0.05054314248263836,-0.17835544960447147,0.01979045401629802,0.09313154831199069,0.07926777744714124,35.0,0.5334057764301435,0.04491864696918011,experience,tf,-7
2,time_residual_shifted_null,Z_time_resid,4955,1718,32,16,0.0017712141070660437,0.000514519662829116,0.010571097220413845,0.01290042232722044,-0.212337355345805,0.01629802095459837,0.07683352735739232,0.07103624055271034,36.0,0.5067564177414029,0.018061547904871272,experience,tf,-7
3,real_eeg_ridge,Z,4804,1794,32,16,0.05942458499339409,0.05302557349205017,0.0479358950216358,0.04855909384787083,-0.19519978827521922,0.022853957636566332,0.09810479375696766,0.08138102148238885,36.0,0.5353468354006583,0.04890961133794103,experience,tf,-7
3,shifted_null_ridge,Z,4804,1794,32,16,0.007521146936255718,0.0054251160472631454,0.006131298505108536,0.018237515352666378,-0.23185985219094007,0.010590858416945374,0.06911928651059086,0.06346794241606905,38.0,0.5098507446712158,0.00955682715893345,experience,tf,-7
3,time_only_ridge,Z,4804,1794,32,16,0.04972747681313194,0.038496918976306915,0.13754803062909268,0.15770066529512405,0.016299234712441657,0.02564102564102564,0.1109253065774805,0.0910830815683289,29.0,0.5950167486942824,0.14078437041353947,experience,tf,-7
3,time_residual_eeg_ridge,Z_time_resid,4804,1794,32,16,0.05289897265629406,0.055411940440535545,0.03525356485777292,0.03797712177038193,-0.1964012566307407,0.016722408026755852,0.09197324414715718,0.07440977186801923,37.0,0.525621389027967,0.030209537011357607,experience,tf,-7
3,time_residual_shifted_null,Z_time_resid,4804,1794,32,16,0.0024435546692984644,-0.00020106526790186763,-0.016807700121692727,-0.02728316094726324,-0.2410058382499518,0.007246376811594203,0.05016722408026756,0.055134055324834993,40.0,0.48856277099800477,-0.025505738873288625,experience,tf,-7
1,real_eeg_ridge,Z,4822,1888,32,16,0.04152710839844076,0.03937331400811672,0.0611180887518165,0.07808814942836761,-0.16325699717528153,0.02065677966101695,0.08633474576271187,0.07827593432905484,34.0,0.5474856521051721,0.07684815729276544,experience,tf,-6
1,shifted_null_ridge,Z,4822,1888,32,16,-0.0003351912837388227,0.0021846280433237553,0.012867858130903187,0.027107641100883484,-0.21158315899348246,0.013241525423728813,0.05985169491525424,0.062235995653403,39.0,0.5060563175726615,-0.00532839509665622,experience,tf,-6
1,time_only_ridge,Z,4822,1888,32,16,0.05365503011853434,0.04716536030173302,0.1429828959589632,0.15744100511074066,0.016633251067136423,0.023834745762711863,0.11864406779661017,0.091267570860482,30.0,0.5994925119104709,0.16072946600626,experience,tf,-6
1,time_residual_eeg_ridge,Z_time_resid,4822,1888,32,16,0.03527101843064884,0.037661511451005936,0.048538999449593286,0.0626562125980854,-0.16303460733199238,0.02065677966101695,0.08103813559322035,0.07551250982371532,36.0,0.5361109269532429,0.05730290847115296,experience,tf,-6
1,time_residual_shifted_null,Z_time_resid,4822,1888,32,16,-0.0055095146235544235,-0.008178791031241417,-0.012885013671251017,-0.02155287377536297,-0.23688744104727566,0.01059322033898305,0.06197033898305085,0.059106173453923334,40.0,0.48903244214776054,-0.01897829944957879,experience,tf,-6
2,real_eeg_ridge,Z,4877,1788,32,16,0.062374039873247966,0.06242472119629383,0.06963133450681687,0.07786830514669418,-0.15562127591083663,0.018456375838926176,0.09172259507829977,0.07832030782797786,33.0,0.5532549334031966,0.07408836946865201,experience,tf,-6
2,shifted_null_ridge,Z,4877,1788,32,16,-0.00788983935763099,0.001175921905087307,-0.019861173610035896,-0.023498931899666786,-0.2403448405458688,0.019574944071588368,0.08109619686800895,0.07096473333932242,41.0,0.49575644877089914,-0.005777609497587021,experience,tf,-6
2,time_only_ridge,Z,4877,1788,32,16,0.04581979222712107,0.03805644437670708,0.12633307311468608,0.15005871653556824,0.01388120661101655,0.025727069351230425,0.1040268456375839,0.08962370230635747,30.0,0.593161988972488,0.14146504720388298,experience,tf,-6
2,time_residual_eeg_ridge,Z_time_resid,4877,1788,32,16,0.054697194165783,0.05589481070637703,0.0534361692023094,0.05667221359908581,-0.16509522853927372,0.0145413870246085,0.0883668903803132,0.07344832885904225,35.0,0.541548336180402,0.05380217550039754,experience,tf,-6
2,time_residual_shifted_null,Z_time_resid,4877,1788,32,16,0.002817590873746667,0.0010840458562597632,0.011375002468499767,0.012243547942489386,-0.19144988749443015,0.01621923937360179,0.06767337807606263,0.0679942512692105,38.0,0.5090405658398751,0.01612462578318552,experience,tf,-6
3,real_eeg_ridge,Z,4826,1824,32,16,0.03738290613182471,0.03524632193148136,0.035864254497235445,0.034330131486058235,-0.24700346587313127,0.01644736842105263,0.07675438596491228,0.07178827702351386,38.0,0.5249364076969786,0.03137231814242387,experience,tf,-6
3,shifted_null_ridge,Z,4826,1824,32,16,0.009701717125608411,0.009619288146495819,0.00417690044019094,0.0061745785642415285,-0.25801789483900484,0.01644736842105263,0.06359649122807018,0.06624440376405702,39.0,0.5079350656063084,0.003235708893088761,experience,tf,-6
3,time_only_ridge,Z,4826,1824,32,16,0.04625161164767633,0.023072069510817528,0.11608692492050945,0.1351696029305458,0.011044746396148608,0.022478070175438597,0.0981359649122807,0.08457186520128991,31.0,0.581127390097397,0.12184641350714291,experience,tf,-6
3,time_residual_eeg_ridge,Z_time_resid,4826,1824,32,16,0.033003345954057295,0.03039869200438261,0.03274881135771386,0.03914349526166916,-0.22743095741332642,0.013157894736842105,0.07346491228070176,0.06824263328073481,37.0,0.5214593947822497,0.02112384688775323,experience,tf,-6
3,time_residual_shifted_null,Z_time_resid,4826,1824,32,16,-0.008013978745566419,-0.009508054237812757,-0.01535249420245284,-0.011238564737141132,-0.37952031524598273,0.00712719298245614,0.0537280701754386,0.05500905583742126,40.0,0.4893993320936777,-0.029774483850716852,experience,tf,-6
1,real_eeg_ridge,Z,4836,1891,32,16,0.03877273701982631,0.024980573914945126,0.05763202674533402,0.06043318659067154,-0.1603765402062547,0.021152829190904283,0.08725542041248018,0.0786620470948364,35.0,0.5420171326702324,0.07397855998056309,experience,tf,-5
1,shifted_null_ridge,Z,4836,1891,32,16,0.0027927634873776697,-0.001721605600323528,0.01640253738140928,0.03602105379104614,-0.20329381202547014,0.009518773135906928,0.061343204653622425,0.06014090256572207,39.0,0.5082395132456318,-0.00023574998405802584,experience,tf,-5
1,time_only_ridge,Z,4836,1891,32,16,0.05321557281422429,0.04705742932856083,0.14424828954688584,0.1600399911403656,0.016781033033200443,0.023268112109994712,0.11792702273929138,0.09120603509577782,30.0,0.6000763183269406,0.16181566013907175,experience,tf,-5
1,time_residual_eeg_ridge,Z_time_resid,4836,1891,32,16,0.03248129827261437,0.02277092356234789,0.044294271542097724,0.036920469254255295,-0.16256558938699373,0.017451084082496033,0.088841882601798,0.07415303414951106,37.0,0.531115764818148,0.0543263725219996,experience,tf,-5
1,time_residual_shifted_null,Z_time_resid,4836,1891,32,16,-0.0016505692183272913,-0.008909089025110006,-0.010570021048305026,-0.01615770161151886,-0.24313175840337187,0.009518773135906928,0.05817028027498678,0.05843560371465372,40.0,0.48995467369998835,-0.01532466056532325,experience,tf,-5
2,real_eeg_ridge,Z,4888,1794,32,16,0.05803235299390508,0.05120977200567722,0.07463523697020687,0.08663942292332649,-0.14665408762786392,0.021181716833890748,0.09420289855072464,0.08317433354735987,33.0,0.5586333297161704,0.0776371444946882,experience,tf,-5
2,shifted_null_ridge,Z,4888,1794,32,16,-0.0026821252758963965,-0.003239560639485717,-0.017646799476160806,-0.017170838080346584,-0.22810051425471745,0.016164994425863992,0.06744704570791528,0.06632464841512849,39.0,0.4945813685253093,-0.00774579006181115,experience,tf,-5
2,time_only_ridge,Z,4888,1794,32,16,0.04590833930342342,0.03738669864833355,0.12695927550454528,0.15354515612125397,0.014081908268682608,0.02508361204013378,0.10312151616499443,0.08988133432606676,30.0,0.5944365500552765,0.1432890757647848,experience,tf,-5
2,time_residual_eeg_ridge,Z_time_resid,4888,1794,32,16,0.05061412880604621,0.04891222156584263,0.062040050507942576,0.06676016747951508,-0.15090396860588773,0.020066889632107024,0.08862876254180602,0.07903551453332905,33.5,0.5478554711297513,0.06073427529953221,experience,tf,-5
2,time_residual_shifted_null,Z_time_resid,4888,1794,32,16,0.004595730628352612,0.001016005757264793,-0.0006694397529741072,0.001034300250466913,-0.20163170572377487,0.016722408026755852,0.07748049052396878,0.06991159846997547,38.0,0.50401374551858,0.009828329878158607,experience,tf,-5
3,real_eeg_ridge,Z,4838,1829,32,16,0.032962367530672054,0.026642960496246815,0.04242078254607589,0.040619559586048126,-0.24017114458154842,0.018042646254784037,0.07818480043739748,0.0740074444804594,36.0,0.5298757683530632,0.03622379517391542,experience,tf,-5
3,shifted_null_ridge,Z,4838,1829,32,16,0.007823438072819044,0.010148515459150076,0.01446658642243015,0.02516304887831211,-0.23904257016692165,0.01530891197375615,0.06943685073810825,0.0669774808350675,39.0,0.5131672307960783,0.011495299494672893,experience,tf,-5
3,time_only_ridge,Z,4838,1829,32,16,0.0465977267431299,0.021767958998680115,0.1158427147315614,0.13368584215641022,0.01123184612133199,0.02241662110442865,0.10005467468562056,0.08469143445451617,30.0,0.5813067947574088,0.1210133156791907,experience,tf,-5
3,time_residual_eeg_ridge,Z_time_resid,4838,1829,32,16,0.02889267655518779,0.027311457321047783,0.04026244499442738,0.027935057878494263,-0.21803530728562537,0.016402405686167305,0.0825587752870421,0.07386690312023109,36.0,0.5275330158652797,0.027423605121201,experience,tf,-5
3,time_residual_shifted_null,Z_time_resid,4838,1829,32,16,-0.0038665022930217674,-0.002664886153070256,-0.007853905904098395,0.0014323045033961535,-0.3398652567305198,0.010934937124111536,0.06178239475123018,0.0603759707283742,40.0,0.49583978915382704,-0.02017003439751207,experience,tf,-5
1,real_eeg_ridge,Z,4850,1894,32,16,0.034626729458977934,0.02827767375856638,0.05688280157978514,0.06343336030840874,-0.15717073087686884,0.022175290390707498,0.08553326293558607,0.07873463917080639,34.0,0.5457767507410822,0.07201375765221447,experience,tf,-4
1,shifted_null_ridge,Z,4850,1894,32,16,-0.0008321869408973726,0.004611698328517377,0.008671712932791726,0.017695187591016293,-0.20773503550016592,0.009503695881731784,0.05385427666314678,0.056715731562421455,40.0,0.5021560135956986,-0.005983866137935429,experience,tf,-4
1,time_only_ridge,Z,4850,1894,32,16,0.053556925704469904,0.04711390659213066,0.14428923591788723,0.16003942489624023,0.01663802504258416,0.023231256599788808,0.11826821541710665,0.09113848293585808,29.0,0.5999729537173558,0.16183626036296084,experience,tf,-4
1,time_residual_eeg_ridge,Z_time_resid,4850,1894,32,16,0.027478550990053918,0.02199659775942564,0.041085891441129584,0.04182782955467701,-0.16254406588692816,0.019535374868004225,0.0850052798310454,0.07534347809232265,36.0,0.5313292483824148,0.049318396217583,experience,tf,-4
1,time_residual_shifted_null,Z_time_resid,4850,1894,32,16,0.005208353426951362,0.006777862319722772,-0.015374842634261423,-0.02394989039748907,-0.24491639259174347,0.011087645195353749,0.054910242872228086,0.05860347659708844,41.0,0.48616966566935976,-0.02112246992361826,experience,tf,-4
2,real_eeg_ridge,Z,4899,1800,32,16,0.052875237284752075,0.04502909258008003,0.07171484212261728,0.08737792074680328,-0.14332043692482288,0.018333333333333333,0.09333333333333334,0.08059886361837362,31.0,0.5567905935167384,0.0743287947303452,experience,tf,-4
2,shifted_null_ridge,Z,4899,1800,32,16,-0.00016493289109575926,-0.0008638875960969017,-0.013146217783182187,-0.02141859568655491,-0.22238282083835936,0.02,0.07611111111111112,0.07049408355139805,40.5,0.4949020785113872,-0.0035267597621371073,experience,tf,-4
2,time_only_ridge,Z,4899,1800,32,16,0.04564002452752902,0.03589628450572491,0.12724232194622043,0.15158049017190933,0.014025935937434286,0.02388888888888889,0.10444444444444445,0.08907875597052037,30.0,0.5945353480353434,0.14311955173571392,experience,tf,-4
2,time_residual_eeg_ridge,Z_time_resid,4899,1800,32,16,0.045398460973729016,0.04482853598892689,0.06131467184469026,0.06613321602344513,-0.14386783753347276,0.016666666666666666,0.08666666666666667,0.07718914723101129,34.0,0.5495652492358651,0.05942595049463456,experience,tf,-4
2,time_residual_shifted_null,Z_time_resid,4899,1800,32,16,0.003572012857603113,0.004593952442519367,-0.008179579800215227,-0.01684985402971506,-0.21602049532075718,0.012777777777777779,0.06777777777777778,0.06264776093983351,39.0,0.497117309967243,0.002754843081262063,experience,tf,-4
3,real_eeg_ridge,Z,4850,1834,32,16,0.03135039266635431,0.02508175279945135,0.05061062145054634,0.04880629666149616,-0.2191764508353946,0.021264994547437296,0.08505997818974918,0.0777632554124261,36.0,0.5355324481344772,0.0458983473465854,experience,tf,-4
3,shifted_null_ridge,Z,4850,1834,32,16,0.0033867020247271284,0.005384253337979317,0.01580258425177859,0.017872526310384274,-0.23535551681552302,0.011995637949836423,0.0752453653217012,0.06510256473799779,38.0,0.5130544685820517,0.010919935252374655,experience,tf,-4
3,time_only_ridge,Z,4850,1834,32,16,0.04729347202919598,0.023110253736376762,0.11625127730295194,0.13478196412324905,0.011527470187311484,0.020719738276990186,0.10087241003271538,0.08359825492542487,30.0,0.581843374279617,0.12137477565622505,experience,tf,-4
3,time_residual_eeg_ridge,Z_time_resid,4850,1834,32,16,0.0265177430883341,0.020296184346079826,0.04691319639053488,0.03719087690114975,-0.1981187488067453,0.015812431842966195,0.09487459105779716,0.07508648544354504,35.0,0.5331748426786668,0.03652432433303871,experience,tf,-4
3,time_residual_shifted_null,Z_time_resid,4850,1834,32,16,-0.0040388022098341025,-0.010851367376744747,-0.013145979484819008,-0.02151261270046234,-0.32470777437064346,0.0054525627044711015,0.04362050163576881,0.05290256799553904,41.0,0.4876791377158251,-0.020786181805779548,experience,tf,-4
1,real_eeg_ridge,Z,4864,1897,32,16,0.034227327965709264,0.03086757380515337,0.052815900697201726,0.05032719671726227,-0.1529907840801168,0.015287295730100159,0.10015814443858724,0.07602191654705437,36.0,0.5409408315128582,0.06972377058947253,experience,tf,-3
1,shifted_null_ridge,Z,4864,1897,32,16,0.0027862307865689218,0.003020015312358737,0.010255326776896983,0.005387343931943178,-0.20644415786959502,0.014232999472851872,0.05904059040590406,0.06185264627118328,40.0,0.5026265579580801,-0.003450306848908268,experience,tf,-3
1,time_only_ridge,Z,4864,1897,32,16,0.05405275560042355,0.045715970918536186,0.1441117755111918,0.15789449214935303,0.016590355098965892,0.023721665788086453,0.11491829204006326,0.09074995780591959,29.0,0.5995426692411147,0.16212283710344147,experience,tf,-3
1,time_residual_eeg_ridge,Z_time_resid,4864,1897,32,16,0.026451236735738348,0.02765341755002737,0.03532003849392329,0.03190511837601662,-0.1615717503691947,0.014232999472851872,0.08803373748023194,0.07168642785421381,37.0,0.5270596396201178,0.04583163572215746,experience,tf,-3
1,time_residual_shifted_null,Z_time_resid,4864,1897,32,16,0.003170996737026144,0.005372913554310799,-0.0009271803492241778,0.007622393313795328,-0.23865799421527045,0.00790722192936215,0.05113336847654191,0.05606860327860807,40.0,0.4985343156356807,-0.007312251150455788,experience,tf,-3
2,real_eeg_ridge,Z,4910,1806,32,16,0.0496126571088098,0.04469526186585426,0.0628327486207038,0.06733344495296478,-0.1558894471284049,0.0221483942414175,0.09357696566998892,0.08169011139056888,33.0,0.551297415413613,0.06705610339409812,experience,tf,-3
2,shifted_null_ridge,Z,4910,1806,32,16,-0.0005382933159125969,0.007265257416293025,-0.007271832842870996,-0.00937930354848504,-0.218520420458153,0.022702104097452935,0.07198228128460686,0.07107846526071443,40.0,0.49746025227038937,-0.006678190985836589,experience,tf,-3
2,time_only_ridge,Z,4910,1806,32,16,0.045600523033499485,0.03900345228612423,0.1268480847308818,0.14953751862049103,0.013877381142430423,0.02602436323366556,0.10409745293466224,0.08971542532115254,30.0,0.5942340016066076,0.14264391953364497,experience,tf,-3
2,time_residual_eeg_ridge,Z_time_resid,4910,1806,32,16,0.042071399690030375,0.040787264704704285,0.05458624702760818,0.047205058857798576,-0.15489973922654654,0.017718715393133997,0.09136212624584718,0.07748572519805684,34.0,0.5459589128342748,0.05336357697492063,experience,tf,-3
2,time_residual_shifted_null,Z_time_resid,4910,1806,32,16,0.0029436328004521783,0.005966078257188201,-0.002698328477455144,-0.005937395617365837,-0.21132994461258048,0.012181616832779624,0.07198228128460686,0.06365314150045237,39.0,0.5002371871001411,0.012520663225658367,experience,tf,-3
3,real_eeg_ridge,Z,4862,1839,32,16,0.030644093830233032,0.029255895875394344,0.048161695274116276,0.03486936166882515,-0.22005422239630734,0.018488308863512777,0.08374116367591082,0.075708064915846,36.0,0.5336562323586259,0.05103744459690451,experience,tf,-3
3,shifted_null_ridge,Z,4862,1839,32,16,0.00248657254542195,-0.0018139672029064968,0.021731721218595613,0.02369575947523117,-0.24141235517973647,0.015225666122892877,0.06579662860250136,0.06649598346211838,38.0,0.515106906173707,0.015016204115246299,experience,tf,-3
3,time_only_ridge,Z,4862,1839,32,16,0.04802417201062781,0.024569358676671982,0.11715545313251614,0.1346665620803833,0.011762074275466716,0.021750951604132682,0.10168569874932028,0.08445564479122017,30.0,0.5825361886521708,0.12284521387717658,experience,tf,-3
3,time_residual_eeg_ridge,Z_time_resid,4862,1839,32,16,0.02502180911233154,0.022893217392265797,0.04057881059269398,0.026948725804686546,-0.2003550168229784,0.01794453507340946,0.0701468189233279,0.07188752753063292,36.0,0.5259309610259242,0.0385075041140907,experience,tf,-3
3,time_residual_shifted_null,Z_time_resid,4862,1839,32,16,0.0008360694628208876,-0.0062691401690244675,0.0015603313439025818,-0.01445278711616993,-0.31210205130546886,0.011963023382272975,0.054377379010331704,0.05965336452728733,40.0,0.4973011872839353,9.836793058054284e-05,experience,tf,-3
1,real_eeg_ridge,Z,4878,1900,32,16,0.029914176742749987,0.028385392390191555,0.05312598604747205,0.05124472640454769,-0.14532028803795072,0.01631578947368421,0.09,0.0758618315468095,35.5,0.5408273692425861,0.06635805651497578,experience,tf,-2
1,shifted_null_ridge,Z,4878,1900,32,16,0.00013715045861317776,-0.00046917033614590764,0.011280846326354597,0.005461919819936156,-0.21609349094848818,0.01,0.06473684210526316,0.060662671448576365,40.0,0.5010675483089847,-0.0036721797688231694,experience,tf,-2
1,time_only_ridge,Z,4878,1900,32,16,0.05457638553343713,0.04512636736035347,0.14354703036945704,0.16203303635120392,0.016662607918103256,0.02368421052631579,0.11421052631578947,0.09076521792426895,29.0,0.5999205432412376,0.16239057978056795,experience,tf,-2
1,time_residual_eeg_ridge,Z_time_resid,4878,1900,32,16,0.021386362428529537,0.02349707018584013,0.03115247917691656,0.03104892000555992,-0.156422336597261,0.01631578947368421,0.08736842105263158,0.07237539734461133,38.0,0.5230109740132407,0.03909262001144671,experience,tf,-2
1,time_residual_shifted_null,Z_time_resid,4878,1900,32,16,0.0012401501826388994,-0.0012521968164946884,-0.0018139312924253508,0.006938612088561058,-0.23783699594107777,0.011052631578947368,0.057368421052631575,0.05929720637876905,40.0,0.49636817236477554,-0.00667733764311951,experience,tf,-2
2,real_eeg_ridge,Z,4921,1812,32,16,0.04275505991245154,0.03304087743163109,0.06150466817096169,0.07494167983531952,-0.16388507553467369,0.02097130242825607,0.08940397350993377,0.07957479369096158,33.0,0.550833552910384,0.06634816316678917,experience,tf,-2
2,shifted_null_ridge,Z,4921,1812,32,16,-0.0010158981390304689,0.0017260652384720743,-0.011699009092312505,-0.006646399386227131,-0.21330564182533984,0.010485651214128035,0.06181015452538632,0.06021142820902505,40.0,0.491336276749976,-0.017798747376092803,experience,tf,-2
2,time_only_ridge,Z,4921,1812,32,16,0.045324220329348464,0.03931246139109135,0.12487545124239485,0.14633948355913162,0.013464609102894043,0.024282560706401765,0.10375275938189846,0.08834966523437913,30.0,0.5930956969881557,0.14045352327196595,experience,tf,-2
2,time_residual_eeg_ridge,Z_time_resid,4921,1812,32,16,0.035252886220405344,0.03340260498225689,0.051820815542825756,0.06305836141109467,-0.1629117200932395,0.02097130242825607,0.08719646799116998,0.07895294286799902,33.5,0.5455278877838081,0.05101534692801568,experience,tf,-2
2,time_residual_shifted_null,Z_time_resid,4921,1812,32,16,0.0007529900321969762,0.005392557824961841,-0.012577808935229386,-0.027498566545546055,-0.2297853015811646,0.011037527593818985,0.0772626931567329,0.06519117861386077,39.0,0.4939500353793264,0.002837072925805891,experience,tf,-2
3,real_eeg_ridge,Z,4874,1844,32,16,0.02512447266417439,0.01901220064610243,0.03667925825120343,0.02626705914735794,-0.22646499562887734,0.016811279826464208,0.08405639913232105,0.07417324230039392,37.0,0.5265167112253977,0.04570192978959028,experience,tf,-2
3,shifted_null_ridge,Z,4874,1844,32,16,0.004240970491991902,0.012929024174809456,0.012711333966398067,0.010599280707538128,-0.2520001951223245,0.01735357917570499,0.06832971800433839,0.06677670160260386,39.0,0.5069471101148426,0.0010230392231660526,experience,tf,-2
3,time_only_ridge,Z,4874,1844,32,16,0.04898461836273782,0.022607986815273762,0.117091316673202,0.13109926879405975,0.011746268285544259,0.023318872017353578,0.10140997830802603,0.0855941411964432,30.0,0.5832692394427501,0.1228632373950842,experience,tf,-2
3,time_residual_eeg_ridge,Z_time_resid,4874,1844,32,16,0.0190139843034558,0.013674235437065363,0.02653045350171869,0.014960132539272308,-0.2112787236507787,0.01843817787418655,0.07863340563991324,0.0723238017075943,37.0,0.5183751269874788,0.031047598393625586,experience,tf,-2
3,time_residual_shifted_null,Z_time_resid,4874,1844,32,16,-0.002501122457033489,-0.007745771436020732,-0.005114093471503286,-0.02136858645826578,-0.32297428404854833,0.008134490238611713,0.052060737527114966,0.05614246849886228,41.0,0.49566869298094457,-0.003313663588294803,experience,tf,-2
1,real_eeg_ridge,Z,4890,1903,32,16,0.0296206850193812,0.019577098079025745,0.05065813189196367,0.05494048818945885,-0.14964335159212672,0.015764582238570676,0.08985811875985286,0.07394132256979975,35.0,0.5395392273196107,0.06137632935312661,experience,tf,-1
1,shifted_null_ridge,Z,4890,1903,32,16,-0.002035290286585223,-0.004673694726079702,-0.0021722383249147274,0.001571992295794189,-0.22607069764642151,0.011035207566999475,0.05937992643194955,0.058707694220443064,41.0,0.49365301582750165,-0.01659172891162992,experience,tf,-1
1,time_only_ridge,Z,4890,1903,32,16,0.05521506294280698,0.046809595078229904,0.14313569988624755,0.15910497307777405,0.01659788268223683,0.02259590120861797,0.11823436678928008,0.09044526711760707,30.0,0.6002062454665301,0.1623495595939435,experience,tf,-1
1,time_residual_eeg_ridge,Z_time_resid,4890,1903,32,16,0.020556630708597368,0.014410245232284069,0.02866054611534802,0.013089051470160484,-0.16207742624689692,0.015239096163951655,0.0767209668943773,0.06799279406425965,38.0,0.5221134414633612,0.033980227071571646,experience,tf,-1
1,time_residual_shifted_null,Z_time_resid,4890,1903,32,16,0.0023835288588998083,-0.0007172912373789586,0.009338984515974803,0.026697777211666107,-0.24034435357809336,0.011035207566999475,0.05307409353652128,0.05933071874909197,39.0,0.5061571244696915,0.0033251435716911623,experience,tf,-1
2,real_eeg_ridge,Z,4930,1818,32,16,0.041082613832259085,0.032196126878261566,0.060057875876742946,0.06424776464700699,-0.16633697526272173,0.022002200220022004,0.09460946094609461,0.08098344111840516,34.0,0.5469686766581493,0.06608949728265341,experience,tf,-1
2,shifted_null_ridge,Z,4930,1818,32,16,0.0005304682217683876,0.004567779949866235,-0.006072076674024342,0.0036808550357818604,-0.20599873534654045,0.010451045104510451,0.0594059405940594,0.06086350266046431,39.0,0.49696589931505747,-0.006616653278311821,experience,tf,-1
2,time_only_ridge,Z,4930,1818,32,16,0.04515523952431977,0.039066337049007416,0.12328246959815661,0.14885863661766052,0.013146534947204858,0.0231023102310231,0.10286028602860287,0.08744427596888392,30.0,0.5922424858715394,0.1385148650435736,experience,tf,-1
2,time_residual_eeg_ridge,Z_time_resid,4930,1818,32,16,0.033362668080371805,0.027925648726522923,0.04682674097766301,0.04522608034312725,-0.16594115367029816,0.022552255225522552,0.09515951595159516,0.07998527958917585,36.0,0.5403360101670526,0.04704682335269574,experience,tf,-1
2,time_residual_shifted_null,Z_time_resid,4930,1818,32,16,0.004106542126464774,0.008166732033714652,-0.013089171403892081,-0.016729099676012993,-0.2448450432658773,0.017051705170517052,0.06875687568756876,0.06829782455503222,39.0,0.4966202811790975,0.0022868516599947493,experience,tf,-1
3,real_eeg_ridge,Z,4885,1848,32,16,0.020507930013991427,0.011289446614682674,0.0356440616732002,0.0316219050437212,-0.235281008325954,0.017316017316017316,0.08495670995670995,0.07282238128865878,36.0,0.5244086856160576,0.04558524652120293,experience,tf,-1
3,shifted_null_ridge,Z,4885,1848,32,16,0.0010527715785428882,0.007017076481133699,-0.0011332971931961053,-0.005867944099009037,-0.24410334613404383,0.017316017316017316,0.06926406926406926,0.06614516144365487,39.0,0.49976307415391286,-0.014910457269968869,experience,tf,-1
3,time_only_ridge,Z,4885,1848,32,16,0.04978744072650443,0.026999483816325665,0.11569428312120153,0.13350015878677368,0.011565973056221868,0.022727272727272728,0.10173160173160173,0.08611529391043367,31.0,0.5832556844977901,0.12166636427734767,experience,tf,-1
3,time_residual_eeg_ridge,Z_time_resid,4885,1848,32,16,0.014007836870945312,0.01130213588476181,0.022310933365407314,0.01114749489352107,-0.22554763080859463,0.015151515151515152,0.08225108225108226,0.07144271887099891,38.0,0.5169369061306953,0.027609369189986993,experience,tf,-1
3,time_residual_shifted_null,Z_time_resid,4885,1848,32,16,-0.0020577875920935185,-0.0038374727591872215,-0.0007033601359285353,0.003940060036256909,-0.31285470320037767,0.01406926406926407,0.060064935064935064,0.062237740409759046,39.0,0.5055357885093299,0.0023524627911978985,experience,tf,-1
1,real_eeg_ridge,Z,4902,1906,32,16,0.029625010363815818,0.026431352831423283,0.04863262010245443,0.06922914460301399,-0.1612970161305467,0.018363064008394544,0.0776495278069255,0.07273543095133296,36.0,0.5412919436759405,0.0606437747840786,experience,tf,0
1,shifted_null_ridge,Z,4902,1906,32,16,-0.0023930518509587273,-0.004808980447705835,-0.006572344993441285,-0.008938204031437635,-0.21899855407207114,0.011542497376705142,0.05666316894018888,0.05727094193414446,41.0,0.4890543970969647,-0.01667660678894618,experience,tf,0
1,time_only_ridge,Z,4902,1906,32,16,0.055932887371454854,0.04784952476620674,0.14201192434376986,0.15471046417951584,0.016367716372786556,0.024134312696747113,0.11280167890870933,0.09075273253077044,30.0,0.600598562201478,0.16188545611287122,experience,tf,0
1,time_residual_eeg_ridge,Z_time_resid,4902,1906,32,16,0.02072785516247677,0.018576916307210922,0.028305836617055186,0.031689561903476715,-0.17438735223169366,0.015739769150052464,0.07607555089192025,0.06893420467446133,37.5,0.5253635531866936,0.03538471919029654,experience,tf,0
1,time_residual_shifted_null,Z_time_resid,4902,1906,32,16,-4.66457822767552e-05,0.0029373617726378143,0.006744134243584888,0.019645169377326965,-0.2332780458311583,0.015739769150052464,0.05771248688352571,0.06142970445565277,40.0,0.5021809777561403,0.0006953855157342733,experience,tf,0
2,real_eeg_ridge,Z,4939,1824,32,16,0.04016062937444076,0.03472123108804226,0.05951780641301715,0.06346627324819565,-0.1699038249483671,0.01864035087719298,0.09100877192982457,0.07786540189756863,34.0,0.5473907080290265,0.0637900542299415,experience,tf,0
2,shifted_null_ridge,Z,4939,1824,32,16,-0.0028835388766310643,-0.007348252460360527,-0.012126624732110557,-0.016809276305139065,-0.210434940785015,0.013157894736842105,0.06359649122807018,0.0635830591555178,40.0,0.4923217557611235,-0.013428725739672262,experience,tf,0
2,time_only_ridge,Z,4939,1824,32,16,0.04500952709076955,0.0396431852132082,0.12107296605120753,0.14569751173257828,0.012712870506156548,0.023574561403508772,0.1025219298245614,0.08725501767230522,30.0,0.5906835393164673,0.13568020977488118,experience,tf,0
2,time_residual_eeg_ridge,Z_time_resid,4939,1824,32,16,0.032792166177387116,0.02669793087989092,0.04455403369792565,0.042450616136193275,-0.17023511613605002,0.018092105263157895,0.08991228070175439,0.07672249326193441,35.0,0.5385035606741055,0.04299732443743689,experience,tf,0
2,time_residual_shifted_null,Z_time_resid,4939,1824,32,16,0.0028133722316852072,-0.0006760250253137201,-0.011207761755868935,-0.02066650800406933,-0.2566265270255268,0.013706140350877192,0.07017543859649122,0.06583024932193277,39.0,0.49638794279719983,-0.0004300930295488819,experience,tf,0
3,real_eeg_ridge,Z,4896,1852,32,16,0.01559605830880173,0.00687074102461338,0.041751393946736916,0.048978740349411964,-0.22106030715956182,0.022138228941684664,0.08207343412526998,0.07480941491173156,37.0,0.530909098849542,0.05464991646673633,experience,tf,0
3,shifted_null_ridge,Z,4896,1852,32,16,-0.001693185270369213,-0.00022951016944716685,-0.0126434954970547,-0.016639924608170986,-0.25042686316379115,0.014038876889848811,0.058855291576673865,0.06110019972655576,41.0,0.4885555607777938,-0.026521123214844584,experience,tf,0
3,time_only_ridge,Z,4896,1852,32,16,0.050952543646417325,0.031241387128829956,0.11391769372047222,0.12926410883665085,0.011533477432319361,0.02159827213822894,0.10043196544276457,0.08495499621768528,30.0,0.5828216583687664,0.12098094636135863,experience,tf,0
3,time_residual_eeg_ridge,Z_time_resid,4896,1852,32,16,0.009494695328612579,0.006669551599770784,0.02651443561536791,0.02213570475578308,-0.21665272807240554,0.01511879049676026,0.08207343412526998,0.06851833885973528,38.0,0.5202724631629152,0.03428362611813916,experience,tf,0
3,time_residual_shifted_null,Z_time_resid,4896,1852,32,16,-0.003182355016178917,-0.004691051668487489,-0.005672027216817227,-0.014688901603221893,-0.32536916184759423,0.0091792656587473,0.06101511879049676,0.05800573455827591,40.0,0.4989361237854098,-0.00557610529911128,experience,tf,0
1,real_eeg_ridge,Z,4890,1903,32,16,0.028904809325467795,0.030056891962885857,0.04447851556501574,0.05586464703083038,-0.17285925788458179,0.01839201261166579,0.07461902259590121,0.07265836548080744,36.0,0.5369897436301474,0.055019997466595506,experience,tf,1
1,shifted_null_ridge,Z,4890,1903,32,16,-0.006761985037883278,-0.009090854320675135,-0.018013407848111642,-0.01625448651611805,-0.22877947514260466,0.013662637940094587,0.046242774566473986,0.056102456071269034,42.0,0.48051691937771934,-0.028103822123802608,experience,tf,1
1,time_only_ridge,Z,4890,1903,32,16,0.056548749373178,0.05649030767381191,0.14052901805717527,0.1536129117012024,0.016459177340730546,0.023646873357856018,0.11403047819232791,0.09003270071094696,30.0,0.5982640252700575,0.16086338313279858,experience,tf,1
1,time_residual_eeg_ridge,Z_time_resid,4890,1903,32,16,0.020375364016217645,0.021261323243379593,0.02391419772199802,0.02147606946527958,-0.1862008794370258,0.0162900683131897,0.06936416184971098,0.06762158872608413,38.0,0.5202622146716452,0.0292404674710532,experience,tf,1
1,time_residual_shifted_null,Z_time_resid,4890,1903,32,16,-0.0017687908330117352,-0.0035410230048000813,0.012363125355884871,0.019304636865854263,-0.22071052794501722,0.010509721492380452,0.057803468208092484,0.059155464892632514,40.0,0.5054778876786484,0.0034492745257406685,experience,tf,1
2,real_eeg_ridge,Z,4930,1818,32,16,0.03541701678841491,0.02558727841824293,0.05801246654141198,0.06752470508217812,-0.17568826451838748,0.014301430143014302,0.08800880088008801,0.07417604302192878,34.0,0.5453288482779345,0.061359221857078095,experience,tf,1
2,shifted_null_ridge,Z,4930,1818,32,16,0.0019067464309046045,0.004426272353157401,-0.01117993229095006,-0.022517219185829163,-0.20867631161527855,0.013751375137513752,0.057755775577557754,0.06157673359291967,40.0,0.4920884324074704,-0.0069582061853466345,experience,tf,1
2,time_only_ridge,Z,4930,1818,32,16,0.04427534381102305,0.04056941717863083,0.11817447109003204,0.14035313576459885,0.011458486463745365,0.022552255225522552,0.10561056105610561,0.08653437312254787,30.0,0.5886659268678138,0.13113061638655268,experience,tf,1
2,time_residual_eeg_ridge,Z_time_resid,4930,1818,32,16,0.027799230377240747,0.022656460292637348,0.03887819940310753,0.04778379760682583,-0.17659800599067665,0.01485148514851485,0.08195819581958196,0.0717372730296254,36.0,0.5338246648472705,0.037328280153732525,experience,tf,1
2,time_residual_shifted_null,Z_time_resid,4930,1818,32,16,-0.00034544404752523405,0.000710464853909798,-0.013868853094988467,-0.02611043117940426,-0.26470538991425263,0.010451045104510451,0.06105610561056106,0.061520381678388046,39.0,0.49526607199225026,-0.005934905096322947,experience,tf,1
3,real_eeg_ridge,Z,4885,1848,32,16,0.013525847487471765,0.0067938691936433315,0.046332578456012415,0.06546613201498985,-0.20385246739959362,0.016774891774891776,0.07846320346320346,0.07219570528911748,35.0,0.5388764355936495,0.05727976632223717,experience,tf,1
3,shifted_null_ridge,Z,4885,1848,32,16,-0.0033857463513413677,-0.003946726210415363,-0.009095684880410229,-0.02180245704948902,-0.24304648315222677,0.016233766233766232,0.06926406926406926,0.06594994377917184,41.0,0.490585335590958,-0.022235723206769253,experience,tf,1
3,time_only_ridge,Z,4885,1848,32,16,0.05223419628055126,0.032549794763326645,0.1140620926340111,0.12924786657094955,0.01074419228618495,0.020562770562770564,0.09740259740259741,0.0831152494914572,30.0,0.582506862930746,0.11783728016583517,experience,tf,1
3,time_residual_eeg_ridge,Z_time_resid,4885,1848,32,16,0.007606257699080743,0.004413440590724349,0.02782687115245903,0.03515469841659069,-0.20368414399105905,0.017316017316017316,0.06764069264069264,0.06854512699454583,38.0,0.5241747147557086,0.03421541341314249,experience,tf,1
3,time_residual_shifted_null,Z_time_resid,4885,1848,32,16,-0.003490958571092051,0.0005792548327008262,-0.0009035628827405162,0.0005098773399367929,-0.30730924223278877,0.00974025974025974,0.05844155844155844,0.05820020202683718,40.0,0.5046251594861327,-0.0034325560431418566,experience,tf,1
1,real_eeg_ridge,Z,4878,1900,32,16,0.028151711127065937,0.027985326945781708,0.03395043619214113,0.05177365988492966,-0.1912268736527416,0.01368421052631579,0.08315789473684211,0.06983654710043041,37.0,0.5297685439827454,0.04500677597763134,experience,tf,2
1,shifted_null_ridge,Z,4878,1900,32,16,-0.004507635207119165,-0.0031543713994324207,-0.0172994755605683,-0.0123225306160748,-0.23827387528691157,0.011052631578947368,0.05105263157894737,0.0570485060828816,41.0,0.48608719483654494,-0.02477751204974955,experience,tf,2
1,time_only_ridge,Z,4878,1900,32,16,0.05642609806091059,0.05306150205433369,0.1375326825634693,0.1512138545513153,0.016323816017425608,0.022105263157894735,0.11368421052631579,0.08937214540982752,30.0,0.5973589810033948,0.15785357324179128,experience,tf,2
1,time_residual_eeg_ridge,Z_time_resid,4878,1900,32,16,0.01987989930603362,0.021822014823555946,0.014377879891460332,0.021699033677577972,-0.20428752397232985,0.01263157894736842,0.07578947368421053,0.06696046132590848,38.0,0.5157155527529275,0.020263657620557783,experience,tf,2
1,time_residual_shifted_null,Z_time_resid,4878,1900,32,16,-0.0011201697179785697,0.0003538244927767664,0.007435962639122552,-0.0029051778838038445,-0.20512808729910725,0.01263157894736842,0.05894736842105263,0.06053738358349082,40.0,0.49953604968153814,-0.0018868508550508624,experience,tf,2
2,real_eeg_ridge,Z,4921,1812,32,16,0.03541011449851794,0.027316355146467686,0.047488750908215735,0.05790991522371769,-0.18819985643132076,0.01434878587196468,0.08167770419426049,0.07056464118960641,34.0,0.536357787426362,0.05536306998878985,experience,tf,2
2,shifted_null_ridge,Z,4921,1812,32,16,-0.0002283254016219871,0.0014516297960653901,-0.014468798334873165,-0.02496183104813099,-0.23501624549917088,0.016556291390728478,0.06622516556291391,0.06495498969053647,40.5,0.48749894401726085,-0.006698743385632935,experience,tf,2
2,time_only_ridge,Z,4921,1812,32,16,0.04555819149936724,0.038200533017516136,0.11539465462419585,0.1434054970741272,0.01021158802002764,0.024282560706401765,0.10485651214128035,0.08783951344017912,30.0,0.5887979889025621,0.12848270921863345,experience,tf,2
2,time_residual_eeg_ridge,Z_time_resid,4921,1812,32,16,0.027889699971638038,0.022865046747028828,0.02789643520366495,0.030688117258250713,-0.19167880368513757,0.017108167770419427,0.0772626931567329,0.07067393839424983,36.0,0.5251099703254658,0.03011059207521501,experience,tf,2
2,time_residual_shifted_null,Z_time_resid,4921,1812,32,16,0.00022673501371173188,0.0071988278068602085,-0.003212555808826734,0.0034328048350289464,-0.2562536968683602,0.012141280353200883,0.06622516556291391,0.06414628863924905,39.0,0.5004872825072295,-0.0005195416440187551,experience,tf,2
3,real_eeg_ridge,Z,4874,1844,32,16,0.01197601702006068,0.016812301706522703,0.03620816266509894,0.05284047871828079,-0.21510424842934972,0.0113882863340564,0.07212581344902386,0.06738865927139774,35.0,0.5353486972912023,0.0473387083133135,experience,tf,2
3,shifted_null_ridge,Z,4874,1844,32,16,-0.0005920789644733304,-0.004108108812943101,0.004149796849258667,-0.0004899674313492142,-0.23189445564299893,0.013557483731019523,0.06453362255965293,0.0639744935536877,41.0,0.49849854275427846,-0.007649270889469388,experience,tf,2
3,time_only_ridge,Z,4874,1844,32,16,0.0522886811340868,0.03460509330034256,0.11437554994811165,0.126551553606987,0.010331829232156697,0.020065075921908895,0.10249457700650759,0.0833203539382456,30.0,0.5823870337536123,0.11707578695093608,experience,tf,2
3,time_residual_eeg_ridge,Z_time_resid,4874,1844,32,16,0.006632076154346578,0.012595309875905514,0.01850249417666399,0.04280763305723667,-0.21727782410846475,0.014642082429501085,0.07212581344902386,0.06669895601166043,36.0,0.5239400983070076,0.02474730147329915,experience,tf,2
3,time_residual_shifted_null,Z_time_resid,4874,1844,32,16,-0.0076831810429212055,-0.004539398476481438,-0.0026343849856092084,-0.009627133142203093,-0.2842168161051115,0.009219088937093275,0.05802603036876356,0.05811290570124564,41.0,0.5002020520491497,-0.00919919144313327,experience,tf,2
1,real_eeg_ridge,Z,4864,1897,32,16,0.029028013136212394,0.025311920791864395,0.034368144642754,0.059633105993270874,-0.20569209439995828,0.01686874011597259,0.07327358987875593,0.07086808225335471,36.0,0.5342248658627782,0.04594293787229289,experience,tf,3
1,shifted_null_ridge,Z,4864,1897,32,16,-0.0005235325215835474,0.005249645560979843,-0.017632889625599862,-0.02217985689640045,-0.24809909519840767,0.0158144438587243,0.05376910911966262,0.061547383948873276,41.0,0.48628243427990686,-0.023812834791777444,experience,tf,3
1,time_only_ridge,Z,4864,1897,32,16,0.056227804292575456,0.0530695877969265,0.13855997434384057,0.15005740523338318,0.01660504782044603,0.02161307327358988,0.11228255139694254,0.08906322710797211,30.0,0.5980742771244855,0.15844111422541293,experience,tf,3
1,time_residual_eeg_ridge,Z_time_resid,4864,1897,32,16,0.02103034130868764,0.018581900745630264,0.014514046431717678,0.02576996386051178,-0.21680134362928083,0.010015814443858724,0.07063784923563521,0.06384272197902183,38.0,0.5196595069119165,0.021160858511496197,experience,tf,3
1,time_residual_shifted_null,Z_time_resid,4864,1897,32,16,0.003479607683402719,0.00044099445221945643,0.017640647945259626,0.017875786870718002,-0.1984269385135231,0.011597258829731154,0.06220347917764892,0.0609536012594476,40.0,0.5079934472037795,0.010024939833902105,experience,tf,3
2,real_eeg_ridge,Z,4910,1806,32,16,0.03784770391212078,0.03352037072181702,0.04520016595938186,0.05790323577821255,-0.18091693640695672,0.01107419712070875,0.07364341085271318,0.06814389134617843,34.0,0.5371354395182775,0.05564663229451607,experience,tf,3
2,shifted_null_ridge,Z,4910,1806,32,16,-0.0026829198052382708,-0.0013392309774644673,-0.021653307587273702,-0.02308933436870575,-0.25968920665368955,0.010520487264673311,0.06090808416389812,0.06025814688712624,41.0,0.4830075224595558,-0.007204805077513715,experience,tf,3
2,time_only_ridge,Z,4910,1806,32,16,0.04588811796929804,0.039455559104681015,0.11275696599460748,0.14241674542427063,0.008896196877373974,0.02159468438538206,0.10575858250276855,0.0867530117933459,29.0,0.588461140573276,0.12661345201878857,experience,tf,3
2,time_residual_eeg_ridge,Z_time_resid,4910,1806,32,16,0.03045415818269248,0.02859236765652895,0.02673195545791864,0.030140217393636703,-0.18433516470887623,0.013842746400885935,0.06755260243632337,0.06719752422334425,36.0,0.5223733805152854,0.03194669890801089,experience,tf,3
2,time_residual_shifted_null,Z_time_resid,4910,1806,32,16,-0.0034512815345806303,-0.0010362915054429322,0.0009903689197974061,0.012094704434275627,-0.2527920487669224,0.01273532668881506,0.06312292358803986,0.06284718639179034,39.0,0.5010192274970855,0.004253817967655671,experience,tf,3
3,real_eeg_ridge,Z,4862,1839,32,16,0.015205805520963622,0.014417264144867659,0.025050101599592995,0.02375943586230278,-0.22810858754538388,0.010875475802066341,0.0636215334420881,0.06458096231419726,37.0,0.5245878617915612,0.0389109956077188,experience,tf,3
3,shifted_null_ridge,Z,4862,1839,32,16,-0.002347850195292267,-0.004216522327624261,-0.0020470168494147248,0.00685684522613883,-0.2591090561794147,0.009787928221859706,0.057640021750951606,0.0588595055776347,40.0,0.4964683718029976,-0.018286705495206015,experience,tf,3
3,time_only_ridge,Z,4862,1839,32,16,0.05200178977975156,0.033009644597768784,0.11399596586926554,0.1208343431353569,0.01017895517107803,0.02011963023382273,0.10386079390973355,0.08430654879327036,31.0,0.5809402845530907,0.1150243367381889,experience,tf,3
3,time_residual_eeg_ridge,Z_time_resid,4862,1839,32,16,0.009817421647312585,0.012014045380055904,0.00616035575333964,-0.0011745104566216469,-0.22931857914461862,0.010331702011963024,0.06199021207177814,0.06201853462807967,39.0,0.511989307756388,0.016315211859875656,experience,tf,3
3,time_residual_shifted_null,Z_time_resid,4862,1839,32,16,-0.009726267158839619,-0.009151776786893606,0.001020398743867116,0.002153065288439393,-0.27894919372813987,0.013594344752582926,0.06307775965198477,0.06300004328123335,40.0,0.5005539902251948,-0.004885649030509366,experience,tf,3
1,real_eeg_ridge,Z,4850,1894,32,16,0.029313314825685666,0.029011089354753494,0.032302101750998215,0.04732914827764034,-0.21594312510606328,0.015311510031678986,0.073389651531151,0.07039037832081074,37.0,0.5323225831225843,0.04472320714268327,experience,tf,4
1,shifted_null_ridge,Z,4850,1894,32,16,-0.00342008503866964,-0.0031189727014862,-0.012259100595017829,-0.014423905871808529,-0.25386041942320214,0.013199577613516367,0.05966209081309398,0.06228034264131946,41.0,0.4895796231913453,-0.02230405591307677,experience,tf,4
1,time_only_ridge,Z,4850,1894,32,16,0.05543349882645998,0.0477218646556139,0.14077489139875934,0.1535884365439415,0.01716954571660334,0.023231256599788808,0.11246040126715945,0.09030101832023668,29.0,0.6021699116964772,0.1600502663418215,experience,tf,4
1,time_residual_eeg_ridge,Z_time_resid,4850,1894,32,16,0.021156411237825523,0.02631558571010828,0.012094185642766455,0.027628067880868912,-0.22552858861220781,0.012143611404435059,0.06863780359028511,0.06536708659102601,38.0,0.5203383192558078,0.019185039226500163,experience,tf,4
1,time_residual_shifted_null,Z_time_resid,4850,1894,32,16,0.00419030238299456,0.005892902379855514,0.013857518011059809,0.01742180809378624,-0.19287461106426496,0.013199577613516367,0.056494192185850056,0.06053296557157294,39.0,0.504934462108191,0.004582266713623132,experience,tf,4
2,real_eeg_ridge,Z,4899,1800,32,16,0.03851163987565087,0.037865327671170235,0.04849772003750016,0.05327029712498188,-0.18435460808957416,0.015,0.08055555555555556,0.07211065595971373,35.0,0.5380818375551139,0.057109945155789786,experience,tf,4
2,shifted_null_ridge,Z,4899,1800,32,16,-0.0033657231124379905,0.00018973919213749468,-0.025643838497769845,-0.039736026898026466,-0.26181617778307276,0.013888888888888888,0.06277777777777778,0.06325969976368831,41.5,0.4819676381205557,-0.01050442951780825,experience,tf,4
2,time_only_ridge,Z,4899,1800,32,16,0.045998621797480155,0.03551215399056673,0.11234143789994075,0.1410626322031021,0.008072324119077767,0.02277777777777778,0.10666666666666667,0.08744175480014449,30.0,0.5879380984521518,0.12509885166110554,experience,tf,4
2,time_residual_eeg_ridge,Z_time_resid,4899,1800,32,16,0.03053139945041039,0.03360369801521301,0.028351918158522393,0.032550571486353874,-0.18833823084428825,0.015,0.07055555555555555,0.06865628510639091,36.0,0.5240731314151643,0.03291980531587933,experience,tf,4
2,time_residual_shifted_null,Z_time_resid,4899,1800,32,16,-0.004870026707067154,-0.00676660006865859,0.012870980312201128,0.013603497762233019,-0.25161465628899005,0.018333333333333333,0.06222222222222222,0.06606974356074381,39.0,0.5057038979139589,0.013207329258886034,experience,tf,4
3,real_eeg_ridge,Z,4850,1834,32,16,0.017955394117052492,0.019986527040600777,0.018673144100892033,0.02601122483611107,-0.25258973078527425,0.014176663031624863,0.064340239912759,0.06686446400470714,37.0,0.5217628585281449,0.0323727245715422,experience,tf,4
3,shifted_null_ridge,Z,4850,1834,32,16,0.00015859539053053595,0.0035010589635930955,0.0011710506389637702,0.004486789461225271,-0.24446076237303127,0.007633587786259542,0.059432933478735,0.05734319344143509,40.0,0.4965682825422856,-0.011938009304794916,experience,tf,4
3,time_only_ridge,Z,4850,1834,32,16,0.05080903003545245,0.031638131476938725,0.11296012514139081,0.12271121516823769,0.010195193860228158,0.019629225736095966,0.10141766630316248,0.08340774925022672,31.0,0.5808552806619611,0.11456539042839081,experience,tf,4
3,time_residual_eeg_ridge,Z_time_resid,4850,1834,32,16,0.012270150225958787,0.018350308761000633,0.001132782522006003,0.007938690017908812,-0.254214977080216,0.014176663031624863,0.06270447110141766,0.0640483074509495,38.0,0.5116417517221222,0.011043922171307542,experience,tf,4
3,time_residual_shifted_null,Z_time_resid,4850,1834,32,16,-0.011857996655635361,-0.010905781760811806,-0.003411258559265492,-0.007599488599225879,-0.27826913623303384,0.010359869138495093,0.06924754634678298,0.06093212900461434,40.0,0.4956180626709686,-0.008608966765302062,experience,tf,4
1,real_eeg_ridge,Z,4836,1891,32,16,0.027844965050462633,0.026964246295392513,0.01675700236477624,0.0240595955401659,-0.22575135953202263,0.014806980433632998,0.07667900581702802,0.06795403428040386,38.0,0.519770380103155,0.028047712975999315,experience,tf,5
1,shifted_null_ridge,Z,4836,1891,32,16,-0.003481690912394697,0.0008641416643513367,-0.022475520368437182,-0.037282101809978485,-0.2652675068933952,0.011634056054997356,0.0597567424643046,0.060367687876655425,42.0,0.4837301318152754,-0.033066366104285067,experience,tf,5
1,time_only_ridge,Z,4836,1891,32,16,0.05484466516645625,0.05184431001543999,0.14000727358447448,0.15793028473854065,0.0167838437192801,0.022739291380222106,0.11422527763088314,0.09118595490823517,29.0,0.6029976589084552,0.158800432129898,experience,tf,5
1,time_residual_eeg_ridge,Z_time_resid,4836,1891,32,16,0.01993544926517643,0.024599116295576096,-0.0033272877894692855,0.0028948308899998665,-0.23442552676329265,0.013749338974087784,0.06874669487043893,0.06412148183226181,39.0,0.5069698023512734,0.001919576837884363,experience,tf,5
1,time_residual_shifted_null,Z_time_resid,4836,1891,32,16,0.005981507339072323,0.004619238781742752,0.015108198865250106,0.009867819026112556,-0.1869286568053421,0.01269169751454257,0.060285563194077206,0.061319474807979814,39.0,0.5079099117373957,0.0047198528899441185,experience,tf,5
2,real_eeg_ridge,Z,4888,1794,32,16,0.03972517346483073,0.030455440282821655,0.05862826268675861,0.0727228969335556,-0.17743459366901626,0.021181716833890748,0.08918617614269789,0.07855662116377952,35.0,0.5430718983295728,0.06293756259918108,experience,tf,5
2,shifted_null_ridge,Z,4888,1794,32,16,-0.003005495593242813,-0.015130394604057074,-0.02346413511110982,-0.032001323997974396,-0.2543511008292938,0.014492753623188406,0.06465997770345597,0.06317903067435306,41.0,0.4813750541296212,-0.008938370812269685,experience,tf,5
2,time_only_ridge,Z,4888,1794,32,16,0.04579401978025999,0.03302691411226988,0.11113814161489038,0.14113542437553406,0.007424443104044887,0.023968784838350056,0.10535117056856187,0.08831555488934986,30.0,0.588444850586506,0.12294413369051087,experience,tf,5
2,time_residual_eeg_ridge,Z_time_resid,4888,1794,32,16,0.03153941022719664,0.02754292730242014,0.03435678035640542,0.04547433741390705,-0.18143930352964577,0.017837235228539576,0.07971014492753623,0.07310060554212443,36.0,0.5259390604650556,0.0355234215976405,experience,tf,5
2,time_residual_shifted_null,Z_time_resid,4888,1794,32,16,-0.008460796962026507,-0.014936178456991911,0.019488112903992414,0.037144673988223076,-0.23290987162798849,0.008361204013377926,0.057971014492753624,0.05980530244256018,38.0,0.5101230637043833,0.01087889487113957,experience,tf,5
3,real_eeg_ridge,Z,4838,1829,32,16,0.018083086688420735,0.017963111400604248,0.021612855092637107,0.02996828220784664,-0.26513944396889366,0.015855658829961726,0.06943685073810825,0.06805922523150693,36.0,0.5238423106015682,0.030483417769349614,experience,tf,5
3,shifted_null_ridge,Z,4838,1829,32,16,-0.004045469984703232,-0.005550348083488643,0.008826521867387808,0.013924977742135525,-0.24984970538804863,0.009841443411700382,0.056314926189174414,0.059137472232594565,40.0,0.49758070778757324,-3.146332612416943e-06,experience,tf,5
3,time_only_ridge,Z,4838,1829,32,16,0.050421110485331155,0.032573508098721504,0.11169179247581731,0.12370694428682327,0.009807424453170621,0.02241662110442865,0.09786768726079825,0.08399797343006271,31.0,0.5794293322182597,0.11099841525288902,experience,tf,5
3,time_residual_eeg_ridge,Z_time_resid,4838,1829,32,16,0.012685996538493782,0.016500089783221483,0.0043295365005781294,0.01831408031284809,-0.2638490850160373,0.014215418261344996,0.06396938217605248,0.06462244389443006,38.0,0.511717317352034,0.0115244237668233,experience,tf,5
3,time_residual_shifted_null,Z_time_resid,4838,1829,32,16,-0.011731201159250304,-0.013248196803033352,-0.008007073575972775,-0.0030554579570889473,-0.26903028567190335,0.010934937124111536,0.06068890103881903,0.06094324919889667,40.0,0.4915941465830636,-0.017433131898551953,experience,tf,5
1,real_eeg_ridge,Z,4822,1888,32,16,0.027974356373306364,0.03106607124209404,0.020818159794821517,0.024378560483455658,-0.2086497950870665,0.010063559322033898,0.0704449152542373,0.06404142041492317,38.0,0.5190177762705276,0.031857817349440896,experience,tf,6
1,shifted_null_ridge,Z,4822,1888,32,16,-0.0026559948310023174,0.003186036949045956,-0.013894031272794347,-0.03615419194102287,-0.25954859815051967,0.01059322033898305,0.055614406779661014,0.05754067924950358,41.0,0.48933682731477346,-0.02284174969956816,experience,tf,6
1,time_only_ridge,Z,4822,1888,32,16,0.05540366880930492,0.03973248042166233,0.1366803391742135,0.15337983518838882,0.0163549425076136,0.023305084745762712,0.10805084745762712,0.0910610307430405,30.0,0.6018388808405025,0.15670111268441347,experience,tf,6
1,time_residual_eeg_ridge,Z_time_resid,4822,1888,32,16,0.019539166692993604,0.022663013078272343,0.0047741725088483586,0.011237230151891708,-0.2153233237547474,0.011122881355932203,0.0704449152542373,0.06281816082969312,39.0,0.5106371456096974,0.009677638736276998,experience,tf,6
1,time_residual_shifted_null,Z_time_resid,4822,1888,32,16,0.00913332861091476,0.010968289338052273,0.011115644246335975,0.02300410997122526,-0.18590155946699816,0.019067796610169493,0.0725635593220339,0.06752903973564664,40.0,0.5043212716527751,0.00028520712567602774,experience,tf,6
2,real_eeg_ridge,Z,4877,1788,32,16,0.04297921342367772,0.03602710925042629,0.06589055891333395,0.06769004836678505,-0.15969185310345946,0.018456375838926176,0.09172259507829977,0.07941085073096911,34.0,0.5468058951391749,0.06431094624569199,experience,tf,6
2,shifted_null_ridge,Z,4877,1788,32,16,0.0018023487864411436,-0.0040549993282184005,-0.014035314262398754,-0.019926895387470722,-0.24534727814121182,0.012863534675615212,0.07158836689038031,0.06376274697365608,40.0,0.4916550062378833,-0.003121620600216223,experience,tf,6
2,time_only_ridge,Z,4877,1788,32,16,0.04583578985693748,0.02787371352314949,0.10896630665922581,0.13971679657697678,0.006552500781032422,0.024608501118568233,0.10514541387024609,0.08893063551168337,30.0,0.5878495905744482,0.11991705140084087,experience,tf,6
2,time_residual_eeg_ridge,Z_time_resid,4877,1788,32,16,0.03418726974632591,0.029630394652485847,0.04158512726500349,0.04445195198059082,-0.1635427207176079,0.017337807606263984,0.08333333333333333,0.07367703059783863,36.0,0.5293872605248293,0.03757405367808056,experience,tf,6
2,time_residual_shifted_null,Z_time_resid,4877,1788,32,16,-0.0018599256109155249,-0.005874652415513992,0.03551626287879145,0.051887355744838715,-0.20847590377584124,0.017897091722595078,0.07550335570469799,0.06977218484655576,36.0,0.523111675644032,0.025001744138062127,experience,tf,6
3,real_eeg_ridge,Z,4826,1824,32,16,0.01707711750350427,0.02137949224561453,0.036201168025878645,0.05382241867482662,-0.26501686669909064,0.01918859649122807,0.07236842105263158,0.07144656846303955,35.0,0.532703826436422,0.042699296788506196,experience,tf,6
3,shifted_null_ridge,Z,4826,1824,32,16,-0.002820310488459654,0.0028298142133280635,0.014640014735553115,0.02493745367974043,-0.24750290670762842,0.00932017543859649,0.06304824561403509,0.060902913366194626,39.0,0.506677750660089,0.008582725057097451,experience,tf,6
3,time_only_ridge,Z,4826,1824,32,16,0.05074194658845954,0.03286669123917818,0.1092601012436609,0.1176488921046257,0.009106112102200581,0.021929824561403508,0.10307017543859649,0.08382572812031074,31.0,0.5772627958170825,0.10827308860885658,experience,tf,6
3,time_residual_eeg_ridge,Z_time_resid,4826,1824,32,16,0.01162564718106296,0.016165648587048054,0.02021908912396803,0.035539157688617706,-0.2599316862080192,0.013157894736842105,0.06962719298245613,0.06648968164172138,37.0,0.52220011315226,0.02594255553335433,experience,tf,6
3,time_residual_shifted_null,Z_time_resid,4826,1824,32,16,-0.009369059622258646,-0.017444200813770294,-0.006941960586581237,-0.01631201896816492,-0.26209895806217753,0.013157894736842105,0.06030701754385965,0.06366859890328094,40.0,0.49375160334962365,-0.011248828502566111,experience,tf,6
1,real_eeg_ridge,Z,4801,1827,32,16,0.036209451009199256,0.032318769954144955,0.03269993673698084,0.0347675085067749,-0.18575984915536115,0.012588943623426382,0.07443897099069513,0.06801513729890181,36.0,0.5285788851446342,0.041034828845529205,experience,tf,7
1,shifted_null_ridge,Z,4801,1827,32,16,-0.016877618360922497,-0.023567432537674904,-0.016750593261609777,-0.010819747112691402,-0.2799753928168245,0.013136288998357963,0.05856595511767926,0.06032913875365512,39.0,0.4919463737846653,-0.023981038696232294,experience,tf,7
1,time_only_ridge,Z,4801,1827,32,16,0.048769482964416966,0.038018032908439636,0.13830044486011112,0.1580248326063156,0.01666233900396752,0.022988505747126436,0.120415982484948,0.09438475846313751,29.0,0.6036294252787081,0.1578343000782416,experience,tf,7
1,time_residual_eeg_ridge,Z_time_resid,4801,1827,32,16,0.027554962685826467,0.019615905359387398,0.018211255549636967,0.019092626869678497,-0.19085046792930105,0.013136288998357963,0.06841817186644773,0.06644123122462804,37.0,0.5152443756071284,0.02094061458258004,experience,tf,7
1,time_residual_shifted_null,Z_time_resid,4801,1827,32,16,0.01667635271405743,0.017140234354883432,0.030810887395149658,0.0459546335041523,-0.18861321393992103,0.014778325123152709,0.07443897099069513,0.06937233433640097,36.0,0.5276124113119977,0.0250189016515756,experience,tf,7
2,real_eeg_ridge,Z,4955,1718,32,16,0.035161025884463015,0.032228678464889526,0.052999183867451435,0.051300255581736565,-0.20837201059429789,0.023282887077997673,0.08963911525029103,0.08156929124781451,34.0,0.5367151492079807,0.04970646963128353,experience,tf,7
2,shifted_null_ridge,Z,4955,1718,32,16,0.007338108520343667,0.005768724484369159,-0.008531661878678553,-0.01481469813734293,-0.2709861431711871,0.017462165308498253,0.07566938300349244,0.06949350099527545,39.0,0.49148549336301217,-0.01209141472138426,experience,tf,7
2,time_only_ridge,Z,4955,1718,32,16,0.038131919884108356,0.020832102745771408,0.11226611750046604,0.1485881432890892,0.002080531657906448,0.02852153667054715,0.11117578579743888,0.0947480630106841,28.0,0.5879954958969418,0.11958259306899958,experience,tf,7
2,time_residual_eeg_ridge,Z_time_resid,4955,1718,32,16,0.026236356738081668,0.026678933762013912,0.03604141410374613,0.04769770801067352,-0.20669012080801874,0.013969732246798603,0.08556461001164144,0.07316073590271255,34.0,0.5273406792897488,0.029483001930887726,experience,tf,7
2,time_residual_shifted_null,Z_time_resid,4955,1718,32,16,0.002366348065152124,-0.0003051923558814451,0.029025948597834167,0.015079335309565067,-0.1886350481071455,0.018044237485448197,0.08032596041909197,0.07434890146309756,37.0,0.5138706200326325,0.026955718573587317,experience,tf,7
3,real_eeg_ridge,Z,4804,1794,32,16,0.020810034806345357,0.02110873069614172,0.03273272511283628,0.04194699600338936,-0.18189286319215836,0.016164994425863992,0.07915273132664437,0.0727210927406115,36.0,0.532919685569261,0.037984487621515434,experience,tf,7
3,shifted_null_ridge,Z,4804,1794,32,16,-0.0007915884816611651,0.0032261749147437513,0.00926674149387948,0.01981892343610525,-0.23178865740229337,0.00947603121516165,0.06020066889632107,0.06094708252625253,40.0,0.4981222735829129,0.004380774600225933,experience,tf,7
3,time_only_ridge,Z,4804,1794,32,16,0.05099697622063104,0.029215584509074688,0.12687283865606827,0.13525551557540894,0.014805507073474278,0.02564102564102564,0.10925306577480491,0.09270555955073664,29.0,0.5926020605261463,0.12994490411619367,experience,tf,7
3,time_residual_eeg_ridge,Z_time_resid,4804,1794,32,16,0.01095749924206757,0.01785140670835972,0.014226111038136667,0.013650366105139256,-0.1849637401491362,0.015050167224080268,0.06911928651059086,0.06818666736928183,38.0,0.5165085340992002,0.016870702842353758,experience,tf,7
3,time_residual_shifted_null,Z_time_resid,4804,1794,32,16,-4.8411107854917645e-05,0.005652638268657029,-0.01200462177310099,-0.018494252115488052,-0.21391816835141686,0.015050167224080268,0.06521739130434782,0.06545532358191253,40.0,0.4914681410323076,-0.016590122905797873,experience,tf,7
1,real_eeg_ridge,Z,4788,1824,32,16,0.03568299664220831,0.025303355418145657,0.029132704605125695,0.02404837217181921,-0.18560887307865714,0.015350877192982455,0.07894736842105263,0.06981694156605729,36.0,0.5264937635434844,0.037579425828597114,experience,tf,8
1,shifted_null_ridge,Z,4788,1824,32,16,-0.013020602043980034,-0.005415545776486397,-0.018471242140120473,-0.020782185718417168,-0.2905795130767257,0.00932017543859649,0.05537280701754386,0.05916479059554069,39.0,0.4937275785278466,-0.02433271995899004,experience,tf,8
1,time_only_ridge,Z,4788,1824,32,16,0.04931356631277595,0.038607282564044,0.13771463538355339,0.14795104414224625,0.016536887965197367,0.023574561403508772,0.11513157894736842,0.09351071662175987,29.0,0.601303662133024,0.15734360539767486,experience,tf,8
1,time_residual_eeg_ridge,Z_time_resid,4788,1824,32,16,0.027099011718746624,0.016704268753528595,0.013015653860115231,0.017357906326651573,-0.19103372351128955,0.01206140350877193,0.07182017543859649,0.06477757000912338,38.0,0.5099323265417404,0.014882134489154401,experience,tf,8
1,time_residual_shifted_null,Z_time_resid,4788,1824,32,16,0.015558505265289568,0.0171458232216537,0.03424147495923279,0.03998006135225296,-0.17895932157838024,0.015899122807017545,0.07785087719298246,0.07139673553703967,35.0,0.5298340058857633,0.02950158482957907,experience,tf,8
2,real_eeg_ridge,Z,4945,1712,32,16,0.03351828733866569,0.029933786019682884,0.046781284180902966,0.049197716638445854,-0.22147017368923994,0.02219626168224299,0.0905373831775701,0.0803097425379892,34.0,0.5340806311030535,0.04275945422824166,experience,tf,8
2,shifted_null_ridge,Z,4945,1712,32,16,0.004721310655440902,-0.005000456469133496,-0.007044137962290062,-0.005565919214859605,-0.2612393660046006,0.016355140186915886,0.06775700934579439,0.06576285954638646,40.0,0.4885230241077507,-0.015429708298278331,experience,tf,8
2,time_only_ridge,Z,4945,1712,32,16,0.03793735357612604,0.023543212562799454,0.10991306624735138,0.14374887943267822,0.000989131335969673,0.028037383177570093,0.11273364485981309,0.09502008161776414,28.0,0.5839928835668723,0.1195603494531187,experience,tf,8
2,time_residual_eeg_ridge,Z_time_resid,4945,1712,32,16,0.024840588273946196,0.023322979919612408,0.028022605359225718,0.026531153358519077,-0.22091885302917635,0.018107476635514017,0.07885514018691589,0.07437062100650911,36.0,0.518635325396712,0.020048491567711744,experience,tf,8
2,time_residual_shifted_null,Z_time_resid,4945,1712,32,16,0.005620686584734358,0.002688858425244689,0.033164881594079515,0.021162698976695538,-0.19217771541306017,0.014602803738317757,0.07827102803738317,0.07018001289231836,35.5,0.5161029083691756,0.027144998357306407,experience,tf,8
3,real_eeg_ridge,Z,4793,1789,32,16,0.022744386522390414,0.015687409788370132,0.038570059372941695,0.05084758251905441,-0.18670443392203429,0.017887087758524316,0.08719955282280603,0.07542214966161336,36.0,0.5342274941442766,0.03949083209480824,experience,tf,8
3,shifted_null_ridge,Z,4793,1789,32,16,0.002014324942138046,0.007031103246845305,0.01637252541063062,0.028661269694566727,-0.23686568070277292,0.015651201788708775,0.05925097820011179,0.06343005880010892,38.0,0.5022552991785353,0.004234619616144804,experience,tf,8
3,time_only_ridge,Z,4793,1789,32,16,0.05111980749643408,0.02542722411453724,0.12538788000650364,0.1337203085422516,0.015071965498337114,0.026830631637786474,0.10899944102850755,0.09246915889488265,30.0,0.5905925182245957,0.13142833276585608,experience,tf,8
3,time_residual_eeg_ridge,Z_time_resid,4793,1789,32,16,0.013538393002818339,0.012004945427179337,0.018377239402084425,0.025715654715895653,-0.18815845486588634,0.013415315818893237,0.0737842370039128,0.06947743353401746,38.0,0.5205388032273521,0.016508592155297163,experience,tf,8
3,time_residual_shifted_null,Z_time_resid,4793,1789,32,16,0.0016973992396742688,0.0038059839280322194,-0.005907114635568759,-0.004340183921158314,-0.2207752276697752,0.010061486864169928,0.07154835103409726,0.06330294068658651,40.0,0.4970049298726137,-0.003615258202158432,experience,tf,8
1,real_eeg_ridge,Z,3617,1046,32,16,0.06120336393769321,0.04848616011440754,0.07495592369338892,0.07308894768357277,-0.2368021722844198,0.0248565965583174,0.121414913957935,0.0975686741005968,26.0,0.5621794288142281,0.070830822630963,xp2,tf,-8
1,shifted_null_ridge,Z,3617,1046,32,16,0.012987751779292012,0.01502492930740118,0.018998941120132447,0.021510017104446888,-0.2869024143142249,0.014340344168260038,0.0869980879541109,0.07778857145496507,30.0,0.5118516495189535,0.017760256788882565,xp2,tf,-8
1,time_only_ridge,Z,3617,1046,32,16,0.01613769607138238,0.010104539105668664,0.04299268758302398,0.056586431339383125,-0.0008068349159127131,0.0248565965583174,0.0965583173996176,0.08885794928922414,29.0,0.5280509271905066,0.03756581990729901,xp2,tf,-8
1,time_residual_eeg_ridge,Z_time_resid,3617,1046,32,16,0.05839259346248582,0.049350716173648834,0.0708346073892171,0.0766705870628357,-0.23095541449966528,0.019120458891013385,0.124282982791587,0.09309273430433974,26.0,0.5584312118728946,0.06565184002408342,xp2,tf,-8
1,time_residual_shifted_null,Z_time_resid,3617,1046,32,16,0.006493576172942994,0.004086340544745326,0.022192179999808624,0.03202647343277931,-0.2711044829099125,0.021032504780114723,0.09273422562141491,0.08528848452876608,30.0,0.5213967039970865,0.02280194350278964,xp2,tf,-8
2,real_eeg_ridge,Z,3767,941,32,16,0.04775718692690134,0.041550032794475555,0.04515015156394663,0.04096794128417969,-0.2601998461192958,0.020191285866099893,0.11583421891604676,0.09643563987153445,25.0,0.5412555032640048,0.044961096740783024,xp2,tf,-8
2,shifted_null_ridge,Z,3767,941,32,16,-0.0023854407481849194,-0.007781034801155329,0.005416980110019221,0.008726678788661957,-0.314240363896493,0.021253985122210415,0.09351753453772582,0.08415755107132758,29.0,0.49720830592243986,0.0021018021570910284,xp2,tf,-8
2,time_only_ridge,Z,3767,941,32,16,0.014308890429674648,0.0071783063467592,0.06863447263134534,0.06592706590890884,0.0040246917338354615,0.01700318809776833,0.08820403825717323,0.08687942287597698,25.0,0.5401548504630334,0.06689253447548195,xp2,tf,-8
2,time_residual_eeg_ridge,Z_time_resid,3767,941,32,16,0.04659060263657011,0.043255604803562164,0.04529511337380659,0.055076442658901215,-0.25639036322757236,0.021253985122210415,0.10414452709883103,0.09332956300943489,25.0,0.540112679857632,0.041640237882736554,xp2,tf,-8
2,time_residual_shifted_null,Z_time_resid,3767,941,32,16,0.011774672031606315,0.010755462106317282,0.001369123768598815,0.007564177270978689,-0.2770283374522018,0.018065887353878853,0.08076514346439957,0.0823956983907384,27.0,0.5049170925897813,0.005648817851612047,xp2,tf,-8
3,real_eeg_ridge,Z,3668,1025,32,16,0.06116623114280628,0.05520416796207428,0.05364178285004128,0.053839705884456635,-0.2564439831700047,0.03609756097560975,0.1151219512195122,0.10333565176690815,27.0,0.5528532713898567,0.056383255055085554,xp2,tf,-8
3,shifted_null_ridge,Z,3668,1025,32,16,0.006186929789691931,0.005521739134564996,0.004319405440573308,0.0028321919962763786,-0.33556921911194904,0.0175609756097561,0.08195121951219513,0.07752905937230505,32.0,0.49317073170731707,-0.00906922537569193,xp2,tf,-8
3,time_only_ridge,Z,3668,1025,32,16,0.003161696693041449,-0.00181142157089198,0.06127265706967503,0.07099662721157074,0.00020359196148334036,0.021463414634146343,0.09170731707317073,0.08829335287313861,27.0,0.5349283778552071,0.039220443895499356,xp2,tf,-8
3,time_residual_eeg_ridge,Z_time_resid,3668,1025,32,16,0.06031044138217112,0.056608863174915314,0.05420079426715014,0.04539817199110985,-0.24984848810183413,0.03024390243902439,0.10439024390243902,0.09517645296265013,28.0,0.5397057684862564,0.04347230154859256,xp2,tf,-8
3,time_residual_shifted_null,Z_time_resid,3668,1025,32,16,-0.004009206182672642,0.0033654747530817986,0.014933714019475368,0.010043619200587273,-0.3320640476931409,0.023414634146341463,0.08878048780487804,0.08689086696120181,29.0,0.5143244289585752,0.007881990631801583,xp2,tf,-8
1,real_eeg_ridge,Z,3632,1048,32,16,0.0594756092687021,0.054391056299209595,0.06769727916105847,0.07037223130464554,-0.24502311195112791,0.020038167938931296,0.11259541984732824,0.09260188794639067,26.0,0.5588542150986675,0.061716704818333225,xp2,tf,-7
1,shifted_null_ridge,Z,3632,1048,32,16,0.019105156447039917,0.020030932500958443,0.02239463460409752,0.01845898013561964,-0.29088240551587186,0.025763358778625955,0.08778625954198473,0.08548424757534544,30.0,0.5130893205853263,0.02112945651483307,xp2,tf,-7
1,time_only_ridge,Z,3632,1048,32,16,0.015266712298398488,0.010993892792612314,0.04190859675670344,0.05787438340485096,-0.001224315437663659,0.02480916030534351,0.0982824427480916,0.08966178187043496,29.0,0.5275879243347733,0.03586014293761667,xp2,tf,-7
1,time_residual_eeg_ridge,Z_time_resid,3632,1048,32,16,0.05707578096189536,0.056256674230098724,0.06486163938170093,0.08012396842241287,-0.23637807329849814,0.019083969465648856,0.11641221374045801,0.09087574829361496,26.0,0.5509863925450647,0.057450824405959736,xp2,tf,-7
1,time_residual_shifted_null,Z_time_resid,3632,1048,32,16,0.008535174323696992,-0.0013216416409704834,0.023890209234188994,0.03949052840471268,-0.2722217743527646,0.015267175572519083,0.09923664122137404,0.07947625104975813,30.0,0.5211846854843483,0.02178365697918779,xp2,tf,-7
2,real_eeg_ridge,Z,3777,948,32,16,0.04715706878414494,0.04142274148762226,0.043587221844155706,0.0621191430836916,-0.2561412721637335,0.022151898734177215,0.12025316455696203,0.0964609733867313,24.5,0.5458356501924356,0.0456127057931826,xp2,tf,-7
2,shifted_null_ridge,Z,3777,948,32,16,0.00037821114619873697,0.003590931883081794,0.0066522410704817165,0.011829089373350143,-0.31749369434734986,0.015822784810126583,0.0759493670886076,0.07527381661252362,27.5,0.4989268464393575,-0.0005453033305658254,xp2,tf,-7
2,time_only_ridge,Z,3777,948,32,16,0.014723845060871099,0.00880546891130507,0.06807063751876598,0.06591576710343361,0.003368295554272316,0.014767932489451477,0.08649789029535865,0.08507698372323937,25.0,0.5407482948695784,0.06502254777228157,xp2,tf,-7
2,time_residual_eeg_ridge,Z_time_resid,3777,948,32,16,0.04614679245787556,0.043492360040545464,0.049232708736232436,0.06545553728938103,-0.25119949685689713,0.022151898734177215,0.11075949367088607,0.09439692730513294,25.0,0.5427809006702148,0.04582476254990084,xp2,tf,-7
2,time_residual_shifted_null,Z_time_resid,3777,948,32,16,0.005011812727389042,0.005586150102317333,-0.001263865662315263,-0.003870138549245894,-0.268569032651891,0.016877637130801686,0.08544303797468354,0.08068759079723088,29.0,0.49839922558497773,0.0019542850190784294,xp2,tf,-7
3,real_eeg_ridge,Z,3682,1028,32,16,0.05638768582139164,0.05164606682956219,0.05727216181846278,0.06785886362195015,-0.246268084022212,0.027237354085603113,0.122568093385214,0.09946714005769412,27.0,0.5551354255091474,0.06016120043897394,xp2,tf,-7
3,shifted_null_ridge,Z,3682,1028,32,16,0.005892119763302617,0.007717685308307409,0.011768382898473845,0.004992032656446099,-0.3278740792356185,0.016536964980544747,0.07490272373540856,0.07563092404584389,31.0,0.49639765416618187,-0.002596500779325373,xp2,tf,-7
3,time_only_ridge,Z,3682,1028,32,16,0.0038788583551649936,0.0033980392618104815,0.06261959223492082,0.07202368974685669,0.0003389906815932653,0.021400778210116732,0.08657587548638132,0.08653719879451233,27.0,0.5343314474162361,0.038984236050083554,xp2,tf,-7
3,time_residual_eeg_ridge,Z_time_resid,3682,1028,32,16,0.05558088221005164,0.04838995262980461,0.061069477130278424,0.06853663921356201,-0.23829635035404495,0.019455252918287938,0.10408560311284047,0.09058477895635508,27.0,0.5439994656807614,0.051067144074205206,xp2,tf,-7
3,time_residual_shifted_null,Z_time_resid,3682,1028,32,16,-0.009729697703733109,-0.0057532270438969135,0.009450344130435799,0.0017782633658498526,-0.3450841203420201,0.017509727626459144,0.09533073929961089,0.08317314054068833,29.0,0.5074995008711414,0.003472255386115557,xp2,tf,-7
1,real_eeg_ridge,Z,3647,1050,32,16,0.05756249947080505,0.04894792102277279,0.05718656856915914,0.0604911744594574,-0.24601856295839575,0.029523809523809525,0.11238095238095239,0.0977876354026903,27.5,0.5443578643578643,0.05175395430352147,xp2,tf,-6
1,shifted_null_ridge,Z,3647,1050,32,16,0.019065333578055288,0.01577491732314229,0.020646990359472553,0.016404795460402966,-0.2902038356375043,0.017142857142857144,0.08190476190476191,0.07922078532158665,31.0,0.5133319590462447,0.020371822069053278,xp2,tf,-6
1,time_only_ridge,Z,3647,1050,32,16,0.014496009663844234,0.015832525677978992,0.04263526561240377,0.055047666653990746,-0.0014110693751276937,0.023809523809523808,0.0980952380952381,0.08857508402754924,30.0,0.5257826564969422,0.03460331881259189,xp2,tf,-6
1,time_residual_eeg_ridge,Z_time_resid,3647,1050,32,16,0.055314072960754856,0.050960857421159744,0.05766076025173312,0.061141639947891235,-0.23606130317616758,0.02857142857142857,0.10857142857142857,0.09798876516525103,28.0,0.5405222290936577,0.0496991012124477,xp2,tf,-6
1,time_residual_shifted_null,Z_time_resid,3647,1050,32,16,0.009490001084486721,0.005781224695965648,0.01843310766918529,0.03060030657798052,-0.2818033177784016,0.010476190476190476,0.08095238095238096,0.07432263783737669,30.0,0.5123572459286745,0.017188526980628487,xp2,tf,-6
2,real_eeg_ridge,Z,3787,955,32,16,0.04166455192716967,0.029406903311610222,0.03243836638141614,0.046945720911026,-0.26086281919615195,0.018848167539267015,0.1068062827225131,0.08917775126086075,25.0,0.5339755067503759,0.036270893027146284,xp2,tf,-6
2,shifted_null_ridge,Z,3787,955,32,16,0.002803347091685282,0.003614927874878049,0.012415737098056082,0.02556915208697319,-0.30170864240108397,0.012565445026178011,0.08691099476439791,0.07903024015189546,27.0,0.5055230691356346,0.0046804233206077205,xp2,tf,-6
2,time_only_ridge,Z,3787,955,32,16,0.014874956370476866,0.0008369067800231278,0.06831373943808518,0.06616823375225067,0.0035188186607605365,0.01780104712041885,0.08795811518324607,0.08766965258863295,26.0,0.5413533238140568,0.06441674779687415,xp2,tf,-6
2,time_residual_eeg_ridge,Z_time_resid,3787,955,32,16,0.04064513555931626,0.03763969801366329,0.04148539236398702,0.060412853956222534,-0.2552743617395874,0.02198952879581152,0.09738219895287958,0.09001084140236269,26.0,0.5402344310721273,0.0385474861730121,xp2,tf,-6
2,time_residual_shifted_null,Z_time_resid,3787,955,32,16,0.005951208571786992,0.009450466837733984,0.004036293140733224,0.007740501780062914,-0.2644268052877241,0.015706806282722512,0.08586387434554973,0.08124761983860132,27.0,0.5067556643472874,0.005038230162824688,xp2,tf,-6
3,real_eeg_ridge,Z,3696,1031,32,16,0.05689236101170536,0.048502733930945396,0.05899357235806752,0.04411085695028305,-0.2277492166532724,0.028128031037827354,0.12609117361784675,0.10089871394307534,27.0,0.553421145079729,0.058497242762113606,xp2,tf,-6
3,shifted_null_ridge,Z,3696,1031,32,16,0.004539656565611949,0.006626524846069515,0.0018888273473763992,0.008533250540494919,-0.33678024897282777,0.020368574199806012,0.08147429679922405,0.07921634072514007,31.0,0.49243159039473294,-0.011142955644138903,xp2,tf,-6
3,time_only_ridge,Z,3696,1031,32,16,0.003665689300532904,0.0002941745588032063,0.05997123769120874,0.07160349935293198,0.0002056482409236171,0.023278370514064017,0.08729388942774007,0.08771510339849437,28.0,0.5354746019149511,0.03764025007835209,xp2,tf,-6
3,time_residual_eeg_ridge,Z_time_resid,3696,1031,32,16,0.05592415188220912,0.04484652914106846,0.06063759776737196,0.06279599666595459,-0.21961561943551744,0.027158098933074686,0.10281280310378274,0.09558068930382986,28.0,0.5425846381229504,0.050481926626742835,xp2,tf,-6
3,time_residual_shifted_null,Z_time_resid,3696,1031,32,16,-0.013594885842394433,-0.007850389229133725,0.003336163294656522,0.006697395350784063,-0.3390590870961594,0.014548981571290009,0.07856450048496605,0.07493707072687437,30.0,0.49871165584065674,0.00010177991523903689,xp2,tf,-6
1,real_eeg_ridge,Z,3662,1052,32,16,0.05684316675251466,0.04742923192679882,0.059803425021029824,0.06560928747057915,-0.2450897740237885,0.02091254752851711,0.1150190114068441,0.09200035847170926,27.0,0.5444112499245579,0.05194616030145627,xp2,tf,-5
1,shifted_null_ridge,Z,3662,1052,32,16,0.017549944343045354,0.013204963877797127,0.019634210937082133,0.012387986294925213,-0.28342158891181857,0.015209125475285171,0.10266159695817491,0.08234158264857641,30.0,0.5168990283058724,0.020408802450249557,xp2,tf,-5
1,time_only_ridge,Z,3662,1052,32,16,0.015311017581552733,0.015220670029520988,0.04184089296456681,0.05280526354908943,-0.0015271182311979992,0.024714828897338403,0.0979087452471483,0.08833493540502155,30.0,0.5239000543183052,0.03316931176680672,xp2,tf,-5
1,time_residual_eeg_ridge,Z_time_resid,3662,1052,32,16,0.055326770365354605,0.05137900821864605,0.0590253661174421,0.07457498833537102,-0.235513169734076,0.019011406844106463,0.1188212927756654,0.0913986181373103,27.0,0.5431317520671133,0.050347294105539606,xp2,tf,-5
1,time_residual_shifted_null,Z_time_resid,3662,1052,32,16,0.012442564900993602,0.010707160457968712,0.020791770682395516,0.015594555530697107,-0.27298694803463364,0.019961977186311788,0.08555133079847908,0.08327894994211103,30.0,0.5226446979298691,0.02344363193033053,xp2,tf,-5
2,real_eeg_ridge,Z,3797,962,32,16,0.035945460329458,0.031721231527626514,0.026616929463366686,0.028568323701620102,-0.2556821323477647,0.02286902286902287,0.10291060291060292,0.09168096468991574,27.0,0.5289113289113289,0.03146470442681033,xp2,tf,-5
2,shifted_null_ridge,Z,3797,962,32,16,0.0030918293068680214,0.007385348668321967,0.008636701898189483,0.014226282015442848,-0.2797711163396259,0.02182952182952183,0.079002079002079,0.08099883383815656,28.0,0.5003234003234004,0.0016144447867151807,xp2,tf,-5
2,time_only_ridge,Z,3797,962,32,16,0.014331818618757097,0.003759693936444819,0.06891372386092214,0.06027420051395893,0.003114608918401429,0.02286902286902287,0.0893970893970894,0.0909806274680934,26.0,0.5396594396594397,0.06332505956585634,xp2,tf,-5
2,time_residual_eeg_ridge,Z_time_resid,3797,962,32,16,0.03494216676335782,0.04066956043243408,0.036132229442240836,0.030143710784614086,-0.25121859544620917,0.02598752598752599,0.10083160083160084,0.09092253745002551,26.0,0.5329406329406329,0.033438693991343894,xp2,tf,-5
2,time_residual_shifted_null,Z_time_resid,3797,962,32,16,0.006912002572789788,0.010099679697304964,0.008312343726543445,0.0184163935482502,-0.25795787474236476,0.018711018711018712,0.09875259875259876,0.08487702956468313,28.0,0.511121011121011,0.010629228901479488,xp2,tf,-5
3,real_eeg_ridge,Z,3710,1034,32,16,0.058387385000969516,0.047644587233662605,0.06122643091131319,0.04531608149409294,-0.21537877670465466,0.025145067698259187,0.1218568665377176,0.09722970558485967,27.0,0.5556476620306409,0.05999807072767965,xp2,tf,-5
3,shifted_null_ridge,Z,3710,1034,32,16,-0.002560331537097227,0.00853696814738214,-0.0029662859479444715,0.01365635171532631,-0.3439206213955801,0.008704061895551257,0.06479690522243714,0.06839754669634544,31.0,0.4920911240060177,-0.0152404529245811,xp2,tf,-5
3,time_only_ridge,Z,3710,1034,32,16,0.004257660242728889,-0.0006322786211967468,0.05941629920793068,0.07108615338802338,0.00026106838528894283,0.02127659574468085,0.09090909090909091,0.08659660327213171,28.0,0.5343772067176322,0.037538244095069534,xp2,tf,-5
3,time_residual_eeg_ridge,Z_time_resid,3710,1034,32,16,0.05799112014938146,0.04611087217926979,0.06258362424806739,0.05190679803490639,-0.20684751092520215,0.02804642166344294,0.10541586073500966,0.09605291007702585,27.0,0.5440330355223972,0.05220076630629264,xp2,tf,-5
3,time_residual_shifted_null,Z_time_resid,3710,1034,32,16,-0.014122058128123172,-0.018591576255857944,0.018793248338793717,0.03004869446158409,-0.32861462232921146,0.024177949709864602,0.1102514506769826,0.0913885601060177,29.5,0.5168339934297381,0.015888662766515533,xp2,tf,-5
1,real_eeg_ridge,Z,3677,1054,32,16,0.05329312490357552,0.056381553411483765,0.055918944087692414,0.05864759348332882,-0.2545513881537549,0.019924098671726755,0.11195445920303605,0.08909719924359887,28.0,0.5415912040365468,0.0481699585479014,xp2,tf,-4
1,shifted_null_ridge,Z,3677,1054,32,16,0.022199671911948826,0.01721224980428815,0.017383430676006374,0.036588773131370544,-0.2841729157296897,0.015180265654648957,0.08918406072106262,0.08151119063753796,29.0,0.5209311401044757,0.019963134876716387,xp2,tf,-4
1,time_only_ridge,Z,3677,1054,32,16,0.015745505783343106,0.01352908881381154,0.04167441946126417,0.055987948551774025,-0.0015327159228470943,0.023719165085388995,0.09867172675521822,0.08784399912329743,30.0,0.524508494374842,0.03275887463412893,xp2,tf,-4
1,time_residual_eeg_ridge,Z_time_resid,3677,1054,32,16,0.052518996511935256,0.05530831217765808,0.05352219315211508,0.06464346498250961,-0.24452290340719252,0.020872865275142316,0.1015180265654649,0.08823122717582321,28.0,0.5404476423575507,0.04478200585424775,xp2,tf,-4
1,time_residual_shifted_null,Z_time_resid,3677,1054,32,16,0.015312122905015713,0.006576625630259514,0.016548893658423963,0.017084557563066483,-0.2712662271516002,0.020872865275142316,0.09487666034155598,0.08384208910335246,30.0,0.5169474989621843,0.019095284363535133,xp2,tf,-4
2,real_eeg_ridge,Z,3807,969,32,16,0.04108698338313843,0.034975895658135414,0.03153761379926305,0.03672722354531288,-0.24301106902070102,0.02476780185758514,0.1001031991744066,0.09274909712019701,26.0,0.5340941868738341,0.033776992600444034,xp2,tf,-4
2,shifted_null_ridge,Z,3807,969,32,16,0.0005605864280369133,0.01327928900718689,0.006449019603293785,-0.0027874941006302834,-0.2846003033751612,0.0196078431372549,0.08771929824561403,0.08345599308642915,30.0,0.5007193317194664,0.0015689145133240716,xp2,tf,-4
2,time_only_ridge,Z,3807,969,32,16,0.010996986122336239,0.003497666330076754,0.06623510425179664,0.05711844563484192,0.002409530050681563,0.021671826625386997,0.08771929824561403,0.08832080018899396,26.0,0.5361624436197058,0.05789178821401108,xp2,tf,-4
2,time_residual_eeg_ridge,Z_time_resid,3807,969,32,16,0.04027991041948553,0.042493266984820366,0.03852876988377146,0.05082888901233673,-0.23635148602179323,0.02786377708978328,0.08359133126934984,0.09241235259064733,26.0,0.5340126388719739,0.034986582407032,xp2,tf,-4
2,time_residual_shifted_null,Z_time_resid,3807,969,32,16,0.0035775126725638984,0.005826312582939863,0.01156273966796104,0.01796077750623226,-0.25016988277049945,0.016511867905056758,0.10526315789473684,0.08497594923198935,28.0,0.5129490392648288,0.014396568001495727,xp2,tf,-4
3,real_eeg_ridge,Z,3724,1037,32,16,0.05906286799290683,0.04976786486804485,0.06681006713498376,0.06293532252311707,-0.20775011480417138,0.023143683702989394,0.12054001928640308,0.09738649900644264,27.0,0.5590185230661521,0.0628241592477212,xp2,tf,-4
3,shifted_null_ridge,Z,3724,1037,32,16,-0.00976559706577973,-0.010738399811089039,-0.011635702175532558,-0.00608460558578372,-0.34101362180745376,0.015429122468659595,0.06846673095467695,0.06813305117791298,33.0,0.47545808534865597,-0.02223266441583626,xp2,tf,-4
3,time_only_ridge,Z,3724,1037,32,16,0.0046586549215135165,0.0038237111875787377,0.0567507669655202,0.07027023285627365,7.891678756599685e-05,0.020250723240115717,0.08293153326904533,0.08511447660976357,28.0,0.5324088770694783,0.036295636226036605,xp2,tf,-4
3,time_residual_eeg_ridge,Z_time_resid,3724,1037,32,16,0.05876752588665113,0.04599308595061302,0.06900288684072697,0.06936029344797134,-0.19883217952727406,0.023143683702989394,0.10607521697203472,0.09270848263194838,26.0,0.5501117054091772,0.0588953533599982,xp2,tf,-4
3,time_residual_shifted_null,Z_time_resid,3724,1037,32,16,-0.018053724174819763,-0.013456842163577676,-0.0043536700356412985,-0.010344930924475193,-0.3458398284359956,0.017357762777242044,0.08389585342333655,0.07787357963860245,32.0,0.4907271532989533,-0.008195114133292472,xp2,tf,-4
1,real_eeg_ridge,Z,3692,1056,32,16,0.05370162236067699,0.05115788243710995,0.06138654414947572,0.06135554052889347,-0.26018388022203265,0.021780303030303032,0.1259469696969697,0.09352420965411314,28.0,0.5417648496105943,0.050022955453873905,xp2,tf,-3
1,shifted_null_ridge,Z,3692,1056,32,16,0.022886985174409347,0.020858519710600376,0.016544573825216725,0.013083649799227715,-0.286827624920702,0.021780303030303032,0.09090909090909091,0.08283187755641742,31.0,0.5180829316467613,0.020236419608781354,xp2,tf,-3
1,time_only_ridge,Z,3692,1056,32,16,0.015983161277290492,0.012453255709260702,0.04235002013782915,0.052054399624466896,-0.0013426149180382208,0.022727272727272728,0.0946969696969697,0.08609594304535712,30.0,0.5207450646280434,0.031490059829333776,xp2,tf,-3
1,time_residual_eeg_ridge,Z_time_resid,3692,1056,32,16,0.05343528641242301,0.056260719895362854,0.051375415472152366,0.058482324704527855,-0.24938722584259243,0.022727272727272728,0.10037878787878787,0.08917197838104116,28.0,0.5345843823237441,0.042012565076087804,xp2,tf,-3
1,time_residual_shifted_null,Z_time_resid,3692,1056,32,16,0.01129554030194413,0.011265716049820185,0.006483696396289264,0.012549072504043579,-0.28719408413013237,0.017045454545454544,0.08522727272727272,0.07782762437546446,30.0,0.5112996735337162,0.009690556959800308,xp2,tf,-3
2,real_eeg_ridge,Z,3817,976,32,16,0.04071765845583286,0.042942242696881294,0.03487895712025987,0.043394576758146286,-0.2377290525002025,0.025614754098360656,0.10553278688524591,0.09366162431319677,26.0,0.5347872755659641,0.036099173436260186,xp2,tf,-3
2,shifted_null_ridge,Z,3817,976,32,16,-0.006561884309121524,-0.00044592845370061696,0.005970275013258616,0.013401843141764402,-0.293797341792569,0.015368852459016393,0.08299180327868852,0.07889183683519807,28.5,0.4974013265345668,0.00035307230749665234,xp2,tf,-3
2,time_only_ridge,Z,3817,976,32,16,0.012648542693568743,0.011145387776196003,0.0656571784768999,0.05586593598127365,0.002333550847938737,0.014344262295081968,0.0860655737704918,0.08126962218195737,27.0,0.5332460649647605,0.055262718901027644,xp2,tf,-3
2,time_residual_eeg_ridge,Z_time_resid,3817,976,32,16,0.03982144170004176,0.04528485797345638,0.0395685482962421,0.03917114995419979,-0.2312903514808171,0.02459016393442623,0.10245901639344263,0.09254747962753852,26.0,0.5349966227625801,0.036288982638459893,xp2,tf,-3
2,time_residual_shifted_null,Z_time_resid,3817,976,32,16,0.008238935708504869,0.007919063325971365,0.017210131203146226,0.010682874359190464,-0.24562078614739735,0.020491803278688523,0.08913934426229508,0.08591291193295665,28.0,0.5170574711689117,0.022638481190410925,xp2,tf,-3
3,real_eeg_ridge,Z,3738,1040,32,16,0.05981779552894295,0.055342186242341995,0.07129251184165836,0.0661969780921936,-0.19617265185153165,0.02403846153846154,0.12884615384615383,0.10051671687917027,27.0,0.5608461278674044,0.06340574777790704,xp2,tf,-3
3,shifted_null_ridge,Z,3738,1040,32,16,-0.008943910896505258,-0.010962172411382198,-0.007333678788528722,0.004402432357892394,-0.34124285488182027,0.014423076923076924,0.07692307692307693,0.07327906785296176,32.0,0.4917036863845375,-0.015307317955101367,xp2,tf,-3
3,time_only_ridge,Z,3738,1040,32,16,0.004380923579446971,0.007601943798363209,0.05597070880892436,0.06367489695549011,-0.00018160440318970572,0.01826923076923077,0.08365384615384615,0.08295681454199214,28.0,0.5314703322682045,0.0364964681056725,xp2,tf,-3
3,time_residual_eeg_ridge,Z_time_resid,3738,1040,32,16,0.059479899866801134,0.050708817318081856,0.06682703025339834,0.0575998742133379,-0.1889931957937634,0.020192307692307693,0.11057692307692307,0.09126750332699637,27.0,0.5487176239835815,0.05718266538106415,xp2,tf,-3
3,time_residual_shifted_null,Z_time_resid,3738,1040,32,16,-0.01682457202355181,-0.01345649128779769,-0.007312340290809516,-0.014430627692490816,-0.3477891383360219,0.0125,0.07403846153846154,0.07206063239045507,32.0,0.4893945002987557,-0.011650273325757035,xp2,tf,-3
1,real_eeg_ridge,Z,3707,1058,32,16,0.04774844222993124,0.05307069979608059,0.0554807834321004,0.054994190111756325,-0.2743800719759806,0.026465028355387523,0.10491493383742911,0.09249177147080503,28.0,0.5391724427641252,0.043598913539713104,xp2,tf,-2
1,shifted_null_ridge,Z,3707,1058,32,16,0.0106135806418024,0.010254437569528818,-0.0016070032482211952,-0.00348830409348011,-0.31133478277218507,0.01890359168241966,0.07183364839319471,0.075427445911841,30.0,0.5021397815584961,0.0037062455480651292,xp2,tf,-2
1,time_only_ridge,Z,3707,1058,32,16,0.016744104228564538,0.016092240810394287,0.044607019914268596,0.05421427823603153,-0.0011577739967993939,0.017958412098298678,0.09073724007561437,0.08283452075625317,31.0,0.5184394409937889,0.030749869342403535,xp2,tf,-2
1,time_residual_eeg_ridge,Z_time_resid,3707,1058,32,16,0.04793869030618225,0.053046293556690216,0.04292182808969201,0.048774685710668564,-0.26424629928143273,0.017958412098298678,0.10207939508506617,0.08556466776879545,29.0,0.5280318885588261,0.03396116806183483,xp2,tf,-2
1,time_residual_shifted_null,Z_time_resid,3707,1058,32,16,0.005055624911619816,0.0049172944854944944,0.0020284312005165077,-0.0005242651477601612,-0.29041724869511354,0.015122873345935728,0.08601134215500945,0.07625785030804634,31.0,0.5045927476220482,0.005526236155225292,xp2,tf,-2
2,real_eeg_ridge,Z,3827,983,32,16,0.035290308311232366,0.046113139018416405,0.03356988433372354,0.03899148106575012,-0.2356552336804576,0.021363173957273652,0.08748728382502544,0.08504077358026114,26.0,0.5292986726735455,0.03171028407815104,xp2,tf,-2
2,shifted_null_ridge,Z,3827,983,32,16,0.0016891269506231765,-0.00396283098962158,-0.0006014575860176486,0.006038972642272711,-0.29148268921355713,0.01017293997965412,0.08748728382502544,0.07444130585853212,30.0,0.4933926351144052,-0.008426159468651905,xp2,tf,-2
2,time_only_ridge,Z,3827,983,32,16,0.009650097996200202,0.00800016475841403,0.0662819123537215,0.05514474958181381,0.0025902157217935207,0.015259409969481181,0.07934893184130214,0.08020453986050483,27.0,0.5339380580987906,0.05392367934275411,xp2,tf,-2
2,time_residual_eeg_ridge,Z_time_resid,3827,983,32,16,0.03412634935375536,0.04003044776618481,0.03263674409219679,0.04068118333816528,-0.22978763066646635,0.021363173957273652,0.08138351983723296,0.0830969587548756,27.0,0.52546969109787,0.028635176966460847,xp2,tf,-2
2,time_residual_shifted_null,Z_time_resid,3827,983,32,16,0.006704868283122778,0.005176835227757692,0.02151244448802016,0.017215313389897346,-0.24672441933102918,0.021363173957273652,0.11190233977619532,0.09291490699398751,28.0,0.5230031568408984,0.025708921571898455,xp2,tf,-2
3,real_eeg_ridge,Z,3752,1043,32,16,0.057662386549054645,0.05050873942673206,0.07318449746441205,0.0753556340932846,-0.19183812790457067,0.026845637583892617,0.12080536912751678,0.09859223536853212,27.0,0.5574750034241884,0.06034239801493505,xp2,tf,-2
3,shifted_null_ridge,Z,3752,1043,32,16,-0.011881045253176126,-0.009317656513303518,0.0037586702625608754,0.012181082740426064,-0.33693579397767426,0.015340364333652923,0.06903163950143816,0.0731809138129015,31.0,0.4966271743596768,-0.008167209628369185,xp2,tf,-2
3,time_only_ridge,Z,3752,1043,32,16,0.0022950177517486736,-0.0024243739899247885,0.061733732022316495,0.06984195113182068,-0.0002688403465926914,0.01725790987535954,0.0862895493767977,0.08278908472244682,29.0,0.5303763563590984,0.03879758060053552,xp2,tf,-2
3,time_residual_eeg_ridge,Z_time_resid,3752,1043,32,16,0.057342447027622256,0.050013551488518715,0.06713747638591525,0.06295263767242432,-0.1833146098547629,0.023010546500479387,0.10450623202301054,0.09033477248965752,28.0,0.5488041972941302,0.057553192420906486,xp2,tf,-2
3,time_residual_shifted_null,Z_time_resid,3752,1043,32,16,-0.013668708277918995,-0.02191012166440487,-0.013597880516249309,-0.013831214047968388,-0.34600867493186493,0.011505273250239693,0.06423777564717162,0.06876722406121732,32.0,0.4881218706722063,-0.016613835362004947,xp2,tf,-2
1,real_eeg_ridge,Z,3722,1060,32,16,0.0442175487842178,0.04049150086939335,0.05845561674127481,0.06386755034327507,-0.27450641771463147,0.016981132075471698,0.1018867924528302,0.08578125460249393,28.0,0.5399092970521543,0.045258076597172764,xp2,tf,-1
1,shifted_null_ridge,Z,3722,1060,32,16,0.006208309907378862,0.00411075190640986,-0.007184543961797454,-0.014491941779851913,-0.32391175448199006,0.018867924528301886,0.07830188679245283,0.07831742105919584,32.0,0.49715911521841444,9.021659102684265e-05,xp2,tf,-1
1,time_only_ridge,Z,3722,1060,32,16,0.015766770477057435,0.01660046074539423,0.043913692685552785,0.05200880765914917,-0.0009590105940056048,0.017924528301886792,0.09150943396226414,0.08040775045395875,32.0,0.5154922346297011,0.02927638010115092,xp2,tf,-1
1,time_residual_eeg_ridge,Z_time_resid,3722,1060,32,16,0.04489413902410888,0.037768470123410225,0.045825666151502895,0.05790771171450615,-0.26649465662645255,0.016037735849056604,0.09433962264150944,0.08229783307236965,29.0,0.5341997176228982,0.03737121790027058,xp2,tf,-1
1,time_residual_shifted_null,Z_time_resid,3722,1060,32,16,0.009380573992530117,0.00891142152249813,0.005028892504951899,-0.002831763122230768,-0.2790547700829149,0.016981132075471698,0.08113207547169811,0.07797789401234377,32.0,0.5069075428913704,0.010749212305572612,xp2,tf,-1
2,real_eeg_ridge,Z,3837,990,32,16,0.03328451812467392,0.03767195716500282,0.03617829987520559,0.039441440254449844,-0.2280491220533174,0.024242424242424242,0.09090909090909091,0.08712300182151071,27.0,0.5327080327080327,0.03398746328479158,xp2,tf,-1
2,shifted_null_ridge,Z,3837,990,32,16,-0.001219105426571332,0.005810573231428862,-0.00853825597713685,-0.01565462490543723,-0.2894991644615068,0.014141414141414142,0.07171717171717172,0.07211352658596133,31.0,0.48214801071943936,-0.015593502406905643,xp2,tf,-1
2,time_only_ridge,Z,3837,990,32,16,0.007871249779782374,0.0045211548276711255,0.06701223030909802,0.056319233030080795,0.003112687792527158,0.015151515151515152,0.08282828282828283,0.07960142887557049,27.0,0.5334616001282667,0.05458469052118246,xp2,tf,-1
2,time_residual_eeg_ridge,Z_time_resid,3837,990,32,16,0.03107461495528696,0.03921973705291748,0.028678304814857624,0.031631503254175186,-0.2277265700153568,0.022222222222222223,0.09292929292929293,0.08589518405765355,27.0,0.5236881284500332,0.025963002316108708,xp2,tf,-1
2,time_residual_shifted_null,Z_time_resid,3837,990,32,16,0.005346873260350549,0.0038639185950160027,0.016879208883120105,0.010233125649392605,-0.24478557602775908,0.01818181818181818,0.10202020202020202,0.08671429386083651,28.0,0.5190636523969857,0.02082465625504301,xp2,tf,-1
3,real_eeg_ridge,Z,3766,1046,32,16,0.05669786117914555,0.04933105781674385,0.07602291315705845,0.07877089828252792,-0.1920112700734098,0.030592734225621414,0.12332695984703633,0.09995190941534096,27.0,0.5538060986026023,0.06294725865286985,xp2,tf,-1
3,shifted_null_ridge,Z,3766,1046,32,16,-0.008463807200314477,-0.003757850849069655,0.0042989696396058905,0.004284918308258057,-0.33221817044808954,0.019120458891013385,0.0841300191204589,0.07870538070730357,32.0,0.4973443807095814,-0.008749888789290842,xp2,tf,-1
3,time_only_ridge,Z,3766,1046,32,16,0.0008361420946130238,-0.003089168756559957,0.06228562089198102,0.06728196516633034,-0.0003905451061991805,0.018164435946462717,0.08795411089866156,0.08307655955403677,30.0,0.5267057747254414,0.03953558144963487,xp2,tf,-1
3,time_residual_eeg_ridge,Z_time_resid,3766,1046,32,16,0.056161007147238706,0.049346042796969414,0.06887297005730589,0.07001708820462227,-0.18468618541028237,0.02390057361376673,0.10516252390057361,0.09372544214931283,26.0,0.5533074925317483,0.061169427452981616,xp2,tf,-1
3,time_residual_shifted_null,Z_time_resid,3766,1046,32,16,-0.012831753134378232,-0.014513697940856218,-0.00526117491378359,0.0029580199625343084,-0.33270754073372344,0.014340344168260038,0.0621414913957935,0.07074332096959438,32.0,0.49324713951865007,-0.008769388054547448,xp2,tf,-1
1,real_eeg_ridge,Z,3737,1062,32,16,0.038524707553733606,0.034512871876358986,0.059202388844061676,0.0668000690639019,-0.28674573346987575,0.015065913370998116,0.09416195856873823,0.08344360384739612,28.0,0.5428326308552298,0.04638133313384006,xp2,tf,0
1,shifted_null_ridge,Z,3737,1062,32,16,0.002421385416710109,6.309775926638395e-05,-0.016435366018584186,-0.011469395831227303,-0.33674891161232723,0.014124293785310734,0.0743879472693032,0.07275296721926322,32.0,0.4929862792574657,-0.006842604559056155,xp2,tf,0
1,time_only_ridge,Z,3737,1062,32,16,0.015176956691902888,0.014488586690276861,0.04377817242059255,0.050678083673119545,-0.0007169485796729713,0.01977401129943503,0.09322033898305085,0.08165728737551907,31.0,0.5162395001943025,0.02892548899085232,xp2,tf,0
1,time_residual_eeg_ridge,Z_time_resid,3737,1062,32,16,0.039670500216743676,0.03833615779876709,0.044404920597259034,0.05661788210272789,-0.27948768790078593,0.0160075329566855,0.09133709981167608,0.08205632232580944,29.0,0.5362906166860969,0.03856245594905058,xp2,tf,0
1,time_residual_shifted_null,Z_time_resid,3737,1062,32,16,0.00655825516605546,0.005397230153903365,-0.0039028903856288587,-0.016049600206315517,-0.27901023942417336,0.0160075329566855,0.07815442561205273,0.07423790415324223,33.0,0.49728693988580996,0.0024463253385837123,xp2,tf,0
2,real_eeg_ridge,Z,3847,997,32,16,0.028391594867571257,0.030009610578417778,0.03487255543843682,0.03852464258670807,-0.22859655999304818,0.012036108324974924,0.08224674022066199,0.076423261638231,27.0,0.5283211539380045,0.03127018081103962,xp2,tf,0
2,shifted_null_ridge,Z,3847,997,32,16,0.0019124898963127634,0.007685041753575206,-0.0012873074094875495,0.011136691085994244,-0.28332136960569154,0.015045135406218655,0.08726178535606821,0.0771990190358781,31.0,0.4968409991880403,-0.00822738934327775,xp2,tf,0
2,time_only_ridge,Z,3847,997,32,16,0.005308021020027809,0.005153776612132788,0.0690788458264894,0.059243492782115936,0.0032709971508918523,0.013039117352056168,0.08224674022066199,0.078547373592365,27.0,0.5362003470729649,0.056096002324631564,xp2,tf,0
2,time_residual_eeg_ridge,Z_time_resid,3847,997,32,16,0.025944670389435487,0.02939520124346018,0.022167898972769554,0.03392447903752327,-0.2320218265831151,0.013039117352056168,0.08625877632898696,0.0795687954822763,28.0,0.5220279887280891,0.02051715878816838,xp2,tf,0
2,time_residual_shifted_null,Z_time_resid,3847,997,32,16,0.005646234923915472,0.008761647623032331,0.01676273421471268,0.03307165950536728,-0.248121356136215,0.023069207622868605,0.08726178535606821,0.08684393882080586,27.0,0.5239623632803171,0.02171680217788894,xp2,tf,0
3,real_eeg_ridge,Z,3780,1049,32,16,0.05477823955607164,0.040558625012636185,0.07426007256817181,0.07380982488393784,-0.19374430698672462,0.02478551000953289,0.11344137273593899,0.09571563090568878,27.0,0.5513226504456248,0.05977196801714403,xp2,tf,0
3,shifted_null_ridge,Z,3780,1049,32,16,-0.012792401568731293,-0.004443866666406393,-0.001202123939349104,0.011606660671532154,-0.32418000057343677,0.016205910390848427,0.07626310772163966,0.07353144309105634,32.0,0.4894520858867856,-0.013875657579439704,xp2,tf,0
3,time_only_ridge,Z,3780,1049,32,16,-0.0017682793477433734,-0.0012768004089593887,0.06583571988564105,0.06583501398563385,-3.0376104291685024e-05,0.019065776930409915,0.08960915157292659,0.0842694071589124,30.0,0.526837048133521,0.041872527500695755,xp2,tf,0
3,time_residual_eeg_ridge,Z_time_resid,3780,1049,32,16,0.05415521888062358,0.0389089472591877,0.06470669887338927,0.06451135873794556,-0.18826421617161393,0.0219256434699714,0.11439466158245949,0.09399204033163844,27.0,0.5505560851604703,0.05812170091289536,xp2,tf,0
3,time_residual_shifted_null,Z_time_resid,3780,1049,32,16,-0.01995793162495829,-0.021580147556960583,-0.008173884242674064,-0.00541946105659008,-0.32412538171929306,0.01334604385128694,0.07435653002859867,0.0726083152902495,32.0,0.4935006884863891,-0.011736829547876896,xp2,tf,0
1,real_eeg_ridge,Z,3722,1060,32,16,0.03608217547662207,0.03005189076066017,0.06499789493105743,0.07830796018242836,-0.27902564246783235,0.017924528301886792,0.10754716981132076,0.08630905795672959,27.0,0.5470008129037779,0.05151022417248831,xp2,tf,1
1,shifted_null_ridge,Z,3722,1060,32,16,0.008473193514873856,2.4202832719311118e-05,-0.002972409074120048,-0.010678716469556093,-0.31737574052309503,0.013207547169811321,0.08490566037735849,0.07348361202543248,32.0,0.5005348051170153,0.00291811954598008,xp2,tf,1
1,time_only_ridge,Z,3722,1060,32,16,0.01599184999213321,0.013136819005012512,0.04286558512572673,0.03913792967796326,-0.00045613450839132597,0.017924528301886792,0.08113207547169811,0.07909821091618476,30.0,0.5181341719077568,0.031477570796483945,xp2,tf,1
1,time_residual_eeg_ridge,Z_time_resid,3722,1060,32,16,0.03676628007815452,0.032029151916503906,0.04622165683891958,0.05602314695715904,-0.27341646348383186,0.024528301886792454,0.1009433962264151,0.08904999059870417,28.0,0.5401724211697257,0.04133660488456633,xp2,tf,1
1,time_residual_shifted_null,Z_time_resid,3722,1060,32,16,0.0077223296284500975,0.0014281920157372952,-0.0029368014891142076,-2.2279928089119494e-05,-0.28170021400194556,0.016981132075471698,0.07264150943396226,0.0746435613036966,31.0,0.5029371497026485,0.006405439268181223,xp2,tf,1
2,real_eeg_ridge,Z,3837,990,32,16,0.029273617237777216,0.025748553685843945,0.03786498802261912,0.03597191907465458,-0.23548401652098305,0.020202020202020204,0.08080808080808081,0.08176481999021983,27.0,0.5256877161639066,0.033084961656459064,xp2,tf,1
2,shifted_null_ridge,Z,3837,990,32,16,-0.00048212385331680707,0.0003464963119768072,-0.008957571629434825,-0.01535632973536849,-0.2847667008876842,0.01919191919191919,0.08181818181818182,0.07839582856418756,31.0,0.4870679584965299,-0.015392357505413776,xp2,tf,1
2,time_only_ridge,Z,3837,990,32,16,0.007589828965137713,0.005158154992386699,0.07234780308672914,0.06296709924936295,0.004583088925182444,0.010101010101010102,0.07676767676767676,0.07539048841543863,27.0,0.5348862777434206,0.05702827596909794,xp2,tf,1
2,time_residual_eeg_ridge,Z_time_resid,3837,990,32,16,0.026246125720717828,0.02232191152870655,0.023261051689776723,0.025643943808972836,-0.24200593963248362,0.01919191919191919,0.09191919191919191,0.08406482985310004,27.5,0.5221718316956412,0.01992191217604723,xp2,tf,1
2,time_residual_shifted_null,Z_time_resid,3837,990,32,16,0.004167120932834223,0.0010747555643320084,0.023823003003016853,0.033497557044029236,-0.24291328929335587,0.022222222222222223,0.10808080808080808,0.09028657451170413,28.0,0.5233743328981424,0.024412915310746013,xp2,tf,1
3,real_eeg_ridge,Z,3766,1046,32,16,0.05447790517791873,0.044549236074090004,0.07777195165457336,0.08346867933869362,-0.18941492893756418,0.0248565965583174,0.1089866156787763,0.09316262948900299,27.0,0.5503288632215155,0.06156616134799009,xp2,tf,1
3,shifted_null_ridge,Z,3766,1046,32,16,-0.020478989169532724,-0.015286642592400312,-0.002792634570945088,0.0017632739036343992,-0.33140994362696286,0.017208413001912046,0.0745697896749522,0.07527128448449011,32.0,0.4873289022428602,-0.01495482752337362,xp2,tf,1
3,time_only_ridge,Z,3766,1046,32,16,1.3450669939629734e-05,-0.004128067288547754,0.06352550028835602,0.05998728424310684,0.001579443786301038,0.018164435946462717,0.08986615678776291,0.0838924786234022,29.0,0.5291706229974461,0.04592599247369252,xp2,tf,1
3,time_residual_eeg_ridge,Z_time_resid,3766,1046,32,16,0.05286517890999676,0.044829169288277626,0.06140600444888562,0.05153551883995533,-0.18843283582089554,0.019120458891013385,0.09847036328871893,0.08849792391381857,28.0,0.5442567084195054,0.05419404730314517,xp2,tf,1
3,time_residual_shifted_null,Z_time_resid,3766,1046,32,16,-0.01840913926207577,-0.02490881271660328,-0.011632506887739785,-0.02369154617190361,-0.32414928991893976,0.016252390057361378,0.06692160611854685,0.07008340471678978,34.0,0.47935120510919477,-0.019344845566973606,xp2,tf,1
1,real_eeg_ridge,Z,3707,1058,32,16,0.036291159280153806,0.03222359158098698,0.0671401577164599,0.0702592022716999,-0.28553001257440935,0.01890359168241966,0.09735349716446125,0.08506173055933708,27.0,0.549926673567978,0.05718683695996733,xp2,tf,2
1,shifted_null_ridge,Z,3707,1058,32,16,0.006057686132862727,0.0030268761329352856,-0.005266558528841594,0.0052663220558315516,-0.3231448687236529,0.006616257088846881,0.06899810964083176,0.0677391439665097,32.0,0.5012724292615597,-0.0035122624546250324,xp2,tf,2
1,time_only_ridge,Z,3707,1058,32,16,0.01458424512475176,0.00805239100009203,0.03781647422027555,0.030478467233479023,0.0006614959244788388,0.01984877126654064,0.07655954631379962,0.07923854450478329,29.0,0.5173489212950462,0.03321927837842661,xp2,tf,2
1,time_residual_eeg_ridge,Z_time_resid,3707,1058,32,16,0.03615273534524022,0.0342067014425993,0.043855888221641985,0.052688561379909515,-0.2845097012418094,0.017958412098298678,0.0888468809073724,0.08361160540018973,28.0,0.5397950610616018,0.042828395580275465,xp2,tf,2
1,time_residual_shifted_null,Z_time_resid,3707,1058,32,16,0.0030630620149167953,-0.0008870241872500628,-0.006303546377084665,-0.008466348517686129,-0.29551929746588335,0.020793950850661626,0.07561436672967864,0.0779925238100838,32.0,0.5013127494223902,0.005263838382981275,xp2,tf,2
2,real_eeg_ridge,Z,3827,983,32,16,0.034852801414672285,0.03845599293708801,0.047079950758887955,0.041431620717048645,-0.24472915888205593,0.02034587995930824,0.09969481180061038,0.08703583983388234,27.0,0.5325857029824477,0.04285867558432983,xp2,tf,2
2,shifted_null_ridge,Z,3827,983,32,16,0.004200455070531461,0.0035054670879617333,0.0017634745497642121,0.0023341134656220675,-0.2842557466552855,0.02034587995930824,0.09766022380467955,0.08444535615657635,30.0,0.4959146764843611,-0.004222883293101531,xp2,tf,2
2,time_only_ridge,Z,3827,983,32,16,0.0078700090671191,0.010113109136000276,0.07276486134356018,0.06799507886171341,0.004974175617063037,0.011190233977619531,0.07934893184130214,0.07627693715893125,27.0,0.5337291495099227,0.05752793590533777,xp2,tf,2
2,time_residual_eeg_ridge,Z_time_resid,3827,983,32,16,0.031449936679564416,0.03362502530217171,0.028722334805734377,0.030951937660574913,-0.2531851402599181,0.024415055951169887,0.09664292980671414,0.08791613497912458,28.0,0.5195970385441393,0.02316344410583602,xp2,tf,2
2,time_residual_shifted_null,Z_time_resid,3827,983,32,16,0.015071476507728221,0.015755165368318558,0.01690004948835246,0.024441398680210114,-0.2577265079091633,0.018311291963377416,0.10071210579857579,0.08620843755867498,29.0,0.5168842545495649,0.01625387626818761,xp2,tf,2
3,real_eeg_ridge,Z,3752,1043,32,16,0.05307345102301042,0.034173667430877686,0.08692022227929792,0.08606324344873428,-0.19020229515187048,0.024928092042186004,0.11601150527325024,0.09524296980596714,27.0,0.5556573300461124,0.06745901016404399,xp2,tf,2
3,shifted_null_ridge,Z,3752,1043,32,16,-0.018064624303804067,-0.020349272526800632,0.005975443845413213,-0.006608037278056145,-0.32343350602476617,0.013422818791946308,0.08149568552253116,0.07604443211312568,32.0,0.4917163173994431,-0.006563652272652256,xp2,tf,2
3,time_only_ridge,Z,3752,1043,32,16,-0.00015759922143843141,-0.0009773590209078975,0.05800392794878644,0.052033644169569016,0.0021993957290911137,0.015340364333652923,0.07957813998082454,0.07921547050008082,29.0,0.5264471000928336,0.046520725380623865,xp2,tf,2
3,time_residual_eeg_ridge,Z_time_resid,3752,1043,32,16,0.050596242130268365,0.04033619724214077,0.06000801553777937,0.04975902661681175,-0.19272521740094994,0.020134228187919462,0.10162991371045062,0.0887923040944795,27.0,0.5420804227731361,0.051832726957314355,xp2,tf,2
3,time_residual_shifted_null,Z_time_resid,3752,1043,32,16,-0.021448486237204634,-0.014725225046277046,-0.01740508032147326,-0.034297723323106766,-0.3311515002392458,0.00862895493767977,0.061361457334611694,0.06309742513800767,34.0,0.4731010972621711,-0.027530418749256852,xp2,tf,2
1,real_eeg_ridge,Z,3692,1056,32,16,0.03495008580648573,0.03886619955301285,0.07050385280060502,0.08243348821997643,-0.2882535911810322,0.020833333333333332,0.11079545454545454,0.09153005499069677,27.0,0.5538330365458024,0.06274747980245632,xp2,tf,3
1,shifted_null_ridge,Z,3692,1056,32,16,0.009497773659859376,0.012332101818174124,0.009456465593647215,-0.0020037179347127676,-0.31467974575535584,0.016098484848484848,0.08617424242424243,0.0772633008303331,31.5,0.509709557581898,0.008736132092241026,xp2,tf,3
1,time_only_ridge,Z,3692,1056,32,16,0.014172191423540426,0.003569250227883458,0.03258261492257561,0.026384000666439533,-0.0002368599050430742,0.019886363636363636,0.07575757575757576,0.07779369619488155,30.0,0.5160904894947449,0.033948042938480257,xp2,tf,3
1,time_residual_eeg_ridge,Z_time_resid,3692,1056,32,16,0.03444655296334531,0.03414170257747173,0.045579158712743345,0.055309390649199486,-0.2841072028103735,0.020833333333333332,0.11079545454545454,0.08993100810478782,28.0,0.5427633093856499,0.04649586872233174,xp2,tf,3
1,time_residual_shifted_null,Z_time_resid,3692,1056,32,16,0.009310025448939996,0.007783879525959492,-0.009434889424545128,-0.004227094002999365,-0.29373050057730565,0.016098484848484848,0.08049242424242424,0.07521879755832415,32.0,0.500564791788196,0.0043828758469023526,xp2,tf,3
2,real_eeg_ridge,Z,3817,976,32,16,0.03617085035511991,0.04404919967055321,0.05088136596404198,0.055999208241701126,-0.2472214829576067,0.018442622950819672,0.11270491803278689,0.0907241347679545,26.0,0.5417822401603356,0.04680205895573168,xp2,tf,3
2,shifted_null_ridge,Z,3817,976,32,16,0.006650317256571725,0.001109238713979721,0.008044277783125433,0.01423391792923212,-0.28264025062742415,0.020491803278688523,0.09631147540983606,0.08535689065891641,29.0,0.5024893284833989,0.0006002028828424974,xp2,tf,3
2,time_only_ridge,Z,3817,976,32,16,0.006871648030937649,0.012479669414460659,0.06972797527701974,0.06622153893113136,0.004941854461188222,0.017418032786885244,0.08094262295081968,0.08124601507937794,26.0,0.5332882804325079,0.05958851393257242,xp2,tf,3
2,time_residual_eeg_ridge,Z_time_resid,3817,976,32,16,0.032143025509867584,0.040517657995224,0.03399431141708907,0.03016619198024273,-0.2552980948658312,0.0194672131147541,0.09528688524590163,0.0866566102060792,27.0,0.5255150979122029,0.026604127010820725,xp2,tf,3
2,time_residual_shifted_null,Z_time_resid,3817,976,32,16,0.01353637335341773,0.015418351627886295,0.0177835643961935,0.020545908249914646,-0.254059921511113,0.018442622950819672,0.0932377049180328,0.08663661443268855,28.0,0.5142864755482475,0.01663490925313637,xp2,tf,3
3,real_eeg_ridge,Z,3738,1040,32,16,0.051353733768337406,0.0381246954202652,0.09170204514405739,0.10682885348796844,-0.19399572932643272,0.022115384615384617,0.1076923076923077,0.09352322905291273,26.0,0.5614085677915466,0.06849586868822312,xp2,tf,3
3,shifted_null_ridge,Z,3738,1040,32,16,-0.010379230068792822,-0.010174822062253952,0.0016524601435006705,0.003356015542522073,-0.31795498921056975,0.01730769230769231,0.0798076923076923,0.07766768496803406,32.0,0.49249766191255556,-0.01270059332846121,xp2,tf,3
3,time_only_ridge,Z,3738,1040,32,16,-9.377809919897118e-05,0.0008718627723283134,0.05420347716788876,0.04974285326898098,0.0025072993244475983,0.01826923076923077,0.08269230769230769,0.08152776507953216,28.0,0.5278092770114047,0.04722315882970289,xp2,tf,3
3,time_residual_eeg_ridge,Z_time_resid,3738,1040,32,16,0.04822498849534895,0.03472708724439144,0.06154947956111895,0.06621949374675751,-0.19379379595800428,0.015384615384615385,0.1,0.085430730857393,27.5,0.5450575429298834,0.05202382480275304,xp2,tf,3
3,time_residual_shifted_null,Z_time_resid,3738,1040,32,16,-0.03007438682107022,-0.02606248203665018,-0.02131011467026663,-0.030022773891687393,-0.3266144549355321,0.007692307692307693,0.052884615384615384,0.06307152685837182,33.0,0.47420277712830905,-0.029745112444837678,xp2,tf,3
1,real_eeg_ridge,Z,3677,1054,32,16,0.039632550746318884,0.03541511483490467,0.0757118935449757,0.07834114134311676,-0.2736474236968498,0.03225806451612903,0.11480075901328274,0.101589433029544,26.0,0.5602047738216372,0.06954758597219357,xp2,tf,4
1,shifted_null_ridge,Z,3677,1054,32,16,0.008242247455200413,0.009910808876156807,0.007361808464628471,0.00134400581009686,-0.3027731155109432,0.015180265654648957,0.08349146110056926,0.07734339032413326,32.0,0.5051923527709354,0.006946369923265495,xp2,tf,4
1,time_only_ridge,Z,3677,1054,32,16,0.0143626876192684,0.006708616740070283,0.026900933169383152,0.020374205894768238,-0.0010464956630518163,0.017077798861480076,0.07020872865275142,0.07471208100213426,31.0,0.5133272570365219,0.03048112601382392,xp2,tf,4
1,time_residual_eeg_ridge,Z_time_resid,3677,1054,32,16,0.03857544776110444,0.032561320811510086,0.05384348322090868,0.04978308081626892,-0.2671790634398148,0.029411764705882353,0.11290322580645161,0.09792848220297301,28.0,0.5475951483912873,0.05490376560851695,xp2,tf,4
1,time_residual_shifted_null,Z_time_resid,3677,1054,32,16,0.0168234685936568,0.010731207206845284,0.000818818071252928,0.006278014974668622,-0.2953009350182949,0.019924098671726755,0.07969639468690702,0.0798261794587539,30.0,0.5095181129955488,0.014380553229220525,xp2,tf,4
2,real_eeg_ridge,Z,3807,969,32,16,0.03763506789255189,0.043461354449391365,0.04799664804605734,0.0567372627556324,-0.25262460141720977,0.025799793601651185,0.09803921568627451,0.09636072725328451,25.0,0.5410542554168885,0.04656537140503571,xp2,tf,4
2,shifted_null_ridge,Z,3807,969,32,16,0.003914705339411739,0.006044043926522136,0.0017872405730811898,0.009353999979794025,-0.2834638616284928,0.022703818369453045,0.09700722394220847,0.08713017028606006,29.0,0.4989256317833515,-0.005548652198711079,xp2,tf,4
2,time_only_ridge,Z,3807,969,32,16,0.008185204525943846,0.012070768047124147,0.06678310199516797,0.06431075185537338,0.0042052941085384266,0.014447884416924664,0.08771929824561403,0.08059821846042735,26.0,0.5349709169200352,0.06117376900563948,xp2,tf,4
2,time_residual_eeg_ridge,Z_time_resid,3807,969,32,16,0.03418050838808995,0.041444577276706696,0.03463705098633707,0.03215726464986801,-0.257704998585393,0.023735810113519093,0.09287925696594428,0.08876080820021805,27.0,0.5235413768863761,0.026058622279043136,xp2,tf,4
2,time_residual_shifted_null,Z_time_resid,3807,969,32,16,0.018467365080141462,0.017864834517240524,0.01504966012437737,0.004582313820719719,-0.2514282861296795,0.017543859649122806,0.08771929824561403,0.08135716697125668,28.0,0.5125494896661945,0.01506045159487417,xp2,tf,4
3,real_eeg_ridge,Z,3724,1037,32,16,0.04986058233771473,0.04015284217894077,0.08762022080223221,0.08014575392007828,-0.19010755928451561,0.01832208293153327,0.10896817743490839,0.09126148703030017,26.0,0.5588055607132374,0.0678413338997176,xp2,tf,4
3,shifted_null_ridge,Z,3724,1037,32,16,-0.023191457788925618,-0.022733998484909534,-0.0017684336484853527,-0.00858884397894144,-0.327487760347013,0.017357762777242044,0.08775313404050145,0.07767519343987579,33.0,0.4924448277766797,-0.013858146418233956,xp2,tf,4
3,time_only_ridge,Z,3724,1037,32,16,-0.000251748577284161,-0.0014801874058321118,0.04830479699737849,0.043014634400606155,0.002591676682038968,0.01639344262295082,0.08389585342333655,0.0813087124969377,29.0,0.5303414784778249,0.04918999693715717,xp2,tf,4
3,time_residual_eeg_ridge,Z_time_resid,3724,1037,32,16,0.04676990327425301,0.036182768642902374,0.059678496502491615,0.05914781615138054,-0.18854743528507134,0.019286403085824494,0.10703953712632594,0.08993012770031616,27.0,0.545637499475913,0.050782376628322225,xp2,tf,4
3,time_residual_shifted_null,Z_time_resid,3724,1037,32,16,-0.034116141872800654,-0.029782201163470745,-0.02058201779038257,-0.02629476599395275,-0.32710287867527876,0.01446480231436837,0.06075216972034716,0.06794684775104658,34.0,0.47416134427161216,-0.024005461352722066,xp2,tf,4
1,real_eeg_ridge,Z,3662,1052,32,16,0.03512081135704648,0.0360691798850894,0.06811645642315133,0.07148772478103638,-0.27589078158118285,0.026615969581749048,0.1150190114068441,0.09643941929344461,27.0,0.5518528577463938,0.06330855372615345,xp2,tf,5
1,shifted_null_ridge,Z,3662,1052,32,16,0.009048080988577567,0.008203386329114437,0.01767814939662302,0.02357418369501829,-0.28708288774317925,0.009505703422053232,0.0741444866920152,0.07221713498991697,29.0,0.519421811817249,0.01970605201049495,xp2,tf,5
1,time_only_ridge,Z,3662,1052,32,16,0.014635624604125042,0.01682578632608056,0.021648109954842253,0.014224233571439981,-0.0025155001163039703,0.01806083650190114,0.06844106463878327,0.07499794823716971,30.5,0.5097501357957632,0.02763120772413051,xp2,tf,5
1,time_residual_eeg_ridge,Z_time_resid,3662,1052,32,16,0.03414852491550846,0.03122234996408224,0.052938676578022176,0.058150893077254295,-0.2658458476001211,0.026615969581749048,0.11026615969581749,0.0956423993530774,27.0,0.5458657734323134,0.052153925275243186,xp2,tf,5
1,time_residual_shifted_null,Z_time_resid,3662,1052,32,16,0.009028842905536294,0.0058597789611667395,-0.008187914954967833,0.0033902060240507126,-0.31016333990804235,0.01806083650190114,0.0779467680608365,0.07797342305280242,31.0,0.5017140442995955,0.002359700173040734,xp2,tf,5
2,real_eeg_ridge,Z,3797,962,32,16,0.03810933485146961,0.0443778932094574,0.044491313154222986,0.043565381318330765,-0.25446894359724004,0.02494802494802495,0.10291060291060292,0.09523558559051898,26.0,0.5369237369237368,0.043184855914747335,xp2,tf,5
2,shifted_null_ridge,Z,3797,962,32,16,0.0016540565457034972,0.005792277865111828,0.0018061687606517535,0.0008652050164528191,-0.27400007982557284,0.017671517671517672,0.10083160083160084,0.0862800885920627,29.0,0.49778569778569776,-0.002787648754054936,xp2,tf,5
2,time_only_ridge,Z,3797,962,32,16,0.0065546129262656905,0.00034347764449194074,0.0628055913532114,0.059508347883820534,0.0030026880602397332,0.016632016632016633,0.09147609147609148,0.08464475821705228,26.0,0.5358380358380358,0.06208596688714875,xp2,tf,5
2,time_residual_eeg_ridge,Z_time_resid,3797,962,32,16,0.03493859426743029,0.04254436865448952,0.038378131054585034,0.037543075159192085,-0.25535598149626604,0.02079002079002079,0.104989604989605,0.08750632898944523,26.5,0.5262086262086262,0.02798641391732314,xp2,tf,5
2,time_residual_shifted_null,Z_time_resid,3797,962,32,16,0.013164297663024627,0.004819485126063228,0.006277621293447404,0.008820409420877695,-0.2651858946629999,0.013513513513513514,0.08108108108108109,0.07730822607601281,28.0,0.5075009075009076,0.0030627023336565686,xp2,tf,5
3,real_eeg_ridge,Z,3710,1034,32,16,0.05394850052834954,0.05323350057005882,0.09553157383840137,0.09538015723228455,-0.18284140700515317,0.020309477756286266,0.10831721470019343,0.09358761088616871,25.0,0.569970218906389,0.07475032897552512,xp2,tf,5
3,shifted_null_ridge,Z,3710,1034,32,16,-0.019185812885552878,-0.02571128588169813,-0.005047587261586905,-0.0042299957713112235,-0.3275435653170782,0.017408123791102514,0.086073500967118,0.0783104326378264,32.0,0.4922599858770072,-0.01162690414351239,xp2,tf,5
3,time_only_ridge,Z,3710,1034,32,16,-0.0002610886367619969,-0.0038048711139708757,0.038901177038088694,0.043623318895697594,0.0012949506260754307,0.015473887814313346,0.08704061895551257,0.08169815312868778,29.0,0.527889840655798,0.045389806158948186,xp2,tf,5
3,time_residual_eeg_ridge,Z_time_resid,3710,1034,32,16,0.05096541227248963,0.04989707097411156,0.07124197139942938,0.08168832957744598,-0.1784786522686057,0.025145067698259187,0.11121856866537717,0.09564400688265219,27.0,0.5568603972859293,0.06096616456549192,xp2,tf,5
3,time_residual_shifted_null,Z_time_resid,3710,1034,32,16,-0.018910073240476777,-0.0065251984633505344,-0.007380854449193471,-0.005420536268502474,-0.30143078899431885,0.010638297872340425,0.07543520309477757,0.07155807775662099,32.0,0.48963802155291514,-0.010903105067873047,xp2,tf,5
1,real_eeg_ridge,Z,3647,1050,32,16,0.03248718675604323,0.029476558789610863,0.06163494450638869,0.06243446469306946,-0.28083393415544666,0.025714285714285714,0.11047619047619048,0.09347093135701401,28.0,0.5462856455713598,0.060290853073197904,xp2,tf,6
1,shifted_null_ridge,Z,3647,1050,32,16,0.013028100227529649,0.012011383660137653,0.021538976220929595,0.025485709309577942,-0.2840626592247979,0.015238095238095238,0.10285714285714286,0.08293189944020693,30.0,0.520837284408713,0.022500582597890863,xp2,tf,6
1,time_only_ridge,Z,3647,1050,32,16,0.015186049509679833,0.020402662456035614,0.021951732434598463,0.022088155150413513,-0.004268889680734578,0.018095238095238095,0.07523809523809524,0.07641281925144067,31.0,0.5092472342472343,0.02554274942239006,xp2,tf,6
1,time_residual_eeg_ridge,Z_time_resid,3647,1050,32,16,0.03204852941189529,0.02959994226694107,0.04704754827383329,0.04361208342015743,-0.26901981502219496,0.02666666666666667,0.1019047619047619,0.09149344810338728,28.0,0.538812615955473,0.047208002057044555,xp2,tf,6
1,time_residual_shifted_null,Z_time_resid,3647,1050,32,16,0.006823772385359916,0.008163390448316932,-0.008342078613128424,-0.00491844885982573,-0.3188842446656688,0.013333333333333334,0.08666666666666667,0.07539383112112882,31.0,0.5034817563388992,-0.0008319915057270828,xp2,tf,6
2,real_eeg_ridge,Z,3787,955,32,16,0.03946636863111053,0.03149659000337124,0.045030607981546365,0.046358734369277954,-0.2586644760427619,0.027225130890052355,0.1130890052356021,0.096321862257139,26.0,0.5390630312096281,0.04387317574598122,xp2,tf,6
2,shifted_null_ridge,Z,3787,955,32,16,0.007606602574014687,0.014027636963874102,0.012889940378558456,0.0156787671148777,-0.2581755521994529,0.01780104712041885,0.09109947643979058,0.08503969880796357,28.0,0.5048072346501666,0.00966069526020276,xp2,tf,6
2,time_only_ridge,Z,3787,955,32,16,0.0032310836541000754,0.00047162058763206005,0.06129511927147225,0.059147074818611145,0.0018383923487469422,0.016753926701570682,0.09319371727748692,0.08615503620066046,26.0,0.5364255872109275,0.0629842067625141,xp2,tf,6
2,time_residual_eeg_ridge,Z_time_resid,3787,955,32,16,0.036823677728534676,0.03305917978286743,0.03824075376576072,0.03456863760948181,-0.2563742531519506,0.028272251308900525,0.10471204188481675,0.09398401401027423,26.0,0.5245502897335358,0.029673535237800325,xp2,tf,6
2,time_residual_shifted_null,Z_time_resid,3787,955,32,16,0.013408150941359054,0.003973754588514566,0.0034927235536535723,0.00883305910974741,-0.2732497242607721,0.018848167539267015,0.08167539267015707,0.0820823957201364,28.0,0.5050811027250819,-0.0003985047553091764,xp2,tf,6
3,real_eeg_ridge,Z,3696,1031,32,16,0.0526197474100627,0.041351575404405594,0.08754795162651054,0.0989404022693634,-0.18541437619040235,0.014548981571290009,0.1096023278370514,0.08899311946721314,25.0,0.5662062638299302,0.06904146827189528,xp2,tf,6
3,shifted_null_ridge,Z,3696,1031,32,16,-0.009211224763930659,-0.008585103088989854,-0.003680353025560494,-0.01468918938189745,-0.32642495808886873,0.014548981571290009,0.07856450048496605,0.07457486574290463,32.0,0.49461393763042644,-0.009764055851848526,xp2,tf,6
3,time_only_ridge,Z,3696,1031,32,16,-5.790760042145848e-06,-0.003114415565505624,0.03556110213652852,0.04830348864197731,-0.00010880186731720976,0.016488845780795344,0.08826382153249272,0.08274725596070462,29.0,0.5290528256095666,0.04494970929321761,xp2,tf,6
3,time_residual_eeg_ridge,Z_time_resid,3696,1031,32,16,0.05012221448123455,0.04177847504615784,0.06595427323305288,0.07195581495761871,-0.1780819795274935,0.015518913676042677,0.11057225994180407,0.08857599783341315,26.0,0.5533469655681101,0.056441782373891185,xp2,tf,6
3,time_residual_shifted_null,Z_time_resid,3696,1031,32,16,-0.004408828819578048,0.0009949073428288102,0.003920272888804747,-0.007920412346720695,-0.27879822265932996,0.01066925315227934,0.07662463627546072,0.07079005402435919,31.0,0.49857624324161665,0.0029626986880314818,xp2,tf,6
1,real_eeg_ridge,Z,3632,1048,32,16,0.027407052049966296,0.023277985863387585,0.05464645397703251,0.06190427578985691,-0.2863357144178258,0.02480916030534351,0.10209923664122138,0.09092279818712197,27.5,0.5422334091338173,0.054653397924070604,xp2,tf,7
1,shifted_null_ridge,Z,3632,1048,32,16,0.011148656061777729,0.009285119362175465,0.01889094920375274,0.025103172287344933,-0.28072551830826287,0.01717557251908397,0.08301526717557252,0.07943984797478018,30.0,0.5202392928293869,0.01986254437884874,xp2,tf,7
1,time_only_ridge,Z,3632,1048,32,16,0.013515343318431405,0.01831408590078354,0.012681298057472971,0.0069935310166329145,-0.005719818959162737,0.01812977099236641,0.07729007633587787,0.0766618017041887,32.0,0.5041792413752293,0.018383916456788354,xp2,tf,7
1,time_residual_eeg_ridge,Z_time_resid,3632,1048,32,16,0.027247869125858415,0.023721028119325638,0.04217030565711887,0.04955991543829441,-0.274301746081854,0.02099236641221374,0.09446564885496184,0.08779541946844648,27.0,0.5351686772111058,0.043532708944914525,xp2,tf,7
1,time_residual_shifted_null,Z_time_resid,3632,1048,32,16,-0.0018536114912421908,-0.0009679934591986239,-0.016376699516256445,-0.01183432200923562,-0.3247926009675486,0.019083969465648856,0.08015267175572519,0.07700956356558962,32.0,0.49545020978981563,-0.0095290807071729,xp2,tf,7
2,real_eeg_ridge,Z,3777,948,32,16,0.032993633269143174,0.02616725955158472,0.04455803172881256,0.04081921838223934,-0.254938200946361,0.023206751054852322,0.10443037974683544,0.09353491661126435,26.0,0.5369319022542455,0.04401943263050335,xp2,tf,7
2,shifted_null_ridge,Z,3777,948,32,16,0.005282208321659709,0.010925771202892065,0.014369222983706988,0.028730561025440693,-0.262032230546418,0.029535864978902954,0.0949367088607595,0.09170542267964693,28.0,0.5066180398826852,0.009428486193880906,xp2,tf,7
2,time_only_ridge,Z,3777,948,32,16,0.002290391315909801,0.0033946288167499006,0.05554487875664341,0.05090866982936859,0.0007897790241815361,0.016877637130801686,0.09915611814345991,0.08713673731050395,26.0,0.5375175419332028,0.059469893460897746,xp2,tf,7
2,time_residual_eeg_ridge,Z_time_resid,3777,948,32,16,0.030803154477325734,0.02217843197286129,0.03925946630358497,0.03886738233268261,-0.2492042960373666,0.022151898734177215,0.10021097046413502,0.09070418920411932,25.0,0.5290573070231592,0.0312630100424511,xp2,tf,7
2,time_residual_shifted_null,Z_time_resid,3777,948,32,16,0.006693207067428375,0.009508320596069098,-0.009277691448366225,0.0015631961869075894,-0.29821312172923675,0.012658227848101266,0.08966244725738397,0.07794967316666238,29.0,0.4933683315343604,-0.011249265151537957,xp2,tf,7
3,real_eeg_ridge,Z,3682,1028,32,16,0.04868145207001362,0.03768441453576088,0.08250181606684445,0.09295259788632393,-0.18976758778884184,0.02529182879377432,0.10505836575875487,0.0953628475798738,25.0,0.559527400378907,0.06523887770760799,xp2,tf,7
3,shifted_null_ridge,Z,3682,1028,32,16,-0.01117114494991256,-0.005727317882701755,-0.006649386560327537,0.004247111035510898,-0.3222889968661169,0.014591439688715954,0.07879377431906615,0.0742136618959931,31.0,0.4969668046991366,-0.006305991117014193,xp2,tf,7
3,time_only_ridge,Z,3682,1028,32,16,-0.0036062359358766116,-0.0036126585910096765,0.027744299719125533,0.03404455631971359,-0.002275936038736992,0.01556420233463035,0.08657587548638132,0.08097652262558178,29.0,0.5273745247503279,0.03883669206699015,xp2,tf,7
3,time_residual_eeg_ridge,Z_time_resid,3682,1028,32,16,0.04628073793719523,0.03696132078766823,0.06349343394895504,0.07579956203699112,-0.18112681723652724,0.023346303501945526,0.11089494163424124,0.09381371611546525,26.0,0.5511326993319574,0.05644262953813832,xp2,tf,7
3,time_residual_shifted_null,Z_time_resid,3682,1028,32,16,-0.0019013902201550081,-0.002549230819568038,0.009468793011361512,0.00945595558732748,-0.2702224186508131,0.014591439688715954,0.07782101167315175,0.0751233959580353,30.0,0.5046566208904459,0.009697634059335984,xp2,tf,7
1,real_eeg_ridge,Z,3617,1046,32,16,0.02602215939987218,0.021154521964490414,0.04446536746427767,0.052078329026699066,-0.27596367110053555,0.018164435946462717,0.09751434034416825,0.08392897420340163,29.0,0.5334456280918997,0.04650330923409912,xp2,tf,8
1,shifted_null_ridge,Z,3617,1046,32,16,0.00479310402442934,0.005301791941747069,0.010615105274689084,0.016901338007301092,-0.2891703992906256,0.015296367112810707,0.08604206500956023,0.07879307335382185,30.5,0.5093629548696471,0.00951689828534706,xp2,tf,8
1,time_only_ridge,Z,3617,1046,32,16,0.012135889737692196,0.01475015701726079,0.009945913271495029,0.020125827752053738,-0.007051320766861657,0.016252390057361378,0.08317399617590822,0.07576015948474639,31.5,0.5018058211174846,0.014747652774241867,xp2,tf,8
1,time_residual_eeg_ridge,Z_time_resid,3617,1046,32,16,0.02541349055536557,0.018073152750730515,0.03619907051995401,0.03792759217321873,-0.264151997231008,0.014340344168260038,0.08891013384321224,0.07915814251068623,28.5,0.5288020880755107,0.03783580973893592,xp2,tf,8
1,time_residual_shifted_null,Z_time_resid,3617,1046,32,16,0.0010232534841634333,-0.0003399248234927654,-0.013237518363052522,-0.011451099533587694,-0.31954325750649937,0.01338432122370937,0.07265774378585087,0.07469742073124254,31.0,0.4980651916598379,-0.006212827162015029,xp2,tf,8
2,real_eeg_ridge,Z,3767,941,32,16,0.0324837223670329,0.022799095138907433,0.04075266844928255,0.04090319573879242,-0.2522891663041342,0.025504782146652496,0.10839532412327312,0.09522031150709372,25.0,0.5359209216807517,0.04254686266546165,xp2,tf,8
2,shifted_null_ridge,Z,3767,941,32,16,-0.003973122737079393,0.004441165365278721,0.009160965205594927,0.012895416468381882,-0.2770208386410229,0.022316684378320937,0.0871413390010627,0.08503656475200783,28.0,0.49814449336234673,0.0019023575593662893,xp2,tf,8
2,time_only_ridge,Z,3767,941,32,16,0.0005870574677828699,0.009533039294183254,0.055847377361802175,0.04897773638367653,0.0008664602147847589,0.021253985122210415,0.10201912858660998,0.08970563923106632,25.0,0.5369414503314609,0.05865661685781622,xp2,tf,8
2,time_residual_eeg_ridge,Z_time_resid,3767,941,32,16,0.030086208642387646,0.023249296471476555,0.03808127247936743,0.052745550870895386,-0.24450360595827747,0.022316684378320937,0.10414452709883103,0.09009734807546609,25.0,0.5294519508122059,0.030760335257048466,xp2,tf,8
2,time_residual_shifted_null,Z_time_resid,3767,941,32,16,0.016231975416303612,0.014863846357911825,-0.001205067748021271,0.0008949158363975585,-0.2838970426701737,0.025504782146652496,0.09139213602550478,0.08807484571639577,28.0,0.4989035642595685,-0.0052886521513324115,xp2,tf,8
3,real_eeg_ridge,Z,3668,1025,32,16,0.05106085971056018,0.04064675606787205,0.07990348791638098,0.09152180701494217,-0.19894405672660054,0.03219512195121951,0.11414634146341464,0.10217420451896368,25.0,0.5651335656213705,0.06771944109824778,xp2,tf,8
3,shifted_null_ridge,Z,3668,1025,32,16,0.0006948181071493309,0.00470131600741297,0.0006064167260987366,0.01652812398970127,-0.32460696339504014,0.021463414634146343,0.09853658536585366,0.08379633371768098,30.0,0.5051258226867983,-0.001148072084218263,xp2,tf,8
3,time_only_ridge,Z,3668,1025,32,16,-0.0037934020801912993,-0.005120204528793693,0.027412667270471546,0.038555048406124115,-0.0019085600694712657,0.013658536585365854,0.08878048780487804,0.07975116542631962,29.0,0.5262330623306233,0.0383560442468114,xp2,tf,8
3,time_residual_eeg_ridge,Z_time_resid,3668,1025,32,16,0.04902145052074047,0.040003662928938866,0.06550986499957195,0.08071067929267883,-0.1886483145270499,0.03024390243902439,0.12097560975609756,0.10108883364738441,25.0,0.5578319783197833,0.060018786139517624,xp2,tf,8
3,time_residual_shifted_null,Z_time_resid,3668,1025,32,16,0.002471266343491152,0.0073164282366633415,0.014694868099538835,0.004860042128711939,-0.2765718476451873,0.00975609756097561,0.08,0.07300910559707104,30.0,0.5079674796747968,0.015479638404738254,xp2,tf,8
1,real_eeg_ridge,Z,5586,2112,32,16,0.020054755626006227,0.01606182474642992,0.05428421693728131,0.06333213672041893,-0.09554971092128506,0.024147727272727272,0.09848484848484848,0.08850575391743258,28.0,0.5399230399230399,0.050776848636805205,sleep,tf,-8
1,shifted_null_ridge,Z,5586,2112,32,16,0.0038366360611234995,0.0007097656016412657,0.014945781762134637,0.01452931808307767,-0.10685484380648536,0.013257575757575758,0.08664772727272728,0.07487619903032759,32.0,0.5054713804713805,0.009148968668654528,sleep,tf,-8
1,time_only_ridge,Z,5586,2112,32,16,0.00583250723866513,0.006502576405182481,-0.011158084785530733,-0.025050905533134937,-0.007210061759449049,0.013257575757575758,0.07054924242424243,0.06850007952515416,33.0,0.48703553391053395,-0.016040298965342766,sleep,tf,-8
1,time_residual_eeg_ridge,Z_time_resid,5586,2112,32,16,0.019841140427161008,0.017114455811679363,0.053491222926807455,0.07172836735844612,-0.09088422254471773,0.02130681818181818,0.09848484848484848,0.08612150487942216,28.0,0.5404716810966812,0.05140886431175033,sleep,tf,-8
1,time_residual_shifted_null,Z_time_resid,5586,2112,32,16,0.0031836504385864828,0.0019352392409928143,0.003063977106786765,0.006496711866930127,-0.11206822498479863,0.013257575757575758,0.07433712121212122,0.07196529815861386,33.0,0.49833152958152954,0.00149430821818033,sleep,tf,-8
2,real_eeg_ridge,Z,5631,2112,32,16,0.026236676163534867,0.02170793805271387,0.048848400573895175,0.05565030127763748,-0.08606109980254839,0.02225378787878788,0.09706439393939394,0.08743718817138543,29.0,0.5426587301587301,0.05401593406525164,sleep,tf,-8
2,shifted_null_ridge,Z,5631,2112,32,16,-0.001124349057135987,0.0007293940579984337,-0.0007189505332655355,0.005076095229014754,-0.15789904066009974,0.014678030303030304,0.07670454545454546,0.07237095187776185,32.0,0.5017210798460798,-0.0019425786607528614,sleep,tf,-8
2,time_only_ridge,Z,5631,2112,32,16,0.004110405022402119,0.004748973296955228,0.015455754700097355,0.018110605888068676,-8.764612932488092e-05,0.017518939393939392,0.08238636363636363,0.07665899271972103,31.0,0.5133402477152478,0.01613452903778584,sleep,tf,-8
2,time_residual_eeg_ridge,Z_time_resid,5631,2112,32,16,0.026775878061016556,0.02218255028128624,0.053638597105680565,0.0604148730635643,-0.08346778302626534,0.021780303030303032,0.10558712121212122,0.08753735944774312,29.0,0.541148088023088,0.05742303689134344,sleep,tf,-8
2,time_residual_shifted_null,Z_time_resid,5631,2112,32,16,0.006135987758170813,0.0073333673644810915,0.015917360273065104,0.02077894564718008,-0.12702757662869724,0.01893939393939394,0.08380681818181818,0.07957518426704223,31.0,0.5125360750360751,0.01702208700556147,sleep,tf,-8
3,real_eeg_ridge,Z,5586,2112,32,16,0.016622729894152144,0.016202788334339857,0.032634291975889275,0.03594125434756279,-0.1149289540830738,0.021780303030303032,0.09090909090909091,0.08269559810987868,30.0,0.5233661014911015,0.033663097925454924,sleep,tf,-8
3,shifted_null_ridge,Z,5586,2112,32,16,0.001483513984567253,0.0026022156816907227,0.005538280071656724,0.005870061460882425,-0.12004857897703758,0.016098484848484848,0.078125,0.07513778211953055,32.0,0.5045394420394421,0.006161054201180762,sleep,tf,-8
3,time_only_ridge,Z,5586,2112,32,16,0.008665133453177987,0.010891887824982405,0.011432598924922346,0.009049015119671822,-0.0010702608190547025,0.014678030303030304,0.07433712121212122,0.0734305171144945,31.0,0.5063657407407407,0.01105784297827445,sleep,tf,-8
3,time_residual_eeg_ridge,Z_time_resid,5586,2112,32,16,0.01667267251013982,0.017074723728001118,0.024886406720339215,0.02783124055713415,-0.11209153513427994,0.020359848484848484,0.08759469696969698,0.08107106169158712,31.0,0.5159632034632035,0.02627472381159549,sleep,tf,-8
3,time_residual_shifted_null,Z_time_resid,5586,2112,32,16,0.0017771873110632441,0.0004454528861970175,0.0012345994979651468,-0.0032609078334644437,-0.11869869283549139,0.01278409090909091,0.07528409090909091,0.07087929878808842,32.0,0.4975799663299663,-0.0009442228690470795,sleep,tf,-8
1,real_eeg_ridge,Z,5586,2112,32,16,0.016094457860162947,0.017657234333455563,0.04444654559288073,0.06214173883199692,-0.10201218854684235,0.02130681818181818,0.09611742424242424,0.08526433167660004,30.0,0.5326253607503607,0.041369552527489785,sleep,tf,-7
1,shifted_null_ridge,Z,5586,2112,32,16,0.0007503939305024687,0.0020742170745506883,0.004066322639413433,0.011755619198083878,-0.11060073365114076,0.017992424242424244,0.07433712121212122,0.0745976879646921,32.5,0.4990755772005772,-0.00162834129779877,sleep,tf,-7
1,time_only_ridge,Z,5586,2112,32,16,0.005710185490897857,0.006249689031392336,-0.012846434604977152,-0.02953222766518593,-0.007237053371994762,0.013731060606060606,0.07102272727272728,0.06917336786584048,34.0,0.48684388528138534,-0.017786121989581165,sleep,tf,-7
1,time_residual_eeg_ridge,Z_time_resid,5586,2112,32,16,0.01611268091164675,0.017229515127837658,0.05025578291917665,0.06760827079415321,-0.09651341386884216,0.020833333333333332,0.09848484848484848,0.0855022289390438,29.0,0.5417794011544012,0.0508804798204091,sleep,tf,-7
1,time_residual_shifted_null,Z_time_resid,5586,2112,32,16,-0.00022305620314000407,-0.002676170552149415,0.003830071946653692,0.006117865676060319,-0.11417720426733613,0.015625,0.0790719696969697,0.07423546130392594,32.0,0.5007741101491102,0.002938174814765097,sleep,tf,-7
2,real_eeg_ridge,Z,5631,2112,32,16,0.019747705451663933,0.01891016773879528,0.026531961690876193,0.03551097773015499,-0.11595060202269014,0.020359848484848484,0.08617424242424243,0.08143423684011084,31.0,0.5226596320346322,0.0329708887988871,sleep,tf,-7
2,shifted_null_ridge,Z,5631,2112,32,16,-0.006267979637414101,-0.007644483586773276,-0.026921687789243868,-0.035955723375082016,-0.16102879987711605,0.016098484848484848,0.07528409090909091,0.07279530247837318,35.0,0.48330026455026454,-0.024138194646215107,sleep,tf,-7
2,time_only_ridge,Z,5631,2112,32,16,0.004126725481910398,0.005432944046333432,0.01606354134608437,0.022963877767324448,-6.177759774983471e-05,0.018465909090909092,0.08570075757575757,0.0780261937941893,31.0,0.5124083092833094,0.0166908587870493,sleep,tf,-7
2,time_residual_eeg_ridge,Z_time_resid,5631,2112,32,16,0.020096992993785534,0.018338261172175407,0.03430368690447777,0.041327787563204765,-0.11345601603791722,0.02225378787878788,0.08948863636363637,0.0836687541604859,30.0,0.5242604617604618,0.0364714674447608,sleep,tf,-7
2,time_residual_shifted_null,Z_time_resid,5631,2112,32,16,0.004859584834775887,0.00679225567728281,0.007012679863361303,0.009900553617626429,-0.15102928806726879,0.015151515151515152,0.08191287878787878,0.0755601668034212,32.0,0.5075682419432419,0.00946800393456542,sleep,tf,-7
3,real_eeg_ridge,Z,5586,2112,32,16,0.011111703468486667,0.013415927533060312,0.015807526633235477,0.024624097160995007,-0.12802312230246282,0.017518939393939392,0.08001893939393939,0.07757056404948143,32.0,0.5145277176527177,0.016214780645439058,sleep,tf,-7
3,shifted_null_ridge,Z,5586,2112,32,16,-0.0010515918588680506,-0.006216824287548661,0.005727664038204239,0.0035511712776497006,-0.11738180209055704,0.015625,0.078125,0.07490840005832487,32.0,0.5009544853294853,0.008673319035949789,sleep,tf,-7
3,time_only_ridge,Z,5586,2112,32,16,0.008614364874119929,0.010177091229707003,0.012373473305841848,0.014016779605299234,-0.0010729688257451464,0.014204545454545454,0.07433712121212122,0.07313580838250773,31.0,0.5074780543530544,0.012318258609044735,sleep,tf,-7
3,time_residual_eeg_ridge,Z_time_resid,5586,2112,32,16,0.011137092871649656,0.013881252147257328,0.011369010385189513,0.016690347343683243,-0.1252550779181678,0.015625,0.0790719696969697,0.07621976134264012,31.0,0.5117544492544492,0.012324391585988166,sleep,tf,-7
3,time_residual_shifted_null,Z_time_resid,5586,2112,32,16,0.006674799999018433,0.005920156836509705,-0.0010465492340368985,0.0019372296519577503,-0.12013491674847021,0.010890151515151516,0.06392045454545454,0.06600827220156127,33.0,0.4926421957671958,-0.005470858070419583,sleep,tf,-7
1,real_eeg_ridge,Z,5586,2112,32,16,0.015155335080635268,0.013167747296392918,0.030925658854150904,0.03864653594791889,-0.10641020213912977,0.019412878787878788,0.09185606060606061,0.08343255641887118,30.0,0.5230354136604137,0.031313310797742924,sleep,tf,-6
1,shifted_null_ridge,Z,5586,2112,32,16,-0.0023616551898157923,0.0006666169792879373,0.006041268777311636,0.00979599729180336,-0.11284261250933114,0.014678030303030304,0.07433712121212122,0.07238442178450535,33.0,0.4982714045214046,0.0019000212812602727,sleep,tf,-6
1,time_only_ridge,Z,5586,2112,32,16,0.005685058262315579,0.005534344352781773,-0.013191140656309152,-0.02925222087651491,-0.007263323596040205,0.013731060606060606,0.07433712121212122,0.0690578748850351,33.0,0.48667478354978344,-0.017530374090434977,sleep,tf,-6
1,time_residual_eeg_ridge,Z_time_resid,5586,2112,32,16,0.01528761267036316,0.013885615859180689,0.04309258381429324,0.05444803461432457,-0.10030411059023181,0.020833333333333332,0.09990530303030302,0.08576555089289066,29.0,0.5329109547859547,0.04372910778869933,sleep,tf,-6
1,time_residual_shifted_null,Z_time_resid,5586,2112,32,16,-0.003424487926167785,-0.002928222296759486,-0.000414958332115134,0.006579079898074269,-0.11278142776706912,0.016098484848484848,0.07386363636363637,0.07426971023943481,32.0,0.5006313131313131,0.001513048466522773,sleep,tf,-6
2,real_eeg_ridge,Z,5631,2112,32,16,0.016936618534373338,0.017453795298933983,0.021641600585486354,0.03775980323553085,-0.11593309456330414,0.018465909090909092,0.07386363636363637,0.07657456784975863,30.0,0.5169928451178452,0.02650071582931809,sleep,tf,-6
2,shifted_null_ridge,Z,5631,2112,32,16,-0.005252314280369319,-0.005475141457282007,-0.030229371637412412,-0.03208228200674057,-0.17210951490431392,0.020833333333333332,0.07102272727272728,0.07405543720685054,35.0,0.4823983886483887,-0.026915271327599976,sleep,tf,-6
2,time_only_ridge,Z,5631,2112,32,16,0.0040759036637609825,0.005689678946509957,0.01746813715489583,0.024047025479376316,-6.086195167043229e-05,0.018465909090909092,0.08428030303030302,0.0776702339752571,31.0,0.5121227152477152,0.018167553659316295,sleep,tf,-6
2,time_residual_eeg_ridge,Z_time_resid,5631,2112,32,16,0.01738082535121066,0.019540450535714626,0.03049253057894179,0.04026542603969574,-0.11394773365515576,0.018465909090909092,0.07765151515151515,0.0775571828314783,31.0,0.5192625661375662,0.030078042124530423,sleep,tf,-6
2,time_residual_shifted_null,Z_time_resid,5631,2112,32,16,0.0008792237118768753,-0.0007944765002321219,6.527779013402213e-05,0.0029001289512962103,-0.15223779083486466,0.009943181818181818,0.07954545454545454,0.07182564149782038,32.5,0.5040809884559885,0.00468973537926235,sleep,tf,-6
3,real_eeg_ridge,Z,5586,2112,32,16,0.00939616487994499,0.008890433935448527,0.018914324465557995,0.029501711949706078,-0.130022635627983,0.015151515151515152,0.08617424242424243,0.07751265128733298,31.0,0.5160609066859067,0.017668511055293205,sleep,tf,-6
3,shifted_null_ridge,Z,5586,2112,32,16,-0.0005300259190335055,-0.0023905562702566385,0.003074248595098514,0.014296641107648611,-0.11483915715927884,0.015151515151515152,0.0771780303030303,0.0740018473708602,32.0,0.5021569865319866,0.0077071992060409635,sleep,tf,-6
3,time_only_ridge,Z,5586,2112,32,16,0.008539426107063264,0.010398377664387226,0.014475471413682113,0.01792495884001255,-0.0010767154304551774,0.013731060606060606,0.07765151515151515,0.07427009579862609,31.0,0.5098529942279942,0.01435286179633731,sleep,tf,-6
3,time_residual_eeg_ridge,Z_time_resid,5586,2112,32,16,0.00896873649560348,0.00876269768923521,0.010600014837739929,0.02488784957677126,-0.12753760213388476,0.016571969696969696,0.08617424242424243,0.07835798534593058,31.0,0.5120625901875901,0.010755170649711687,sleep,tf,-6
3,time_residual_shifted_null,Z_time_resid,5586,2112,32,16,0.002278550489791087,0.0024224482476711273,-0.016002947696223957,-0.00944966496899724,-0.1388713143362057,0.01231060606060606,0.07196969696969698,0.07045928259158983,34.0,0.4858781265031266,-0.019879558280379638,sleep,tf,-6
1,real_eeg_ridge,Z,5586,2112,32,16,0.007247495178489771,0.007542103761807084,0.025200777417573976,0.03256247565150261,-0.10643422351059018,0.017992424242424244,0.08428030303030302,0.07921310470593915,31.0,0.5200667388167388,0.028794571320529285,sleep,tf,-5
1,shifted_null_ridge,Z,5586,2112,32,16,-0.008799538122730155,-0.006267283810302615,0.00477775843673402,0.01053632190451026,-0.11231446876373363,0.013731060606060606,0.07007575757575757,0.07081816172614927,32.0,0.500368265993266,0.0018375496721052516,sleep,tf,-5
1,time_only_ridge,Z,5586,2112,32,16,0.005530358961550519,0.00604097917675972,-0.018293183504559267,-0.03182448446750641,-0.0072911282784731135,0.014678030303030304,0.07481060606060606,0.06949579878642523,34.0,0.48440506253006255,-0.02108673637539962,sleep,tf,-5
1,time_residual_eeg_ridge,Z_time_resid,5586,2112,32,16,0.007317010215047048,0.007168692769482732,0.03235722225769099,0.033333783969283104,-0.09962428723348804,0.017045454545454544,0.08522727272727272,0.07874409400126355,31.0,0.5223514911014911,0.03377201251723509,sleep,tf,-5
1,time_residual_shifted_null,Z_time_resid,5586,2112,32,16,0.0033209286343662825,0.0003943748088204302,0.00012109567062383796,0.003863492514938116,-0.10803664698796744,0.017045454545454544,0.08096590909090909,0.07519006610844775,32.0,0.5024125180375181,0.0051194288159487475,sleep,tf,-5
2,real_eeg_ridge,Z,5631,2112,32,16,0.006869872099287022,0.013184727169573307,0.01991750360159835,0.02168647013604641,-0.12281178348340394,0.014678030303030304,0.07859848484848485,0.07429092291727844,31.0,0.5129419191919192,0.021571383508315903,sleep,tf,-5
2,shifted_null_ridge,Z,5631,2112,32,16,0.0003468400154815754,-0.0006809085898566991,-0.022530068141846146,-0.024304022081196308,-0.15980630943388863,0.016098484848484848,0.08001893939393939,0.07549492822231792,33.0,0.48763678451178455,-0.021856199291031997,sleep,tf,-5
2,time_only_ridge,Z,5631,2112,32,16,0.003996975839982042,0.00590088265016675,0.016626232193078922,0.017839713022112846,-5.681797382073306e-05,0.019412878787878788,0.08428030303030302,0.0785471168923414,31.0,0.5123481842231842,0.017401311194416336,sleep,tf,-5
2,time_residual_eeg_ridge,Z_time_resid,5631,2112,32,16,0.007073172664604499,0.012171267997473478,0.029490901032521364,0.03104573581367731,-0.1214670296520699,0.015151515151515152,0.08096590909090909,0.07557877332061397,31.0,0.5167147667147667,0.02778138220672617,sleep,tf,-5
2,time_residual_shifted_null,Z_time_resid,5631,2112,32,16,-0.004968999629454629,-0.0022498504840768874,0.0034350056234457456,-0.005645725643262267,-0.1431329782946229,0.016098484848484848,0.07291666666666667,0.07447481476184556,32.0,0.5047724266474267,0.0053259222796219335,sleep,tf,-5
3,real_eeg_ridge,Z,5586,2112,32,16,0.0030685471174365375,0.005182166583836079,0.014636205257392194,0.007685596123337746,-0.13067517607365486,0.023674242424242424,0.08143939393939394,0.0816864557667463,32.0,0.5079816017316017,0.013643604609087291,sleep,tf,-5
3,shifted_null_ridge,Z,5586,2112,32,16,-0.0012868054109276272,0.0049434168031439185,0.005452072708067135,-0.00796084525063634,-0.11323041739093309,0.018465909090909092,0.08001893939393939,0.07800330793655758,33.0,0.5047273328523328,0.00822429495697911,sleep,tf,-5
3,time_only_ridge,Z,5586,2112,32,16,0.008408954468904994,0.010938705876469612,0.014382064413963015,0.011973059736192226,-0.0010719910731589177,0.015625,0.07670454545454546,0.07580011256648024,31.0,0.5103790885040885,0.01320052286549556,sleep,tf,-5
3,time_residual_eeg_ridge,Z_time_resid,5586,2112,32,16,0.0025282915175921516,0.002485498320311308,0.0027624320995559256,-0.0025770661886781454,-0.12848171762143323,0.022727272727272728,0.08996212121212122,0.08161121024323825,33.0,0.5005636724386724,0.00417948478464604,sleep,tf,-5
3,time_residual_shifted_null,Z_time_resid,5586,2112,32,16,-0.001297549069931847,-0.001669300312642008,-0.011666502233967176,-0.0040696002542972565,-0.14446992317518692,0.014204545454545454,0.07102272727272728,0.07096035723805594,33.0,0.4906430375180376,-0.01587993939454241,sleep,tf,-5
1,real_eeg_ridge,Z,5586,2112,32,16,0.005819874189910479,0.008955554571002722,0.0334362292087669,0.03583863936364651,-0.10899381562848842,0.017992424242424244,0.09706439393939394,0.08370788742234206,30.0,0.5232157888407888,0.03875388911017202,sleep,tf,-4
1,shifted_null_ridge,Z,5586,2112,32,16,-0.004756304648708465,-0.004982474143616855,0.007214159829182811,0.011372477747499943,-0.10774041346643282,0.013257575757575758,0.07433712121212122,0.07229060693882657,32.0,0.5072601010101009,0.005148729377949049,sleep,tf,-4
1,time_only_ridge,Z,5586,2112,32,16,0.005222870022407733,0.0060226814821362495,-0.021339942805670118,-0.04687700793147087,-0.007336585917205873,0.013257575757575758,0.07339015151515152,0.06827672965797012,34.0,0.483638468013468,-0.022224527740508485,sleep,tf,-4
1,time_residual_eeg_ridge,Z_time_resid,5586,2112,32,16,0.006183495612731349,0.009189596865326166,0.040186002556452244,0.04486278258264065,-0.1017199409206202,0.015625,0.09232954545454546,0.08117947373220817,30.0,0.5257711038961038,0.042012539437490615,sleep,tf,-4
1,time_residual_shifted_null,Z_time_resid,5586,2112,32,16,0.0007525300832185167,-0.0026279300218448043,-0.00786572876387998,-0.013322414364665747,-0.11073473396098898,0.019886363636363636,0.08143939393939394,0.07892007621709662,33.0,0.5010296416546417,-0.0010886725312481262,sleep,tf,-4
2,real_eeg_ridge,Z,5631,2112,32,16,0.0036359844634716865,0.0021883509471081197,0.03308781772364517,0.03668675199151039,-0.11983394266126646,0.014204545454545454,0.08001893939393939,0.07610547304514297,31.0,0.5191648629148629,0.03226245870860215,sleep,tf,-4
2,shifted_null_ridge,Z,5631,2112,32,16,-0.004507175688559073,0.0008440694364253432,-0.02793649099372818,-0.03604701720178127,-0.17177716269974908,0.014204545454545454,0.07765151515151515,0.0720050919514057,35.0,0.47797168109668103,-0.02932679058640231,sleep,tf,-4
2,time_only_ridge,Z,5631,2112,32,16,0.003837139633105835,0.005662471987307072,0.01539664205335033,0.017638694494962692,-7.169610796142756e-05,0.018465909090909092,0.08522727272727272,0.07778755181421815,32.0,0.5106083152958153,0.01633098564617895,sleep,tf,-4
2,time_residual_eeg_ridge,Z_time_resid,5631,2112,32,16,0.0037501149072340922,0.0020369780249893665,0.038851587300584786,0.04409703426063061,-0.11911789056064159,0.014678030303030304,0.08143939393939394,0.0765372701881215,30.0,0.5234337421837423,0.03740518690409677,sleep,tf,-4
2,time_residual_shifted_null,Z_time_resid,5631,2112,32,16,-0.005478277686961519,-0.007754856953397393,0.008631718380566974,0.006455651018768549,-0.14440171060442175,0.017992424242424244,0.08712121212121213,0.07856802616803053,32.0,0.5072300384800386,0.010078759220061571,sleep,tf,-4
3,real_eeg_ridge,Z,5586,2112,32,16,0.0047801426735532004,0.0023349782859440893,0.022809508861548762,0.013884373009204865,-0.12455729804529914,0.016098484848484848,0.09185606060606061,0.0797917173476851,32.0,0.5133177008177008,0.02168170803408793,sleep,tf,-4
3,shifted_null_ridge,Z,5586,2112,32,16,-0.0027061148757638875,-0.005054999724961817,-0.0018129216253769162,0.0013873933348804712,-0.11667284249134857,0.015625,0.07670454545454546,0.07400045700503097,32.0,0.5010070947570947,0.000383011735680063,sleep,tf,-4
3,time_only_ridge,Z,5586,2112,32,16,0.008347146209416678,0.01120320474728942,0.015028188930617751,0.016338850371539593,-0.0010605670453807114,0.016571969696969696,0.07623106060606061,0.07635981036525707,32.0,0.510860088985089,0.013128199116170667,sleep,tf,-4
3,time_residual_eeg_ridge,Z_time_resid,5586,2112,32,16,0.004418668567268469,0.0011396954796509817,0.011052898026016257,0.0030523509485647082,-0.12303638507609982,0.016098484848484848,0.08901515151515152,0.07913186718435677,32.0,0.5072375541125541,0.012563587137107764,sleep,tf,-4
3,time_residual_shifted_null,Z_time_resid,5586,2112,32,16,-0.00772714389313478,-0.009839185047894716,-0.01161603461761126,-0.010100336279720068,-0.13807965952713097,0.016571969696969696,0.06960227272727272,0.07172961018263126,33.0,0.4941753848003847,-0.01570526467547926,sleep,tf,-4
1,real_eeg_ridge,Z,5586,2112,32,16,0.007820037397323176,0.003952329861931503,0.04041032843777044,0.042017826810479164,-0.10965073438724104,0.020359848484848484,0.08759469696969698,0.08160541164187068,30.0,0.5241777898027898,0.04445133108363481,sleep,tf,-3
1,shifted_null_ridge,Z,5586,2112,32,16,0.00042325381946284324,0.001937831286340952,0.0038346228230921042,0.008314627688378096,-0.11341322824514699,0.014678030303030304,0.07575757575757576,0.07319095605755721,32.0,0.503088924963925,-0.0011591094771879187,sleep,tf,-3
1,time_only_ridge,Z,5586,2112,32,16,0.0050895912645501085,0.004951222101226449,-0.021955080306201347,-0.044425349682569504,-0.007354410171505066,0.013731060606060606,0.07433712121212122,0.06900614619623048,34.0,0.48463804713804715,-0.02292297346380076,sleep,tf,-3
1,time_residual_eeg_ridge,Z_time_resid,5586,2112,32,16,0.008161721496435348,0.0036038123071193695,0.04111385307697384,0.04648788459599018,-0.1030128505984802,0.019412878787878788,0.08001893939393939,0.08076530096880394,30.0,0.5204800986050986,0.04117243318876984,sleep,tf,-3
1,time_residual_shifted_null,Z_time_resid,5586,2112,32,16,-0.011599907041414781,-0.013037770055234432,-0.018639133595267292,-0.022425404749810696,-0.11656584700389239,0.016098484848484848,0.07859848484848485,0.0739274765292732,33.0,0.49347643097643096,-0.009232545070112862,sleep,tf,-3
2,real_eeg_ridge,Z,5631,2112,32,16,0.004114429651963292,0.004645714187063277,0.04004740397190152,0.040446242317557335,-0.11242481017199846,0.017518939393939392,0.08570075757575757,0.07967619532328875,31.0,0.5224792568542568,0.03870510692136671,sleep,tf,-3
2,shifted_null_ridge,Z,5631,2112,32,16,-0.007544452367255872,-0.002811866346746683,-0.02814938608690737,-0.030235357582569122,-0.1653610271092203,0.01278409090909091,0.06202651515151515,0.06757740871118081,34.0,0.47824224386724384,-0.027107430813170626,sleep,tf,-3
2,time_only_ridge,Z,5631,2112,32,16,0.0035744076667469926,0.005870298482477665,0.014399423694513733,0.01622908003628254,-9.625640387289636e-05,0.019412878787878788,0.08475378787878787,0.07857431248783141,32.0,0.5106872294372293,0.015710895585305962,sleep,tf,-3
2,time_residual_eeg_ridge,Z_time_resid,5631,2112,32,16,0.00412219021745841,0.0035892195301130414,0.041669625104497864,0.03582052141427994,-0.11209834661484486,0.016571969696969696,0.08475378787878787,0.07937428717482686,30.5,0.5238997113997115,0.040159539335721285,sleep,tf,-3
2,time_residual_shifted_null,Z_time_resid,5631,2112,32,16,8.221627831517253e-05,-0.0025696001248434186,0.003932011424143583,0.007821082603186369,-0.1452415554641182,0.013731060606060606,0.07954545454545454,0.07428637583616463,32.0,0.5034196127946128,0.0040336638710767965,sleep,tf,-3
3,real_eeg_ridge,Z,5586,2112,32,16,0.005247124683592119,0.002934283227659762,0.033915248112889734,0.03762863017618656,-0.10837223858680356,0.016571969696969696,0.08617424242424243,0.07943278471642988,31.0,0.5238471019721019,0.032058831371129456,sleep,tf,-3
3,shifted_null_ridge,Z,5586,2112,32,16,0.0007899452066340018,-0.002850031654816121,0.0008553469162410638,-0.005593446083366871,-0.11127590611687155,0.017045454545454544,0.07859848484848485,0.07472724426935108,32.0,0.4967908249158249,0.0024411162542364788,sleep,tf,-3
3,time_only_ridge,Z,5586,2112,32,16,0.008123736319248565,0.009972514118999243,0.012044412283136746,0.009157470427453518,-0.0010640862839479404,0.015151515151515152,0.07386363636363637,0.07455450259937643,32.0,0.5100333694083694,0.0118396208136999,sleep,tf,-3
3,time_residual_eeg_ridge,Z_time_resid,5586,2112,32,16,0.004955240849085385,0.0033412350458092988,0.022711220092115913,0.03339299000799656,-0.10721866375533584,0.014678030303030304,0.08475378787878787,0.07808271247801826,31.0,0.5191648629148629,0.024712271689221157,sleep,tf,-3
3,time_residual_shifted_null,Z_time_resid,5586,2112,32,16,-0.008399866193940397,-0.013568753376603127,-0.016874568902232677,-0.020962518639862537,-0.14032858233936873,0.01278409090909091,0.06297348484848485,0.06765196890178347,34.0,0.4867349086099086,-0.021263158831610937,sleep,tf,-3
1,real_eeg_ridge,Z,5586,2112,32,16,0.013198800938880595,0.01328887464478612,0.04009941055361802,0.05413012579083443,-0.0931418719973982,0.016098484848484848,0.08238636363636363,0.078326109805976,29.0,0.5299723424723425,0.044275237658325146,sleep,tf,-2
1,shifted_null_ridge,Z,5586,2112,32,16,-0.0018199029600509675,-0.0018961346067953855,0.003922645886439458,0.016230635344982147,-0.11810638939453022,0.01278409090909091,0.07481060606060606,0.07180351594692998,32.0,0.5028221200096201,0.0005506449034808162,sleep,tf,-2
1,time_only_ridge,Z,5586,2112,32,16,0.004881325825408567,0.004012420191429555,-0.02056903192359724,-0.04267019219696522,-0.0073495166630093145,0.013257575757575758,0.07244318181818182,0.0690221697720067,34.0,0.4852693602693603,-0.02194863587685129,sleep,tf,-2
1,time_residual_eeg_ridge,Z_time_resid,5586,2112,32,16,0.013678917224751785,0.013687660451978445,0.0404086531187042,0.05679920129477978,-0.08766458397140764,0.011837121212121212,0.078125,0.07487274394138259,30.0,0.5242529461279462,0.039147557741063474,sleep,tf,-2
1,time_residual_shifted_null,Z_time_resid,5586,2112,32,16,-0.0036181945470161736,-0.0036064861342310905,-0.005221715258299451,-0.00486691715195775,-0.11127986226687225,0.014678030303030304,0.07954545454545454,0.07444184263185245,32.0,0.5036976911976913,0.003514766377794907,sleep,tf,-2
2,real_eeg_ridge,Z,5631,2112,32,16,0.0051216960473539075,0.007321526762098074,0.028862343875730265,0.029927006922662258,-0.11619973811617501,0.017518939393939392,0.08617424242424243,0.07853327383132777,31.0,0.5188943001443002,0.025923509776181734,sleep,tf,-2
2,shifted_null_ridge,Z,5631,2112,32,16,-0.0003148079172206053,0.006028515286743641,-0.011029744201881509,-0.002626443631015718,-0.15228135704989376,0.013731060606060606,0.07575757575757576,0.07126524109841385,33.0,0.4934839466089467,-0.010886406533616463,sleep,tf,-2
2,time_only_ridge,Z,5631,2112,32,16,0.0033504001912660897,0.005810533184558153,0.013869958610360878,0.016528150998055935,-7.899826539325971e-05,0.017992424242424244,0.08333333333333333,0.0768379808186204,32.0,0.509184102934103,0.01501338502017465,sleep,tf,-2
2,time_residual_eeg_ridge,Z_time_resid,5631,2112,32,16,0.005100545373352361,0.00892174057662487,0.032710656362400996,0.03562064841389656,-0.11652668022992585,0.017045454545454544,0.08049242424242424,0.0781825131713294,31.0,0.519615800865801,0.029383904105940165,sleep,tf,-2
2,time_residual_shifted_null,Z_time_resid,5631,2112,32,16,-0.002390463583651581,-0.0014986177266109735,-0.005010861434791216,0.0015604346408508718,-0.15984454864191266,0.01893939393939394,0.0771780303030303,0.07422725361194128,33.0,0.49727182539682535,-0.0063981484105334815,sleep,tf,-2
3,real_eeg_ridge,Z,5586,2112,32,16,0.006831055841757916,0.009776817634701729,0.026994632011599497,0.02580101601779461,-0.10823346542250656,0.014204545454545454,0.08948863636363637,0.07775994398367381,31.0,0.5173686267436268,0.0266125677089629,sleep,tf,-2
3,shifted_null_ridge,Z,5586,2112,32,16,-0.002660151169038727,-0.005022028461098671,0.003517306286415657,0.012688110116869211,-0.10739832781570913,0.011363636363636364,0.0790719696969697,0.06996037052301439,31.5,0.5043214886964886,0.006073356914767573,sleep,tf,-2
3,time_only_ridge,Z,5586,2112,32,16,0.007991328795924346,0.00912416772916913,0.01158618299551549,0.010723187122493982,-0.0010792148199330054,0.014678030303030304,0.07196969696969698,0.07376444909876655,32.0,0.5090262746512746,0.011183032768338683,sleep,tf,-2
3,time_residual_eeg_ridge,Z_time_resid,5586,2112,32,16,0.006640479085035622,0.009575663600116968,0.021580258731763603,0.0200939467176795,-0.10752848469090592,0.017045454545454544,0.09232954545454546,0.07946310894753493,31.0,0.5160834535834535,0.02479720872662962,sleep,tf,-2
3,time_residual_shifted_null,Z_time_resid,5586,2112,32,16,-0.002428240054541675,-0.006365170003846288,-0.019513760528254515,-0.016270884312689304,-0.1357487367418757,0.01278409090909091,0.06818181818181818,0.06803288669389547,34.0,0.4834731240981241,-0.024423380072011353,sleep,tf,-2
1,real_eeg_ridge,Z,5586,2112,32,16,0.010065648861200316,0.010738704819232225,0.02457335300494268,0.021033483557403088,-0.09024472017575014,0.01893939393939394,0.08522727272727272,0.08025199767539017,31.0,0.519059644059644,0.030473807955478494,sleep,tf,-1
1,shifted_null_ridge,Z,5586,2112,32,16,0.0023616522739757784,0.002287679584696889,0.003660496887870536,0.014828982762992382,-0.11659492455273246,0.013257575757575758,0.07575757575757576,0.07119854759485164,32.0,0.5043440355940356,0.002614395615102521,sleep,tf,-1
1,time_only_ridge,Z,5586,2112,32,16,0.004819288558792323,0.0035195498494431376,-0.018136935500072497,-0.04031177796423435,-0.007352296708348582,0.014678030303030304,0.07339015151515152,0.06978076505519974,34.0,0.48453282828282834,-0.019783157319944275,sleep,tf,-1
1,time_residual_eeg_ridge,Z_time_resid,5586,2112,32,16,0.010806081168993842,0.010607201606035233,0.02938773722529952,0.02555309794843197,-0.08577740583149929,0.020359848484848484,0.08001893939393939,0.07931996084177673,31.0,0.5128291847041847,0.029488282083413024,sleep,tf,-1
1,time_residual_shifted_null,Z_time_resid,5586,2112,32,16,-0.006765232257748721,-0.009284663246944547,-0.003721332621745949,-0.007434844505041838,-0.11141358096070597,0.01893939393939394,0.08428030303030302,0.07827149843820531,32.0,0.5027882996632996,0.0039027462608223324,sleep,tf,-1
2,real_eeg_ridge,Z,5631,2112,32,16,0.0017269894324272173,0.0009972261905204505,0.008856448751361533,0.019939192570745945,-0.1275728269895282,0.013257575757575758,0.07339015151515152,0.07093975293945998,32.0,0.5049753487253488,0.007244681156308188,sleep,tf,-1
2,shifted_null_ridge,Z,5631,2112,32,16,-0.0004512721498031169,-0.000528526958078146,-0.005925254397806846,0.0014534140937030315,-0.14056621592348129,0.013257575757575758,0.07054924242424243,0.07131356279095893,32.0,0.500713985088985,-0.002356176525665713,sleep,tf,-1
2,time_only_ridge,Z,5631,2112,32,16,0.003294610397915676,0.005805830471217632,0.014079780573755477,0.020605378784239292,-8.49116560532881e-05,0.018465909090909092,0.08285984848484848,0.0778245949567371,32.0,0.5104692760942761,0.01553424802218544,sleep,tf,-1
2,time_residual_eeg_ridge,Z_time_resid,5631,2112,32,16,0.0018340297592658317,0.0016993833414744586,0.011504723032572023,0.016778848133981228,-0.12912046913597175,0.01278409090909091,0.07102272727272728,0.07109496847535667,32.0,0.5069970538720538,0.009397660671127324,sleep,tf,-1
2,time_residual_shifted_null,Z_time_resid,5631,2112,32,16,-0.0031946327617333736,-0.0021664892556145787,-0.018689606385040945,-0.024154101498425007,-0.16614358371651838,0.016571969696969696,0.07102272727272728,0.0717280484275173,34.0,0.48466810966810964,-0.021008490747183448,sleep,tf,-1
3,real_eeg_ridge,Z,5586,2112,32,16,0.004576791867975771,0.003052594023756683,0.01868119496060155,0.014365782495588064,-0.11048115348147669,0.017518939393939392,0.08712121212121213,0.07893931879293052,31.0,0.5099356661856663,0.019089153064477265,sleep,tf,-1
3,shifted_null_ridge,Z,5586,2112,32,16,0.0004480270763451699,0.002881205757148564,-0.00016945778211128058,-0.008652681019157171,-0.10909940007903152,0.01893939393939394,0.08285984848484848,0.07679128979543333,33.0,0.49785052910052907,-0.0005369858363621255,sleep,tf,-1
3,time_only_ridge,Z,5586,2112,32,16,0.007966914721691865,0.008773180190473795,0.012302937097033326,0.010181972291320562,-0.001093612474149186,0.014204545454545454,0.07196969696969698,0.07266311591647107,31.0,0.5082822270322271,0.011514524326571454,sleep,tf,-1
3,time_residual_eeg_ridge,Z_time_resid,5586,2112,32,16,0.004435374112290447,0.0034502260386943817,0.012077806252064378,0.006503228330984712,-0.11047654074809876,0.021780303030303032,0.08854166666666667,0.08150880318412507,32.0,0.5081469456469456,0.014900017364549507,sleep,tf,-1
3,time_residual_shifted_null,Z_time_resid,5586,2112,32,16,-0.003775365330511704,-0.005346393212676048,-0.031746370436015546,-0.033259615302085876,-0.13866793545414602,0.015151515151515152,0.058712121212121215,0.06636931490547601,35.0,0.4743416305916306,-0.0355460532863856,sleep,tf,-1
1,real_eeg_ridge,Z,5586,2112,32,16,0.008444539475021884,0.003569219494238496,0.017802291057278402,0.02538356278091669,-0.10663281771080202,0.015151515151515152,0.07954545454545454,0.07488928844336329,31.0,0.5099732443482443,0.015434193374908901,sleep,tf,0
1,shifted_null_ridge,Z,5586,2112,32,16,0.004478106493479572,0.007802816806361079,0.007283668388843332,0.005069849314168096,-0.10485904019717474,0.018465909090909092,0.08191287878787878,0.0762847132344572,32.0,0.5064183501683502,0.008218721494815978,sleep,tf,0
1,time_only_ridge,Z,5586,2112,32,16,0.00482390909382957,0.0028765833703801036,-0.016627863445550742,-0.02945065125823021,-0.007321490936434305,0.014204545454545454,0.07054924242424243,0.06920926197333961,34.0,0.48432239057239057,-0.019405224468905843,sleep,tf,0
1,time_residual_eeg_ridge,Z_time_resid,5586,2112,32,16,0.009215258275617089,0.0031194871990010142,0.022576117791548753,0.03515034168958664,-0.10196002430979556,0.016571969696969696,0.08285984848484848,0.0769015059061602,31.0,0.5138137325637325,0.021587181843391125,sleep,tf,0
1,time_residual_shifted_null,Z_time_resid,5586,2112,32,16,-0.005048547506476098,-0.011417452711611986,-0.0018089172295441874,0.00681612198241055,-0.12785723200739585,0.017518939393939392,0.07054924242424243,0.07405999185621533,32.0,0.5019390331890332,0.0026229291244333416,sleep,tf,0
2,real_eeg_ridge,Z,5631,2112,32,16,-0.0008678006452100817,0.002241858630441129,0.0068180806814036096,0.0032238344429060817,-0.12752039128342174,0.010890151515151516,0.07196969696969698,0.07017463215240133,32.0,0.5035473785473786,0.005179011965149502,sleep,tf,0
2,shifted_null_ridge,Z,5631,2112,32,16,-0.0009002288679766934,-0.005273616407066584,-0.011711565088370951,-0.009392750915139914,-0.14091101539279371,0.011837121212121212,0.07102272727272728,0.0705204120535101,33.0,0.4975949975949976,-0.004173173225376517,sleep,tf,0
2,time_only_ridge,Z,5631,2112,32,16,0.0033293538690486457,0.006025388604030013,0.014448948106326387,0.0133694838732481,-0.0001257357062887099,0.018465909090909092,0.08001893939393939,0.07727291522965986,31.0,0.5090638528138528,0.014599229294413133,sleep,tf,0
2,time_residual_eeg_ridge,Z_time_resid,5631,2112,32,16,-0.0008347807051904965,0.00286518398206681,0.003864128422761,-0.0011978704715147614,-0.12900897660869948,0.01231060606060606,0.07007575757575757,0.07124353083055975,33.0,0.5003832972582973,0.0026960818897930204,sleep,tf,0
2,time_residual_shifted_null,Z_time_resid,5631,2112,32,16,-0.002191832973039709,-0.005457202671095729,-0.01667013901268974,-0.020303234457969666,-0.1564330076477567,0.017045454545454544,0.07339015151515152,0.07192908035539385,34.0,0.48723094035594033,-0.019818750859315518,sleep,tf,0
3,real_eeg_ridge,Z,5586,2112,32,16,-0.0007887103179200494,-0.0014526874583680183,0.01089174010339224,0.004238859750330448,-0.1086198423130873,0.01893939393939394,0.08380681818181818,0.07734202241878296,32.0,0.5009469696969697,0.0068891541855557155,sleep,tf,0
3,shifted_null_ridge,Z,5586,2112,32,16,0.003842350528429961,0.0012315376661717892,0.010324221594408189,0.020598256029188633,-0.10709331607355277,0.016571969696969696,0.09138257575757576,0.0771232689386902,32.0,0.5025402837902837,0.002941545148171063,sleep,tf,0
3,time_only_ridge,Z,5586,2112,32,16,0.00799679560077493,0.008822097443044186,0.013872988840431031,0.012080310378223658,-0.0010936644724457434,0.014678030303030304,0.07291666666666667,0.07360409895534781,31.0,0.508485149110149,0.012220450341915054,sleep,tf,0
3,time_residual_eeg_ridge,Z_time_resid,5586,2112,32,16,-0.0010456024981522205,-0.0012022496412100736,0.002983428296857076,-0.010285154450684786,-0.10878279221957765,0.015625,0.08428030303030302,0.07511891383010938,32.0,0.49770021645021656,0.004060261070522528,sleep,tf,0
3,time_residual_shifted_null,Z_time_resid,5586,2112,32,16,-0.006878234182295273,-0.006148478132672608,-0.029798798021650356,-0.043711161240935326,-0.14054120241219126,0.014204545454545454,0.06723484848484848,0.06992823349278154,35.0,0.47880591630591635,-0.031171656118208362,sleep,tf,0
1,real_eeg_ridge,Z,5586,2112,32,16,0.006448920713864936,0.0027288899291306734,0.00965234601658198,0.005434325663372874,-0.11478090923392736,0.016098484848484848,0.0771780303030303,0.07534201666662788,32.0,0.5051181457431457,0.01013760706241951,sleep,tf,1
1,shifted_null_ridge,Z,5586,2112,32,16,0.0014656257662863936,0.0007071160362102091,0.002243908831036551,-0.01039840467274189,-0.10766966208505635,0.016571969696969696,0.08428030303030302,0.0756474508000217,33.0,0.49584009740259744,0.00022538403093601573,sleep,tf,1
1,time_only_ridge,Z,5586,2112,32,16,0.007747581395960879,0.008675273275002837,-0.018025973925074195,-0.022925497964024544,-0.0074790402303686054,0.015151515151515152,0.07196969696969698,0.06963887340676894,33.0,0.4854722823472823,-0.01999265583120651,sleep,tf,1
1,time_residual_eeg_ridge,Z_time_resid,5586,2112,32,16,0.007265558452672849,0.0027108374051749706,0.016770801256839288,0.017109250649809837,-0.11006924400599427,0.017045454545454544,0.08143939393939394,0.07600235776398642,32.0,0.5089285714285715,0.014590873245237048,sleep,tf,1
1,time_residual_shifted_null,Z_time_resid,5586,2112,32,16,-0.000645907957732561,-0.0008102108404273167,0.0039045071639451853,0.010319935157895088,-0.1343241870098506,0.011363636363636364,0.08428030303030302,0.07362294068884276,32.0,0.5098079004329005,0.007820885475435503,sleep,tf,1
2,real_eeg_ridge,Z,5631,2112,32,16,-0.005527454437469714,-0.005275260074995458,0.014060400541535328,0.021705111488699913,-0.13011178558599146,0.010890151515151516,0.07386363636363637,0.07082152638824148,32.0,0.5022020803270804,0.008290973218192268,sleep,tf,1
2,shifted_null_ridge,Z,5631,2112,32,16,0.0033561190284672193,0.004333471297286451,-0.003599318642183348,-0.01394752785563469,-0.1366810153248541,0.016571969696969696,0.07954545454545454,0.0746377136782338,32.0,0.5045845358345359,0.004336177385814269,sleep,tf,1
2,time_only_ridge,Z,5631,2112,32,16,0.0033602483074446354,0.01110866665840149,0.004573851246630746,0.012231759261339903,-0.0006440152700570856,0.019412878787878788,0.08238636363636363,0.07690572120448283,32.0,0.5042237854737854,0.006782028731318469,sleep,tf,1
2,time_residual_eeg_ridge,Z_time_resid,5631,2112,32,16,-0.005613479273961275,-0.005531861213967204,0.0057561074134245055,0.008036066079512239,-0.13129832653104678,0.009943181818181818,0.07481060606060606,0.06985262011463286,32.0,0.500308140933141,0.0047512767088170515,sleep,tf,1
2,time_residual_shifted_null,Z_time_resid,5631,2112,32,16,0.004683771096097189,0.005476413993164897,-0.0039907334657724195,-0.007798172999173403,-0.13551265103585908,0.015151515151515152,0.07102272727272728,0.07228432478769889,33.0,0.4968434343434344,-0.006225610575446144,sleep,tf,1
3,real_eeg_ridge,Z,5586,2112,32,16,-0.005056899530245573,-0.009136243723332882,0.0035867444100858847,0.006021426757797599,-0.11129224784387381,0.013257575757575758,0.08285984848484848,0.0731305153543987,33.0,0.4979632635882636,0.003740488602518428,sleep,tf,1
3,shifted_null_ridge,Z,5586,2112,32,16,0.0030253505592554575,0.003313870169222355,0.0003200202272499596,0.00651374482549727,-0.11274499230781965,0.017045454545454544,0.07670454545454546,0.07517457279285246,33.0,0.49845929533429534,-0.003982850959664009,sleep,tf,1
3,time_only_ridge,Z,5586,2112,32,16,0.00700347192469053,0.009548511356115341,0.011847271360538385,0.013795752543956041,-0.0011176693755245992,0.016098484848484848,0.07433712121212122,0.07448747130821325,31.0,0.5092517436267435,0.012449957047025454,sleep,tf,1
3,time_residual_eeg_ridge,Z_time_resid,5586,2112,32,16,-0.00485417190429871,-0.00713902129791677,0.003421831518525406,0.008384285494685173,-0.11109506446852357,0.016098484848484848,0.08285984848484848,0.07440689187383315,32.0,0.5004058441558441,0.004018239700326688,sleep,tf,1
3,time_residual_shifted_null,Z_time_resid,5586,2112,32,16,-0.004571015862893546,-0.002104716724716127,-0.01409429060505786,-0.011019715573638678,-0.12962072307786365,0.014678030303030304,0.06439393939393939,0.06951107575481458,33.0,0.4926346801346801,-0.015347274196123516,sleep,tf,1
1,real_eeg_ridge,Z,5586,2112,32,16,0.0036128641258983407,-0.0018024290911853313,0.009594984248382609,0.0052900954615324736,-0.11258468523705645,0.017992424242424244,0.08143939393939394,0.07669524550372459,32.0,0.5026304713804715,0.006031216327471443,sleep,tf,2
1,shifted_null_ridge,Z,5586,2112,32,16,0.005039582248173247,0.00333685171790421,0.014573998728723602,0.01796230487525463,-0.10342437001310478,0.016098484848484848,0.08096590909090909,0.07654467567041014,32.0,0.5079289923039924,0.011239968299280444,sleep,tf,2
1,time_only_ridge,Z,5586,2112,32,16,0.0071528459375258535,0.010715271346271038,-0.016731031698413695,-0.01758081093430519,-0.007628043151619579,0.013731060606060606,0.07623106060606061,0.06986657228682981,33.0,0.4876818783068783,-0.021358940920645584,sleep,tf,2
1,time_residual_eeg_ridge,Z_time_resid,5586,2112,32,16,0.00485462894266675,-0.001680755813140422,0.0150077817813574,0.008617946412414312,-0.10903992319905798,0.013257575757575758,0.07954545454545454,0.07449776265483957,32.0,0.5049001924001925,0.011129831754004447,sleep,tf,2
1,time_residual_shifted_null,Z_time_resid,5586,2112,32,16,-0.0021535464766202495,-0.0008905295981094241,-0.00844885147360015,-0.011104052420705557,-0.12464062998849657,0.01231060606060606,0.07054924242424243,0.06955336194562381,32.0,0.4992033429533429,-0.003216591406038977,sleep,tf,2
2,real_eeg_ridge,Z,5631,2112,32,16,-0.007458801392203895,-0.009393635205924511,0.018098879887723095,0.024742087349295616,-0.1299496427723208,0.013731060606060606,0.07481060606060606,0.07198605806975832,32.0,0.5052308802308804,0.009441677033448843,sleep,tf,2
2,shifted_null_ridge,Z,5631,2112,32,16,-0.0021320507157724933,-0.0022907668026164174,-0.00431520219844074,-0.010136093478649855,-0.1336706544756816,0.017045454545454544,0.07244318181818182,0.07392862528003488,32.0,0.49455116642616637,-0.002745664358063542,sleep,tf,2
2,time_only_ridge,Z,5631,2112,32,16,0.0011353445952408947,0.005035978741943836,-0.0026616282728244905,-0.0023850821889936924,-0.001268893521636505,0.015625,0.08475378787878787,0.07468893564265015,33.0,0.49770773208273206,-0.0011138024438893752,sleep,tf,2
2,time_residual_eeg_ridge,Z_time_resid,5631,2112,32,16,-0.007495112069591414,-0.009051207453012466,0.00633685588404591,0.006935614161193371,-0.1305471647086327,0.010890151515151516,0.06960227272727272,0.06993861419539565,32.0,0.5015407046657047,0.003096416570850346,sleep,tf,2
2,time_residual_shifted_null,Z_time_resid,5631,2112,32,16,-0.0011003278850694187,0.0036368750734254718,-0.004929728940148628,-0.001000810123514384,-0.14473867159269216,0.019886363636363636,0.08191287878787878,0.07760705919881901,33.0,0.4987524050024051,-0.004986088394423491,sleep,tf,2
3,real_eeg_ridge,Z,5586,2112,32,16,-0.0005234994232523604,-0.0024910022038966417,0.0060392497007204365,0.006113767623901367,-0.11676322920824322,0.01893939393939394,0.08143939393939394,0.07829834253075195,32.0,0.5029310966810967,0.004828394622646137,sleep,tf,2
3,shifted_null_ridge,Z,5586,2112,32,16,-0.0008318976397276856,-0.0034248116426169872,0.0025626564116700565,-0.0025369187351316214,-0.12067407516332995,0.017045454545454544,0.08522727272727272,0.07809513586276648,33.0,0.5047874579124579,0.0030942898890320113,sleep,tf,2
3,time_only_ridge,Z,5586,2112,32,16,0.0051065354491584,0.010691341012716293,0.00986588375359464,0.010217694099992514,-0.001144717769888448,0.015151515151515152,0.07623106060606061,0.07288305058459382,31.0,0.5050279581529582,0.0071668459550937235,sleep,tf,2
3,time_residual_eeg_ridge,Z_time_resid,5586,2112,32,16,-0.00011943108984269202,-0.0011650505475699902,0.007934748917953337,0.015251769684255123,-0.11638303512860593,0.01893939393939394,0.07765151515151515,0.07742683074368606,32.0,0.5044868326118326,0.00611680061042129,sleep,tf,2
3,time_residual_shifted_null,Z_time_resid,5586,2112,32,16,-0.004344256729382323,-0.003180638770572841,-0.014886757160049703,-0.008321358822286129,-0.12766852642725324,0.013257575757575758,0.06960227272727272,0.06892608848793098,33.0,0.4917553511303512,-0.014819316534969675,sleep,tf,2
1,real_eeg_ridge,Z,5586,2112,32,16,-0.0030354619277659367,-0.00644333497621119,0.004364876128475413,0.001004737801849842,-0.10970098632751202,0.018465909090909092,0.07528409090909091,0.0750815507372617,33.0,0.49791816979316983,0.0021614538300784194,sleep,tf,3
1,shifted_null_ridge,Z,5586,2112,32,16,0.010519703282625414,0.00972674647346139,0.019233438206521732,0.0326217133551836,-0.107461428252007,0.015625,0.08570075757575757,0.07813759665842011,31.0,0.5143698893698894,0.01494306310102762,sleep,tf,3
1,time_only_ridge,Z,5586,2112,32,16,0.0064769008286020835,0.006268386263400316,-0.01730528452019991,-0.021754203364253044,-0.007891646276012132,0.013731060606060606,0.07291666666666667,0.0695626303975454,33.0,0.48818542568542567,-0.02242714415666463,sleep,tf,3
1,time_residual_eeg_ridge,Z_time_resid,5586,2112,32,16,-0.001517804976174375,-0.005805805325508118,0.0149185219097214,0.008595602586865425,-0.10727825062080543,0.018465909090909092,0.0790719696969697,0.07685072726100882,33.0,0.50433651996152,0.010349949600036965,sleep,tf,3
1,time_residual_shifted_null,Z_time_resid,5586,2112,32,16,-0.0048798341440488,-0.003204636392183602,-0.004458936163914233,-0.004686092725023627,-0.12095673072639634,0.01278409090909091,0.08948863636363637,0.0749469209765752,32.0,0.5013528138528139,0.0010969168615241533,sleep,tf,3
2,real_eeg_ridge,Z,5631,2112,32,16,-0.0006402255676221102,0.0004522058879956603,0.01735931885147665,0.011884138453751802,-0.1273528689013974,0.010416666666666666,0.06534090909090909,0.06761673448969158,32.0,0.4986396705146705,0.008198853641496334,sleep,tf,3
2,shifted_null_ridge,Z,5631,2112,32,16,-0.01208682041578868,-0.017140078358352184,0.00025345924118345,0.007028236286714673,-0.13003252034769308,0.015151515151515152,0.0771780303030303,0.0733953036390314,33.0,0.4992183742183742,-0.00043865102654440445,sleep,tf,3
2,time_only_ridge,Z,5631,2112,32,16,-0.0010332843303331174,0.00747775798663497,-0.002217870024155259,-0.004734682850539684,-0.0012750877785057124,0.016098484848484848,0.07954545454545454,0.07329754946763178,33.0,0.49455868205868203,-0.0012360475337611367,sleep,tf,3
2,time_residual_eeg_ridge,Z_time_resid,5631,2112,32,16,-0.0005251880920695839,0.0010165236017201096,0.008632098931377985,0.00729538407176733,-0.127588985587328,0.010416666666666666,0.06818181818181818,0.06788181431846436,32.0,0.497219215969216,0.00462804153657103,sleep,tf,3
2,time_residual_shifted_null,Z_time_resid,5631,2112,32,16,-0.00501754919787345,-0.002911539748311043,-0.005140002322811845,-0.01710754632949829,-0.14235437675553708,0.015625,0.07765151515151515,0.07472674493250431,33.0,0.49555826118326124,-0.0067090129492029,sleep,tf,3
3,real_eeg_ridge,Z,5586,2112,32,16,-0.0005730872208005167,0.0011793035228038207,0.009913612410485079,0.019925971515476704,-0.12440588930193974,0.017518939393939392,0.07291666666666667,0.07565755548559483,32.0,0.5002780784030785,0.004806708162967129,sleep,tf,3
3,shifted_null_ridge,Z,5586,2112,32,16,0.0012557294935504615,0.0003417245970922522,0.006186952820716022,0.011953585781157017,-0.11231600133664399,0.020833333333333332,0.08712121212121213,0.07964989574004994,32.0,0.5065235690235691,0.007516518393381468,sleep,tf,3
3,time_only_ridge,Z,5586,2112,32,16,0.003726877963345032,0.010146353393793106,0.010602990645484204,0.005983335897326469,-0.001584911521293142,0.013731060606060606,0.07575757575757576,0.0719559590316811,32.0,0.5022546897546898,0.0034899141094859166,sleep,tf,3
3,time_residual_eeg_ridge,Z_time_resid,5586,2112,32,16,1.1644733604043722e-06,0.0038069274742156267,0.0063561338463593775,0.011460460256785154,-0.12350162308779455,0.017045454545454544,0.07765151515151515,0.07490870807296532,32.0,0.49985720298220304,0.001930282885929445,sleep,tf,3
3,time_residual_shifted_null,Z_time_resid,5586,2112,32,16,-0.0010266922226946917,-0.0021905198809690773,-0.009778068402752207,-0.010072811972349882,-0.1250108261802214,0.013257575757575758,0.06628787878787878,0.06951650399409373,33.0,0.4936568061568062,-0.007724818875443824,sleep,tf,3
1,real_eeg_ridge,Z,5586,2112,32,16,-0.0032969309413601877,-0.009303467348217964,0.006487415684632376,0.005158165004104376,-0.11005144222499186,0.016571969696969696,0.08522727272727272,0.07623390867472274,32.0,0.5012250481000482,0.003450819669010449,sleep,tf,4
1,shifted_null_ridge,Z,5586,2112,32,16,0.0025352253524033586,0.0019388319342397153,0.00032871768294998304,-0.0004311546290409751,-0.1232342680763987,0.011837121212121212,0.07339015151515152,0.07033540975888487,32.0,0.4995866402116402,-0.003086765132462287,sleep,tf,4
1,time_only_ridge,Z,5586,2112,32,16,0.005818048608489335,0.005891907028853893,-0.01777020947918462,-0.024122294038534164,-0.008065929364113211,0.014678030303030304,0.07196969696969698,0.07009547660301295,33.5,0.489590848965849,-0.023002031039690115,sleep,tf,4
1,time_residual_eeg_ridge,Z_time_resid,5586,2112,32,16,-0.0019992214165540645,-0.008400674210861325,0.0194582427526863,0.009573563002049923,-0.10667405580559208,0.016571969696969696,0.08475378787878787,0.07731924451343178,32.0,0.5087106180856181,0.016751264307822783,sleep,tf,4
1,time_residual_shifted_null,Z_time_resid,5586,2112,32,16,-0.006064127703211852,-0.004815318621695042,-0.004128823077287576,-0.0042668263195082545,-0.12159291922167736,0.011363636363636364,0.0771780303030303,0.07179880521460939,33.0,0.4983691077441078,0.0018031337544716305,sleep,tf,4
2,real_eeg_ridge,Z,5631,2112,32,16,-0.00021925048440607497,0.0008192180976038799,0.01048041121886413,-0.004796691471710801,-0.12727765694315019,0.011363636363636364,0.07291666666666667,0.07158878957874698,33.0,0.4993160774410775,0.0016692625769651945,sleep,tf,4
2,shifted_null_ridge,Z,5631,2112,32,16,-0.006052193166397046,-0.0004992479225620627,0.00232109668183794,0.003031709580682218,-0.13365065115443042,0.014204545454545454,0.07386363636363637,0.07325702406127102,33.0,0.4982263107263108,-0.002277848214747186,sleep,tf,4
2,time_only_ridge,Z,5631,2112,32,16,-0.0026776836857607123,0.0032403169898316264,-0.00033324965550656833,-0.0056052496656775475,-0.0011373121716120593,0.016098484848484848,0.0771780303030303,0.07364624518522378,33.0,0.4954906204906204,-0.0007957897956365446,sleep,tf,4
2,time_residual_eeg_ridge,Z_time_resid,5631,2112,32,16,-0.00011909202294191346,-0.0011528604663908482,0.006582758959280689,-0.004558835411444306,-0.12672825617353256,0.014204545454545454,0.08096590909090909,0.07481218328791579,33.0,0.4984968734968735,0.0015783822026533985,sleep,tf,4
2,time_residual_shifted_null,Z_time_resid,5631,2112,32,16,-0.004559819813948707,-0.0051031862385571,0.003614831643243509,-0.00636087660677731,-0.14863847031733668,0.015151515151515152,0.07765151515151515,0.07397316909790887,33.0,0.5007290163540163,0.0014539637644886384,sleep,tf,4
3,real_eeg_ridge,Z,5586,2112,32,16,0.0003414276652620174,-0.0024604018544778228,0.013511297315165972,0.020003422163426876,-0.12876972964453337,0.016098484848484848,0.07765151515151515,0.07429439408970646,33.0,0.49777537277537276,0.0029701527951094936,sleep,tf,4
3,shifted_null_ridge,Z,5586,2112,32,16,0.0035016183901461773,-0.004071842064149678,0.0042646372494897205,-0.002137332921847701,-0.09831518901207015,0.018465909090909092,0.08380681818181818,0.07813873666926346,33.0,0.504825036075036,0.006992591090804971,sleep,tf,4
3,time_only_ridge,Z,5586,2112,32,16,0.004552258058538428,0.007769293617457151,0.01370432296964926,0.010601321700960398,-0.002165160781458342,0.013257575757575758,0.07575757575757576,0.07171968345160595,32.0,0.5024576118326118,0.0013486396759391321,sleep,tf,4
3,time_residual_eeg_ridge,Z_time_resid,5586,2112,32,16,0.0008493628411088139,-0.001262605539523065,0.005160529824327871,0.0058389713522046804,-0.12768033670632906,0.016098484848484848,0.07670454545454546,0.07432654382106496,33.0,0.49610690235690236,-0.0008430666464110914,sleep,tf,4
3,time_residual_shifted_null,Z_time_resid,5586,2112,32,16,-0.001196232166421396,-0.0012503640682552941,-0.004872084147791611,-0.014920264482498169,-0.11149405786904754,0.017992424242424244,0.07386363636363637,0.07511049716908408,33.0,0.49702380952380953,-0.0030226852162571344,sleep,tf,4
1,real_eeg_ridge,Z,5586,2112,32,16,-0.003508961347506556,-0.004535451997071505,-0.001293463979154143,-0.000919355166843161,-0.11339916447153353,0.017045454545454544,0.07623106060606061,0.07351789868554442,33.0,0.49627224627224625,-0.0008156017194050499,sleep,tf,5
1,shifted_null_ridge,Z,5586,2112,32,16,0.002773411037196638,0.002136518363840878,0.0007010727511745548,-0.001974993443582207,-0.12169781798895651,0.016571969696969696,0.07386363636363637,0.07356150685716535,33.0,0.500308140933141,-0.0011121270273140866,sleep,tf,5
1,time_only_ridge,Z,5586,2112,32,16,0.007406821576296352,0.00833506602793932,-0.014085667195586488,-0.024431590922176838,-0.007732747722928979,0.013731060606060606,0.07102272727272728,0.07113848302890476,34.0,0.4894255050505051,-0.021700070931126653,sleep,tf,5
1,time_residual_eeg_ridge,Z_time_resid,5586,2112,32,16,-0.0023854897710862133,-0.0028445144271245226,0.01518343148869104,0.013704527635127306,-0.10902526814214131,0.01893939393939394,0.08428030303030302,0.07784049036946543,32.0,0.5075682419432419,0.014544974700922286,sleep,tf,5
1,time_residual_shifted_null,Z_time_resid,5586,2112,32,16,-0.004607526800100459,-0.004775353008881211,-0.009097134984833909,-0.01866259891539812,-0.11934065394356042,0.01278409090909091,0.08238636363636363,0.07287215838648203,33.0,0.4963248556998558,-0.0021260992486460692,sleep,tf,5
2,real_eeg_ridge,Z,5631,2112,32,16,-0.004685395968408557,-0.0100892367772758,0.00746504338638598,0.00526182958856225,-0.12762950274789286,0.010890151515151516,0.07291666666666667,0.06855515621383802,33.0,0.49663299663299654,-0.004710379345302526,sleep,tf,5
2,shifted_null_ridge,Z,5631,2112,32,16,-0.007925409601057254,-0.005649524973705411,-0.006993578481976301,0.00071144406683743,-0.13289853931979656,0.013257575757575758,0.07149621212121213,0.0697931564788512,33.0,0.49143217893217894,-0.009652932443192656,sleep,tf,5
2,time_only_ridge,Z,5631,2112,32,16,-0.005265313917334424,-0.005637499620206654,0.0023995494372381168,-0.004043518682010472,-0.001136388731726834,0.016571969696969696,0.07954545454545454,0.07470379885955339,33.0,0.49950396825396837,0.00239742285971689,sleep,tf,5
2,time_residual_eeg_ridge,Z_time_resid,5631,2112,32,16,-0.004387798211610061,-0.00967386132106185,0.002918677727011114,0.0029744578059762716,-0.12734722145839306,0.01278409090909091,0.07670454545454546,0.07073939323956596,33.0,0.496482683982684,-0.003538877888925439,sleep,tf,5
2,time_residual_shifted_null,Z_time_resid,5631,2112,32,16,-0.008058135343162576,-0.010796685237437487,-0.0002902437376399052,-0.011897566262632608,-0.15114234163022822,0.016571969696969696,0.07481060606060606,0.07382850811194058,33.0,0.49528769841269843,-0.0013588916086807214,sleep,tf,5
3,real_eeg_ridge,Z,5586,2112,32,16,0.0012686460686381906,0.001813459093682468,0.011658143223416339,0.013014940079301596,-0.11795460682643699,0.014678030303030304,0.078125,0.07365519562400037,33.0,0.499549062049062,0.000848000372761865,sleep,tf,5
3,shifted_null_ridge,Z,5586,2112,32,16,0.005294229017181351,0.0015880385544733144,0.0029769660279794843,-0.003297509392723441,-0.09924723145090719,0.017045454545454544,0.08428030303030302,0.07704406343588431,32.0,0.504148629148629,0.006009901602638106,sleep,tf,5
3,time_only_ridge,Z,5586,2112,32,16,0.006066211028610269,0.009006226435303688,0.014305767215966736,0.012056933715939522,-0.0020176586158844323,0.013257575757575758,0.07623106060606061,0.07234946204559087,32.0,0.5022772366522367,0.0010623859512555473,sleep,tf,5
3,time_residual_eeg_ridge,Z_time_resid,5586,2112,32,16,0.0016664933700667461,0.0032753688283264637,0.009581994602547527,0.008672112599015236,-0.11699098867092927,0.015151515151515152,0.078125,0.07398763315921777,32.0,0.5015106421356421,0.0021741534423824114,sleep,tf,5
3,time_residual_shifted_null,Z_time_resid,5586,2112,32,16,0.0006517590682051377,-0.001012887485558167,-0.009828542309716078,-0.01726350001990795,-0.11268294433409265,0.015625,0.07291666666666667,0.07223568196779015,34.0,0.49419793169793175,-0.005707291094107679,sleep,tf,5
1,real_eeg_ridge,Z,5586,2112,32,16,-0.0002711388988245744,-0.004908974282443523,-0.0003956914208836017,-0.002737263683229685,-0.11967050370146781,0.014204545454545454,0.07670454545454546,0.07253651253179506,32.0,0.49993987493987496,-0.0019170653820106158,sleep,tf,6
1,shifted_null_ridge,Z,5586,2112,32,16,0.0008606272253928182,0.0022612662287428975,0.008815665464350208,0.011235643643885851,-0.12041955195611687,0.013731060606060606,0.08001893939393939,0.07531848802051591,31.0,0.5099657287157289,0.007773029264966276,sleep,tf,6
1,time_only_ridge,Z,5586,2112,32,16,0.005968904464680236,0.01108507625758648,-0.008304191862428277,-0.015689666848629713,-0.007701101326334836,0.014678030303030304,0.07386363636363637,0.0713323017995388,33.0,0.4894029581529582,-0.01811858181968705,sleep,tf,6
1,time_residual_eeg_ridge,Z_time_resid,5586,2112,32,16,0.0005699516150343698,-0.004112329799681902,0.007840150910799986,0.015218458138406277,-0.11491217079141669,0.013257575757575758,0.08285984848484848,0.0747029658827444,31.0,0.5082371332371332,0.007621693044928778,sleep,tf,6
1,time_residual_shifted_null,Z_time_resid,5586,2112,32,16,-0.002038905769950361,-0.001271845685550943,-0.017741215745300822,-0.014577120076864958,-0.1280237005703886,0.017045454545454544,0.078125,0.07475161515768598,34.0,0.49340879028379026,-0.010655217032267978,sleep,tf,6
2,real_eeg_ridge,Z,5631,2112,32,16,-0.006944649947399739,-0.0073551267851144075,0.011899726465151505,0.0017704386846162379,-0.13589492758809762,0.011363636363636364,0.06865530303030302,0.06957420550914827,33.0,0.49862463924963923,-0.0014117071958275691,sleep,tf,6
2,shifted_null_ridge,Z,5631,2112,32,16,-0.006690220687232795,-0.00677305250428617,-0.0031702828642582144,0.010850565042346716,-0.13498102645715382,0.01278409090909091,0.07528409090909091,0.07192287301464437,32.0,0.49688101250601246,-0.006595485601842813,sleep,tf,6
2,time_only_ridge,Z,5631,2112,32,16,-0.004423182415848714,-0.0036026863381266594,0.00460430736873632,0.0015704898978583515,-0.001241044593582874,0.014678030303030304,0.07954545454545454,0.07311738588438522,32.0,0.501330266955267,0.004044769285729266,sleep,tf,6
2,time_residual_eeg_ridge,Z_time_resid,5631,2112,32,16,-0.006274461159819111,-0.006214662920683622,0.0029824439890503663,-0.0006437756237573922,-0.1354853169077621,0.01231060606060606,0.06912878787878787,0.0702277008712601,32.0,0.49654280904280895,-0.0026042552608321005,sleep,tf,6
2,time_residual_shifted_null,Z_time_resid,5631,2112,32,16,-0.00196214013521967,-0.001947163138538599,-0.0034442889563541194,-0.01427991408854723,-0.1489477906003902,0.018465909090909092,0.07339015151515152,0.07381949164694258,33.0,0.4923941798941799,-0.005126825494549274,sleep,tf,6
3,real_eeg_ridge,Z,5586,2112,32,16,0.002416731030507435,0.0016419299245171715,0.020836563544175093,0.016685613431036472,-0.11514504067991238,0.015151515151515152,0.07291666666666667,0.07147432314812859,32.0,0.503990800865801,0.009031205248030208,sleep,tf,6
3,shifted_null_ridge,Z,5586,2112,32,16,0.0005773800712631783,-0.003260829020291567,-0.006609822820224029,-0.008679113816469908,-0.1031671322828418,0.020833333333333332,0.08759469696969698,0.07904002101156639,33.0,0.49959415584415595,-0.0010043717804966437,sleep,tf,6
3,time_only_ridge,Z,5586,2112,32,16,0.008555173394142912,0.013500685803592205,0.014807605111205688,0.01163083640858531,-0.0019590919062681955,0.016571969696969696,0.07623106060606061,0.0746399576753526,32.0,0.5016233766233766,0.00037018898185000183,sleep,tf,6
3,time_residual_eeg_ridge,Z_time_resid,5586,2112,32,16,0.0029486066923709586,0.0005919742397964001,0.014149621852663007,0.01605213712900877,-0.1156827397445428,0.013257575757575758,0.07339015151515152,0.0704766939368497,32.0,0.5007891414141414,0.006296198688736566,sleep,tf,6
3,time_residual_shifted_null,Z_time_resid,5586,2112,32,16,-0.00802165933419019,-0.006682466948404908,-0.016885978447949885,-0.01389950467273593,-0.12725375076028933,0.015151515151515152,0.08001893939393939,0.07368388374051855,34.0,0.4895006613756613,-0.013800459311942966,sleep,tf,6
1,real_eeg_ridge,Z,5586,2112,32,16,0.0037005592184868874,0.0005337691109161824,-0.00046276982162095066,0.0004692621005233377,-0.11760193765019622,0.011837121212121212,0.0771780303030303,0.07085777730651652,32.0,0.4972267316017317,-0.0019069814642322692,sleep,tf,7
1,shifted_null_ridge,Z,5586,2112,32,16,0.00042320544525864534,-0.0026542710256762803,0.005667639383042997,0.01023092307150364,-0.12339844424842883,0.016571969696969696,0.08285984848484848,0.07706722470116813,32.0,0.5029987373737373,0.0029970577928051015,sleep,tf,7
1,time_only_ridge,Z,5586,2112,32,16,0.005712301481253235,0.009114138782024384,-0.003400244042688538,-0.011252005118876696,-0.007561135999141211,0.014678030303030304,0.07149621212121213,0.0722192303798594,34.0,0.4915824915824917,-0.015081362683113001,sleep,tf,7
1,time_residual_eeg_ridge,Z_time_resid,5586,2112,32,16,0.004349850717517256,0.0007487465481972322,0.007943381216068012,0.0014035413041710854,-0.11268057639366336,0.01231060606060606,0.0771780303030303,0.0728775278715458,32.0,0.5034872534872535,0.0072056665413100535,sleep,tf,7
1,time_residual_shifted_null,Z_time_resid,5586,2112,32,16,-0.0019771274219237966,-0.0016547032100788783,-0.020876868354827657,-0.010858066845685244,-0.13551961020207837,0.013257575757575758,0.07339015151515152,0.06971694868272811,33.0,0.4942580567580568,-0.01054176718304067,sleep,tf,7
2,real_eeg_ridge,Z,5631,2112,32,16,-0.0037585201462206896,0.001380245026666671,0.007409098121339604,0.007698845351114869,-0.13884388584573548,0.016571969696969696,0.07433712121212122,0.07480448937266723,33.0,0.4956935425685426,-0.00542601073457305,sleep,tf,7
2,shifted_null_ridge,Z,5631,2112,32,16,-0.0009262592066079378,0.0031729743350297213,-0.01907907580954832,-0.015518554486334324,-0.15056214492624842,0.016098484848484848,0.07244318181818182,0.07292591601507918,34.0,0.4871933621933622,-0.02122405475658481,sleep,tf,7
2,time_only_ridge,Z,5631,2112,32,16,-0.0030520997006533435,-0.002072015806334093,0.003641978681688477,0.002289092051796615,-0.0014402182060295754,0.014678030303030304,0.07196969696969698,0.07191606171867249,32.0,0.5012175324675324,0.0020489158438874865,sleep,tf,7
2,time_residual_eeg_ridge,Z_time_resid,5631,2112,32,16,-0.0027544986114662606,0.0010298035922460258,-0.0008781059230827713,0.008598965127021074,-0.13860328609180095,0.018465909090909092,0.07481060606060606,0.07512981006470863,32.0,0.49548310485810493,-0.005290369651626875,sleep,tf,7
2,time_residual_shifted_null,Z_time_resid,5631,2112,32,16,-0.0022440341490437277,-0.003486510831862688,-0.008781400469464037,-0.018962283618748188,-0.14709397785658873,0.014204545454545454,0.0771780303030303,0.07132160362942157,33.0,0.493619227994228,-0.008506366956449248,sleep,tf,7
3,real_eeg_ridge,Z,5586,2112,32,16,0.006166336588648846,0.0023937650839798152,0.01386805992900587,0.019356930628418922,-0.1257622590349592,0.015151515151515152,0.07386363636363637,0.07424800788112981,32.0,0.5061252405002405,0.007980399467630631,sleep,tf,7
3,shifted_null_ridge,Z,5586,2112,32,16,0.00042291550471418304,-0.0007464789814548567,0.00020780589905674182,0.002914774348028004,-0.10301780373492697,0.016571969696969696,0.08096590909090909,0.0765684669380106,31.0,0.5062830687830687,0.0056577187867365725,sleep,tf,7
3,time_only_ridge,Z,5586,2112,32,16,0.009926516893756343,0.01667399751022458,0.015789252374657513,0.017772835679352283,-0.002130478133060665,0.013731060606060606,0.08096590909090909,0.07462836552380125,32.0,0.5042162698412699,-0.0003376860158031975,sleep,tf,7
3,time_residual_eeg_ridge,Z_time_resid,5586,2112,32,16,0.00648657194324187,0.002033383527304977,0.01358276789771866,0.02386856358498335,-0.12685663257513835,0.015151515151515152,0.07859848484848485,0.07438494024639275,31.0,0.5088909932659933,0.008821755717735741,sleep,tf,7
3,time_residual_shifted_null,Z_time_resid,5586,2112,32,16,0.0038443046300926653,0.0016080954737844877,-0.009948609877745073,-0.005574047565460205,-0.12966201818887657,0.019412878787878788,0.08759469696969698,0.07930728063961712,33.0,0.5005486411736412,-0.005712420710314131,sleep,tf,7
1,real_eeg_ridge,Z,5586,2112,32,16,0.0051566700894909445,0.007805062457919121,0.015151852914260817,0.009349693078547716,-0.11071468974604604,0.015151515151515152,0.07765151515151515,0.07505408440173313,32.0,0.5037803631553632,0.010000124065253264,sleep,tf,8
1,shifted_null_ridge,Z,5586,2112,32,16,0.00011681742580549326,-0.004556848667562008,0.006317530249437671,-0.0038322180043905973,-0.12293464486887218,0.016571969696969696,0.08143939393939394,0.07491648526556759,33.0,0.499120670995671,0.005066909946254319,sleep,tf,8
1,time_only_ridge,Z,5586,2112,32,16,0.005100031832625973,0.007132217986509204,-0.004945095988549645,-0.026791788637638092,-0.007571497053358689,0.01231060606060606,0.07339015151515152,0.07090698868687577,34.0,0.49104888167388167,-0.014881996311393565,sleep,tf,8
1,time_residual_eeg_ridge,Z_time_resid,5586,2112,32,16,0.005849548302649055,0.006328198593109846,0.0201081443669726,0.01739876251667738,-0.10661122697397274,0.015625,0.08664772727272728,0.07728547121644416,32.0,0.5109502765752766,0.01695111496382021,sleep,tf,8
1,time_residual_shifted_null,Z_time_resid,5586,2112,32,16,-0.0034674524104048032,0.0016440729959867895,-0.02053867514698802,-0.01465805247426033,-0.13329396203973998,0.017518939393939392,0.07386363636363637,0.07430631301971968,33.0,0.49517496392496396,-0.010281589589932066,sleep,tf,8
2,real_eeg_ridge,Z,5631,2112,32,16,-0.004637819522940845,-0.002992644440382719,0.007890940794685306,0.004902922548353672,-0.13726617446316358,0.018465909090909092,0.08617424242424243,0.07748126671061994,33.0,0.49413029100529093,-0.0063486922632944,sleep,tf,8
2,shifted_null_ridge,Z,5631,2112,32,16,-0.000258184496146896,-0.0034884512424468994,-0.01919502064213179,-0.03238799422979355,-0.16094703369602414,0.015625,0.07575757575757576,0.07188440704029488,35.0,0.4812334656084656,-0.02189356313683458,sleep,tf,8
2,time_only_ridge,Z,5631,2112,32,16,-0.0022560459801752586,0.0003520836471579969,-0.0024577009765321786,0.006165730534121394,-0.0014913317761295897,0.015151515151515152,0.06865530303030302,0.07133225372029413,33.0,0.49708393458393463,-0.004047945884197086,sleep,tf,8
2,time_residual_eeg_ridge,Z_time_resid,5631,2112,32,16,-0.0035096081119263545,-0.0037259901873767376,0.002124679536626156,0.00828470941632986,-0.1359827991787841,0.020359848484848484,0.08333333333333333,0.07771480566369647,32.0,0.4987148268398268,-0.0033100922144143965,sleep,tf,8
2,time_residual_shifted_null,Z_time_resid,5631,2112,32,16,0.005019414119260546,0.0037470589159056544,-0.00019846634391438838,0.012856473680585623,-0.14489694254588814,0.016571969696969696,0.08096590909090909,0.07567960406332243,32.0,0.5003607503607503,-0.0004951148709569111,sleep,tf,8
3,real_eeg_ridge,Z,5586,2112,32,16,0.000123066743981326,-0.002197679306846112,0.01346271609425373,0.014470575377345085,-0.13364823609097498,0.01231060606060606,0.07481060606060606,0.06976748652587719,32.0,0.5021344396344397,0.005242193026659272,sleep,tf,8
3,shifted_null_ridge,Z,5586,2112,32,16,0.0026075182686327025,0.002825496019795537,-0.008339933003767466,-0.021019596606492996,-0.10882497035153871,0.020359848484848484,0.08475378787878787,0.07849163860898928,33.0,0.4947014790764791,-0.0020775291405806967,sleep,tf,8
3,time_only_ridge,Z,5586,2112,32,16,0.01183167285489617,0.01761519256979227,0.012427916151836776,0.010250881779938936,-0.00217592601597838,0.016098484848484848,0.08522727272727272,0.07608024318791794,32.0,0.5033294252044253,-0.0030998464837527617,sleep,tf,8
3,time_residual_eeg_ridge,Z_time_resid,5586,2112,32,16,8.666433859616518e-05,0.00033105257898569107,0.004424820440170041,-0.0008610577788203955,-0.1350232880400155,0.01278409090909091,0.0771780303030303,0.0710627107730031,33.0,0.49772276334776333,-0.001199514791648387,sleep,tf,8
3,time_residual_shifted_null,Z_time_resid,5586,2112,32,16,-0.003265582796302624,-0.005352473119273782,-0.017083017621113566,-0.01137172756716609,-0.14573089169690023,0.014204545454545454,0.06912878787878787,0.07078393261824867,33.0,0.4908309283309283,-0.015493222430674209,sleep,tf,8
